"they<br><span style='font-size:14px'>Shoppers who would ignore an item at its original price suddenly want it, not because <b>they</b> need it but because they feel they would be foolish to miss the opportunity.</span>",pron. ★他们 / 她们 / 它们 / 人们<br>按原价时根本不会看一眼的购物者，突然就想要了，不是因为需要，而是因为觉得错过这个机会太蠢。<br><i>2021年12月 第1套 · 仔细阅读 · Passage One</i><br>—,A
"for<br><span style='font-size:14px'>Nature reserves are usually drawn on maps as if the land were empty, but in most cases people have lived on it <b>for</b> generations.</span>",prep./conj. ★为了 / 因为 / 给 / 持续<br>自然保护区在地图上画出来时，那片土地仿佛是空的，但在多数情况下，人们已经在那里世代居住。<br><i>2021年12月 第1套 · 仔细阅读 · Passage Two</i><br>for the sake of 为了,A
"are<br><span style='font-size:14px'>Experiments show that customers <b>are</b> more likely to buy when they can see the comparison, even when the so-called original price was never actually charged.</span>",v./aux. ★是 / 存在(be 的复数)<br>实验表明，只要能看到对照，顾客就更可能下单，哪怕那个所谓的原价其实从未真正收过。<br><i>2021年12月 第1套 · 仔细阅读 · Passage One</i><br>—,A
"who<br><span style='font-size:14px'>Shoppers <b>who</b> would ignore an item at its original price suddenly want it, not because they need it but because they feel they would be foolish to miss the opportunity.</span>",pron. ★谁 / …的人 / 他/她<br>按原价时根本不会看一眼的购物者，突然就想要了，不是因为需要，而是因为觉得错过这个机会太蠢。<br><i>2021年12月 第1套 · 仔细阅读 · Passage One</i><br>—,A
"not<br><span style='font-size:14px'>Shoppers who would ignore an item at its original price suddenly want it, <b>not</b> because they need it but because they feel they would be foolish to miss the opportunity.</span>",adv. ★不 / 没有 / 并非<br>按原价时根本不会看一眼的购物者，突然就想要了，不是因为需要，而是因为觉得错过这个机会太蠢。<br><i>2021年12月 第1套 · 仔细阅读 · Passage One</i><br>not at all 一点也不,A
"have<br><span style='font-size:14px'>Nature reserves are usually drawn on maps as if the land were empty, but in most cases people <b>have</b> lived on it for generations.</span>",v./aux. ★有 / 使 / 吃 / 已经(构成完成时)<br>自然保护区在地图上画出来时，那片土地仿佛是空的，但在多数情况下，人们已经在那里世代居住。<br><i>2021年12月 第1套 · 仔细阅读 · Passage Two</i><br>have to 必须,A
"has<br><span style='font-size:14px'>Interest, meanwhile, <b>has</b> a practical value that is easy to overlook: students who are genuinely curious study harder, absorb material faster, and are more willing to persist when a course becomes difficult.</span>",v./aux. ★有(have 的第三人称单数)<br>与此同时，兴趣有一种容易被忽视的实用价值：真正好奇的学生学得更投入、吸收更快，也更愿意在课程变难时坚持下去。<br><i>2021年6月 第1套 · 仔细阅读 · Passage Two</i><br>has to 必须,A
"than<br><span style='font-size:14px'>A study that examined millions of messages shared online reached an uncomfortable conclusion: false information travels faster, further and deeper <b>than</b> accurate information.</span>",conj./prep. ★比 / 与…相比<br>一项研究了数百万条网络转发信息的研究，得出了一个令人不安的结论：虚假信息比真实信息传得更快、更远、更深。<br><i>2021年6月 第1套 · 仔细阅读 · Passage One</i><br>more than 超过,A
"more<br><span style='font-size:14px'>Experiments show that customers are <b>more</b> likely to buy when they can see the comparison, even when the so-called original price was never actually charged.</span>",adj./adv. ★更多的 / 更 / 另外的<br>实验表明，只要能看到对照，顾客就更可能下单，哪怕那个所谓的原价其实从未真正收过。<br><i>2021年12月 第1套 · 仔细阅读 · Passage One</i><br>more or less 差不多,A
"their<br><span style='font-size:14px'>When a reserve is created, those residents may suddenly find that the activities which fed <b>their</b> families are now forbidden, while the animals they were asked to protect destroy their crops.</span>",pron. ★他们的 / 她们的 / 它们的<br>保护区一设立，这些居民可能突然发现，养活一家人的营生现在被禁止了，而他们被要求保护的动物却毁了他们的庄稼。<br><i>2021年12月 第1套 · 仔细阅读 · Passage Two</i><br>—,A
"student<br><span style='font-size:14px'>Every year, families argue about the same question: should a <b>student</b> choose the subject they love, or the one that leads to a secure job?</span>",n. ★学生 / 大学生 / 研究者<br>每年，家家户户都在争论同一个问题：学生该选自己喜欢的专业，还是选好就业的那个？<br><i>2021年6月 第1套 · 仔细阅读 · Passage Two</i><br>college student 大学生,A
"people<br><span style='font-size:14px'>to the question ""will I regret leaving it? <b>People</b> are not irrational to enjoy a bargain.</span>",n. ★人们 / 人民 / 民族 / 国民 / 家人<br>人们喜欢捡便宜并不算不理性。<br><i>2021年12月 第1套 · 仔细阅读 · Passage One</i><br>young people 年轻人,A
with<br><span style='font-size:14px'>Conservationists sometimes regard such arrangements as a compromise <b>with</b> principle.</span>,prep. ★和…一起 / 具有 / 用 / 由于<br>环保人士有时认为这种安排是对原则的妥协。<br><i>2021年12月 第1套 · 仔细阅读 · Passage Two</i><br>along with 连同,A
"them<br><span style='font-size:14px'>People share material that expresses emotion, and rumours tend to be written in emotional language, whereas corrections are sober and careful, which makes <b>them</b> far less attractive.</span>",pron. ★他们 / 她们 / 它们<br>人们会转发带有情绪的内容，而谣言往往用情绪化的语言写成，相比之下辟谣文字克制而谨慎，吸引力就差得多。<br><i>2021年6月 第1套 · 仔细阅读 · Passage One</i><br>—,A
"can<br><span style='font-size:14px'>Experiments show that customers are more likely to buy when they <b>can</b> see the comparison, even when the so-called original price was never actually charged.</span>",v./aux. ★能 / 可以 / 可能<br>实验表明，只要能看到对照，顾客就更可能下单，哪怕那个所谓的原价其实从未真正收过。<br><i>2021年12月 第1套 · 仔细阅读 · Passage One</i><br>—,A
from<br><span style='font-size:14px'>Economists call this the transaction utility: the pleasure comes not <b>from</b> the object but from the bargain itself.</span>,"prep. ★从 / 来自 / 由于<br>经济学家称之为交易效用：快感不来自商品本身，而来自""捡了便宜""这件事。<br><i>2021年12月 第1套 · 仔细阅读 · Passage One</i><br>apart from 除…之外",A
"year<br><span style='font-size:14px'>Where villagers are employed as guides, or where a proportion of the entrance fee is returned to the community, attitudes change within a few <b>years</b>, and local residents begin to report illegal hunting themselves.</span>",n. ★年 / 年份 / 学年 / 岁<br>在村民被雇来做导游、或门票收入有一部分返还给社区的地方，几年之内态度就会转变，当地居民甚至会主动举报非法狩猎。<br><i>2021年12月 第1套 · 仔细阅读 · Passage Two</i><br>over the years 多年来,A
this<br><span style='font-size:14px'>Economists call <b>this</b> the transaction utility: the pleasure comes not from the object but from the bargain itself.</span>,"adj./pron. ★这 / 这个 / 这样<br>经济学家称之为交易效用：快感不来自商品本身，而来自""捡了便宜""这件事。<br><i>2021年12月 第1套 · 仔细阅读 · Passage One</i><br>—",A
"time<br><span style='font-size:14px'>For routine matters, such as renewing a prescription or discussing test results, the telephone or a video call is clearly sufficient, and it saves both the patient and the hospital a great deal of <b>time</b>.</span>","n. ★时间 / 次,回 / 时代 / 时机 / 倍数<br>对于续方、讨论检查结果这类常规事务，电话或视频显然已经足够，而且为病人和医院都省下大量时间。<br><i>2022年12月 第1套 · 仔细阅读 · Passage Two</i><br>at the same time 同时",A
"were<br><span style='font-size:14px'>Nature reserves are usually drawn on maps as if the land <b>were</b> empty, but in most cases people have lived on it for generations.</span>",v./aux. ★是(be 的过去式复数)<br>自然保护区在地图上画出来时，那片土地仿佛是空的，但在多数情况下，人们已经在那里世代居住。<br><i>2021年12月 第1套 · 仔细阅读 · Passage Two</i><br>—,A
"when<br><span style='font-size:14px'>Experiments show that customers are more likely to buy <b>when</b> they can see the comparison, even when the so-called original price was never actually charged.</span>",adv./conj. ★什么时候 / 当…时 / 虽然<br>实验表明，只要能看到对照，顾客就更可能下单，哪怕那个所谓的原价其实从未真正收过。<br><i>2021年12月 第1套 · 仔细阅读 · Passage One</i><br>—,A
"become<br><span style='font-size:14px'>Interest, meanwhile, has a practical value that is easy to overlook: students who are genuinely curious study harder, absorb material faster, and are more willing to persist when a course <b>becomes</b> difficult.</span>","v. ★变成,成为 / 变得 / 适合<br>与此同时，兴趣有一种容易被忽视的实用价值：真正好奇的学生学得更投入、吸收更快，也更愿意在课程变难时坚持下去。<br><i>2021年6月 第1套 · 仔细阅读 · Passage Two</i><br>become aware of 意识到",A
"city<br><span style='font-size:14px'>Telemedicine expanded rapidly when patients could not visit clinics, and many of them discovered that a consultation conducted from home was more convenient than a journey across the <b>city</b> followed by an hour in a waiting room.</span>","n. ★城市,都市 / 全市居民<br>当病人无法到诊所时，远程医疗迅速铺开，许多病人发现在家问诊，比横穿城市再在候诊室坐上一小时要方便得多。<br><i>2022年12月 第1套 · 仔细阅读 · Passage Two</i><br>city centre 市中心",A
"was<br><span style='font-size:14px'>Experiments show that customers are more likely to buy when they can see the comparison, even when the so-called original price <b>was</b> never actually charged.</span>",v./aux. ★是(be 的过去式单数)<br>实验表明，只要能看到对照，顾客就更可能下单，哪怕那个所谓的原价其实从未真正收过。<br><i>2021年12月 第1套 · 仔细阅读 · Passage One</i><br>—,A
"which<br><span style='font-size:14px'>Retailers understand the mechanism perfectly, <b>which</b> is why the original price is almost always displayed beside the reduced one.</span>",pron./adj. ★哪一个 / …的那个 / 关系代词<br>零售商对这套机制了如指掌，所以降价旁边几乎总会标出原价。<br><i>2021年12月 第1套 · 仔细阅读 · Passage One</i><br>—,A
"because<br><span style='font-size:14px'>Shoppers who would ignore an item at its original price suddenly want it, not <b>because</b> they need it but because they feel they would be foolish to miss the opportunity.</span>",conj. ★因为 / 由于<br>按原价时根本不会看一眼的购物者，突然就想要了，不是因为需要，而是因为觉得错过这个机会太蠢。<br><i>2021年12月 第1套 · 仔细阅读 · Passage One</i><br>because of 因为,A
"find<br><span style='font-size:14px'>When a reserve is created, those residents may suddenly <b>find</b> that the activities which fed their families are now forbidden, while the animals they were asked to protect destroy their crops.</span>",v./n. ★找到 / 发现 / 认为 / 感到 / 裁决 / 发现物<br>保护区一设立，这些居民可能突然发现，养活一家人的营生现在被禁止了，而他们被要求保护的动物却毁了他们的庄稼。<br><i>2021年12月 第1套 · 仔细阅读 · Passage Two</i><br>find out 查明,A
"rather<br><span style='font-size:14px'>A sensible approach is to treat employment data as information <b>rather</b> than as an instruction, and to ask how a subject can be combined with skills that employers value, such as writing clearly, analysing data or speaking another language.</span>",adv. ★相当 / 宁愿 / 更确切地说<br>明智的做法是把就业数据当作信息而不是指令，并思考如何把一个专业与雇主看重的能力结合起来，比如写得清楚、会分析数据或会说一门外语。<br><i>2021年6月 第1套 · 仔细阅读 · Passage Two</i><br>rather than 而不是,A
"should<br><span style='font-size:14px'>Every year, families argue about the same question: <b>should</b> a student choose the subject they love, or the one that leads to a secure job?</span>",v./aux. ★应该 / 应当 / 万一<br>每年，家家户户都在争论同一个问题：学生该选自己喜欢的专业，还是选好就业的那个？<br><i>2021年6月 第1套 · 仔细阅读 · Passage Two</i><br>—,A
also<br><span style='font-size:14px'>Projects that have succeeded tend to share one feature: the people who bear the cost <b>also</b> receive a share of the benefit.</span>,adv. ★也 / 而且 / 此外<br>凡是成功的项目往往有一个共同点：承担代价的人也能分到好处。<br><i>2021年12月 第1套 · 仔细阅读 · Passage Two</i><br>not only...but also 不仅…而且,A
"work<br><span style='font-size:14px'>Graduates who selected a subject mainly because of its employment prospects are not necessarily happier in their <b>work</b>, and a substantial proportion of them leave the field within five years.</span>",n./v. ★工作 / 职业 / 作品 / 起作用 / 运转<br>主要因为就业前景而选择专业的毕业生，工作时未必更开心，其中相当大一部分人在五年内就离开了这个领域。<br><i>2021年6月 第1套 · 仔细阅读 · Passage Two</i><br>at work 在工作,A
"many<br><span style='font-size:14px'>Telemedicine expanded rapidly when patients could not visit clinics, and <b>many</b> of them discovered that a consultation conducted from home was more convenient than a journey across the city followed by an hour in a waiting room.</span>",adj./pron. ★许多的 / 许多<br>当病人无法到诊所时，远程医疗迅速铺开，许多病人发现在家问诊，比横穿城市再在候诊室坐上一小时要方便得多。<br><i>2022年12月 第1套 · 仔细阅读 · Passage Two</i><br>many a 许多,A
"most<br><span style='font-size:14px'>Nature reserves are usually drawn on maps as if the land were empty, but in <b>most</b> cases people have lived on it for generations.</span>",adj./adv. ★大多数的 / 最 / 非常<br>自然保护区在地图上画出来时，那片土地仿佛是空的，但在多数情况下，人们已经在那里世代居住。<br><i>2021年12月 第1套 · 仔细阅读 · Passage Two</i><br>most of all 最重要的是,A
"now<br><span style='font-size:14px'>When a reserve is created, those residents may suddenly find that the activities which fed their families are <b>now</b> forbidden, while the animals they were asked to protect destroy their crops.</span>",adv. ★现在 / 此刻 / 如今<br>保护区一设立，这些居民可能突然发现，养活一家人的营生现在被禁止了，而他们被要求保护的动物却毁了他们的庄稼。<br><i>2021年12月 第1套 · 仔细阅读 · Passage Two</i><br>for now 目前,A
"one<br><span style='font-size:14px'>Retailers understand the mechanism perfectly, which is why the original price is almost always displayed beside the reduced <b>one</b>.</span>",num./pron. ★一个 / 某个 / 人们<br>零售商对这套机制了如指掌，所以降价旁边几乎总会标出原价。<br><i>2021年12月 第1套 · 仔细阅读 · Passage One</i><br>one by one 一个接一个,A
"study<br><span style='font-size:14px'>A <b>study</b> that examined millions of messages shared online reached an uncomfortable conclusion: false information travels faster, further and deeper than accurate information.</span>",n./v. ★学习 / 研究 / 书房 / 仔细察看<br>一项研究了数百万条网络转发信息的研究，得出了一个令人不安的结论：虚假信息比真实信息传得更快、更远、更深。<br><i>2021年6月 第1套 · 仔细阅读 · Passage One</i><br>a study of 一项关于…的研究,A
"had<br><span style='font-size:14px'>Music is slower at weekends, when shoppers are less hurried and therefore more likely to buy things they <b>had</b> not planned.</span>",v./aux. ★有(have 的过去式) / 构成过去完成时<br>周末的音乐节奏更慢，因为那时购物者不赶时间，更容易买下原本没打算买的东西。<br><i>2022年12月 第1套 · 仔细阅读 · Passage One</i><br>had better 最好,A
"will<br><span style='font-size:14px'>to the question ""<b>will</b> I regret leaving it? People are not irrational to enjoy a bargain.</span>",v./aux. ★将 / 会 / 愿意<br>人们喜欢捡便宜并不算不理性。<br><i>2021年12月 第1套 · 仔细阅读 · Passage One</i><br>—,A
"change<br><span style='font-size:14px'>Where villagers are employed as guides, or where a proportion of the entrance fee is returned to the community, attitudes <b>change</b> within a few years, and local residents begin to report illegal hunting themselves.</span>",n./v. ★变化 / 零钱 / 改变 / 更换<br>在村民被雇来做导游、或门票收入有一部分返还给社区的地方，几年之内态度就会转变，当地居民甚至会主动举报非法狩猎。<br><i>2021年12月 第1套 · 仔细阅读 · Passage Two</i><br>climate change 气候变化,A
some<br><span style='font-size:14px'>Doctors also report that <b>some</b> patients speak more frankly in their own living rooms than they do in a consulting room.</span>,adj./pron. ★一些 / 某个 / 大约<br>医生还反映，有些病人在自家客厅里说得比在诊室里更坦率。<br><i>2022年12月 第1套 · 仔细阅读 · Passage Two</i><br>some day 有一天,A
"would<br><span style='font-size:14px'>Shoppers who <b>would</b> ignore an item at its original price suddenly want it, not because they need it but because they feel they would be foolish to miss the opportunity.</span>",v./aux. ★将会 / 愿意 / 常常<br>按原价时根本不会看一眼的购物者，突然就想要了，不是因为需要，而是因为觉得错过这个机会太蠢。<br><i>2021年12月 第1套 · 仔细阅读 · Passage One</i><br>would like 想要,A
"those<br><span style='font-size:14px'>When a reserve is created, <b>those</b> residents may suddenly find that the activities which fed their families are now forbidden, while the animals they were asked to protect destroy their crops.</span>",adj./pron. ★那些<br>保护区一设立，这些居民可能突然发现，养活一家人的营生现在被禁止了，而他们被要求保护的动物却毁了他们的庄稼。<br><i>2021年12月 第1套 · 仔细阅读 · Passage Two</i><br>—,A
"hour<br><span style='font-size:14px'>Telemedicine expanded rapidly when patients could not visit clinics, and many of them discovered that a consultation conducted from home was more convenient than a journey across the city followed by an <b>hour</b> in a waiting room.</span>","n. ★小时 / 时间,时刻 / 课时 / 固定时间<br>当病人无法到诊所时，远程医疗迅速铺开，许多病人发现在家问诊，比横穿城市再在候诊室坐上一小时要方便得多。<br><i>2022年12月 第1套 · 仔细阅读 · Passage Two</i><br>rush hour 高峰时段",A
"how<br><span style='font-size:14px'>Researchers measured this by comparing <b>how</b> novel each message was, and found that falsehoods were consistently rated as more unexpected.</span>",adv. ★怎样 / 多么 / 如何<br>研究人员通过衡量每条信息的新奇程度测出了这一点，发现虚假信息一贯被评为更出人意料。<br><i>2021年6月 第1套 · 仔细阅读 · Passage One</i><br>how about 怎么样,A
"may<br><span style='font-size:14px'>When a reserve is created, those residents <b>may</b> suddenly find that the activities which fed their families are now forbidden, while the animals they were asked to protect destroy their crops.</span>",v./aux. ★可以 / 可能 / 也许<br>保护区一设立，这些居民可能突然发现，养活一家人的营生现在被禁止了，而他们被要求保护的动物却毁了他们的庄稼。<br><i>2021年12月 第1套 · 仔细阅读 · Passage Two</i><br>—,A
"other<br><span style='font-size:14px'>They are the ones who found something they were willing to work at, and then made sure that <b>other</b> people could see the value of it.</span>",adj./pron. ★其他的 / 另外的 / 另一个<br>他们是找到了自己愿意下功夫的事，又确保别人能看到这件事的价值的人。<br><i>2021年6月 第1套 · 仔细阅读 · Passage Two</i><br>each other 互相,A
"part<br><span style='font-size:14px'>Grades tend to rise, <b>partly</b> because students are assessed on their best work rather than their worst day, but employers sometimes complain that they can no longer compare graduates from different institutions.</span>",n. ★部分 / 角色 / 零件 / 地区 / 参与<br>成绩往往会上升，部分原因是学生按最好的表现而不是最糟的一天被评价，但雇主有时会抱怨他们再也无法比较不同学校的毕业生。<br><i>2023年12月 第1套 · 仔细阅读 · Passage One</i><br>take part in 参加,A
"say<br><span style='font-size:14px'>A large proportion of employees under thirty now <b>say</b> they prefer to remain with their current employer, even when they receive offers that pay more.</span>","v. ★说,讲 / 表明 / 据说<br>如今三十岁以下员工中有很大一部分表示，即使收到薪水更高的录用通知，他们也愿意留在现在的雇主这里。<br><i>2023年3月 第1套 · 仔细阅读 · Passage One</i><br>that is to say 也就是说",A
"use<br><span style='font-size:14px'>Pupils who were praised for the method they <b>used</b>, or for the effort they had made, behaved in the opposite way: they selected harder problems and persisted longer when the work became difficult.</span>",v./n. ★使用 / 利用 / 用途<br>而因所用方法或所付出努力受到表扬的学生，表现恰恰相反：他们选更难的题目，并且在变难时坚持得更久。<br><i>2022年6月 第1套 · 仔细阅读 · Passage One</i><br>make use of 利用,A
"what<br><span style='font-size:14px'>It is that a rumour is usually more surprising than the truth, and surprise is <b>what</b> makes something worth passing on.</span>",pron./adj. ★什么 / …的 / 多么<br>而是谣言通常比真相更让人意外，而意外正是值得转发出去的东西。<br><i>2021年6月 第1套 · 仔细阅读 · Passage One</i><br>—,A
"about<br><span style='font-size:14px'>A story <b>about</b> an ordinary event produces no desire to share it, while a story that seems incredible demands an audience.</span>",prep./adv. ★关于 / 大约 / 到处<br>一件平常事不会产生分享的欲望，而一个听起来不可思议的故事却非要有人听不可。<br><i>2021年6月 第1套 · 仔细阅读 · Passage One</i><br>be about to 即将,A
"child<br><span style='font-size:14px'>Items that generate the highest profit are positioned at eye level, while cheaper alternatives are placed on the lowest shelves, where adults rarely look and <b>children</b> do.</span>","n. ★儿童,小孩 / 子女 / 产物<br>利润最高的商品被摆在视线高度，而便宜的替代品被放在最低一层，成年人很少往那里看，孩子倒是看得到。<br><i>2022年12月 第1套 · 仔细阅读 · Passage One</i><br>only child 独生子女",A
"few<br><span style='font-size:14px'>Where villagers are employed as guides, or where a proportion of the entrance fee is returned to the community, attitudes change within a <b>few</b> years, and local residents begin to report illegal hunting themselves.</span>",adj./pron. ★很少的 / 不多的 / 几个<br>在村民被雇来做导游、或门票收入有一部分返还给社区的地方，几年之内态度就会转变，当地居民甚至会主动举报非法狩猎。<br><i>2021年12月 第1套 · 仔细阅读 · Passage Two</i><br>a few 几个,A
learn<br><span style='font-size:14px'>The difference lies in what the child <b>learns</b> to believe.</span>,v. ★学习 / 得知 / 记住<br>差别在于孩子由此学会了相信什么。<br><i>2022年6月 第1套 · 仔细阅读 · Passage One</i><br>learn from 向…学习,A
"make<br><span style='font-size:14px'>It is that a rumour is usually more surprising than the truth, and surprise is what <b>makes</b> something worth passing on.</span>","v. ★使得,让 / 做,制造 / 成为 / 构成<br>而是谣言通常比真相更让人意外，而意外正是值得转发出去的东西。<br><i>2021年6月 第1套 · 仔细阅读 · Passage One</i><br>make sure 确保",A
"report<br><span style='font-size:14px'>Where villagers are employed as guides, or where a proportion of the entrance fee is returned to the community, attitudes change within a few years, and local residents begin to <b>report</b> illegal hunting themselves.</span>","n./v. ★报告,报道 / 汇报 / 举报 / 传闻<br>在村民被雇来做导游、或门票收入有一部分返还给社区的地方，几年之内态度就会转变，当地居民甚至会主动举报非法狩猎。<br><i>2021年12月 第1套 · 仔细阅读 · Passage Two</i><br>report on 报道",A
"require<br><span style='font-size:14px'>Critics reply that the layout is designed to defeat self-control, and several countries have discussed regulations <b>requiring</b> stores to place healthy food in prominent positions.</span>","v. ★需要 / 要求,规定<br>批评者则反驳说，这种布局就是设计来打败自制力的，一些国家已经在讨论立法，要求商店把健康食品放在显眼位置。<br><i>2022年12月 第1套 · 仔细阅读 · Passage One</i><br>require sb to do 要求某人做",A
"several<br><span style='font-size:14px'>Unsurprisingly, resentment follows, and in <b>several</b> countries poaching increased after protection was introduced.</span>",adj./pron. ★几个 / 若干<br>怨恨随之而来，毫不意外，在几个国家，保护措施出台后偷猎反而增加了。<br><i>2021年12月 第1套 · 仔细阅读 · Passage Two</i><br>—,A
"suggest<br><span style='font-size:14px'>Studies <b>suggest</b> that even a brief pause, prompted by a simple question, reduces the number of false stories people forward.</span>","v. ★建议,提议 / 暗示 / 表明 / 使想起<br>研究表明，哪怕只是由一个简单问题引发的短暂停顿，就能减少人们转发的假消息数量。<br><i>2021年6月 第1套 · 仔细阅读 · Passage One</i><br>suggest doing 建议做",A
"these<br><span style='font-size:14px'>Supermarkets defend <b>these</b> techniques as a service to customers, arguing that a logical arrangement helps people find what they need.</span>",adj./pron. ★这些<br>超市为这些手法辩护，称这是对顾客的服务，认为符合逻辑的摆放有助于人们找到需要的东西。<br><i>2022年12月 第1套 · 仔细阅读 · Passage One</i><br>—,A
"help<br><span style='font-size:14px'>Supermarkets defend these techniques as a service to customers, arguing that a logical arrangement <b>helps</b> people find what they need.</span>",v./n. ★帮助 / 有助于 / 帮手<br>超市为这些手法辩护，称这是对顾客的服务，认为符合逻辑的摆放有助于人们找到需要的东西。<br><i>2022年12月 第1套 · 仔细阅读 · Passage One</i><br>help oneself 自便,A
"far<br><span style='font-size:14px'>A study that examined millions of messages shared online reached an uncomfortable conclusion: false information travels faster, <b>further</b> and deeper than accurate information.</span>","adv./adj. ★远 / 很,非常 / 远的<br>一项研究了数百万条网络转发信息的研究，得出了一个令人不安的结论：虚假信息比真实信息传得更快、更远、更深。<br><i>2021年6月 第1套 · 仔细阅读 · Passage One</i><br>so far 到目前为止",A
"new<br><span style='font-size:14px'>Critics warn, however, that <b>new</b> parks can raise property prices and push poorer residents out of the neighbourhood they were meant to serve.</span>",adj. ★新的 / 新鲜的 / 新来的<br>然而批评者提醒，新建公园会推高房价，把本该受益的较贫穷居民挤出这个街区。<br><i>2023年12月 第1套 · 仔细阅读 · Passage Two</i><br>brand new 全新的,A
"often<br><span style='font-size:14px'>A physician cannot examine an abdomen, feel a lump or observe how a patient walks down a corridor through a screen, and these physical signs are <b>often</b> what reveal a serious condition.</span>",adv. ★经常 / 常常<br>医生无法隔着屏幕按压腹部、摸到肿块，或观察病人如何走过走廊，而这些体征往往正是发现重病的线索。<br><i>2022年12月 第1套 · 仔细阅读 · Passage Two</i><br>how often 多久一次,A
"problem<br><span style='font-size:14px'>The <b>problem</b> cannot be solved by deleting rumours alone, because the demand for surprising stories remains.</span>","n. ★问题,难题 / 习题<br>仅靠删除谣言解决不了问题，因为对离奇故事的需求还在。<br><i>2021年6月 第1套 · 仔细阅读 · Passage One</i><br>solve a problem 解决问题",A
such<br><span style='font-size:14px'>Conservationists sometimes regard <b>such</b> arrangements as a compromise with principle.</span>,adj./pron. ★这样的 / 上述的 / 如此的<br>环保人士有时认为这种安排是对原则的妥协。<br><i>2021年12月 第1套 · 仔细阅读 · Passage Two</i><br>such as 例如,A
"teacher<br><span style='font-size:14px'>Parents and <b>teachers</b> are constantly advised to praise children, and the advice is seldom questioned.</span>","n. ★教师,老师 / 导师<br>家长和老师不断被建议要多表扬孩子，而这条建议很少被质疑。<br><i>2022年6月 第1套 · 仔细阅读 · Passage One</i><br>head teacher 校长",A
"been<br><span style='font-size:14px'>In one study, pupils who were told they were clever after solving a simple puzzle later chose easier tasks, apparently because they wished to protect the reputation they had just <b>been</b> given.</span>","v./aux. ★是(be 的过去分词)<br>在一项研究中，因解出一道简单谜题而被夸""聪明""的学生，后来选择了更简单的任务，显然是想保护刚刚获得的那个名声。<br><i>2022年6月 第1套 · 仔细阅读 · Passage One</i><br>have been to 去过",A
"it<br><span style='font-size:14px'>Shoppers who would ignore an item at <b>its</b> original price suddenly want it, not because they need it but because they feel they would be foolish to miss the opportunity.</span>",pron. ★它 / 这 / 那<br>按原价时根本不会看一眼的购物者，突然就想要了，不是因为需要，而是因为觉得错过这个机会太蠢。<br><i>2021年12月 第1套 · 仔细阅读 · Passage One</i><br>—,A
"less<br><span style='font-size:14px'>People share material that expresses emotion, and rumours tend to be written in emotional language, whereas corrections are sober and careful, which makes them far <b>less</b> attractive.</span>",adj./adv. ★较少的 / 更少地 / 不如<br>人们会转发带有情绪的内容，而谣言往往用情绪化的语言写成，相比之下辟谣文字克制而谨慎，吸引力就差得多。<br><i>2021年6月 第1套 · 仔细阅读 · Passage One</i><br>less than 少于,A
"reduce<br><span style='font-size:14px'>Retailers understand the mechanism perfectly, which is why the original price is almost always displayed beside the <b>reduced</b> one.</span>","v. ★减少,缩小 / 使沦为 / 降价<br>零售商对这套机制了如指掌，所以降价旁边几乎总会标出原价。<br><i>2021年12月 第1套 · 仔细阅读 · Passage One</i><br>reduce by 减少了",A
there<br><span style='font-size:14px'><b>There</b> is a second factor.</span>,adv. ★那里 / 在那边 / 存在<br>还有第二个因素。<br><i>2021年6月 第1套 · 仔细阅读 · Passage One</i><br>there be 有,A
"where<br><span style='font-size:14px'><b>Where</b> villagers are employed as guides, or where a proportion of the entrance fee is returned to the community, attitudes change within a few years, and local residents begin to report illegal hunting themselves.</span>",adv./conj. ★在哪里 / 在…的地方<br>在村民被雇来做导游、或门票收入有一部分返还给社区的地方，几年之内态度就会转变，当地居民甚至会主动举报非法狩猎。<br><i>2021年12月 第1套 · 仔细阅读 · Passage Two</i><br>—,A
"day<br><span style='font-size:14px'>Grades tend to rise, partly because students are assessed on their best work rather than their worst <b>day</b>, but employers sometimes complain that they can no longer compare graduates from different institutions.</span>","n. ★天,日 / 白天 / 时期 / 全盛期<br>成绩往往会上升，部分原因是学生按最好的表现而不是最糟的一天被评价，但雇主有时会抱怨他们再也无法比较不同学校的毕业生。<br><i>2023年12月 第1套 · 仔细阅读 · Passage One</i><br>these days 如今",A
"different<br><span style='font-size:14px'>Grades tend to rise, partly because students are assessed on their best work rather than their worst day, but employers sometimes complain that they can no longer compare graduates from <b>different</b> institutions.</span>",adj. ★不同的 / 各种各样的 / 与众不同的<br>成绩往往会上升，部分原因是学生按最好的表现而不是最糟的一天被评价，但雇主有时会抱怨他们再也无法比较不同学校的毕业生。<br><i>2023年12月 第1套 · 仔细阅读 · Passage One</i><br>be different from 与…不同,A
"each<br><span style='font-size:14px'>Researchers measured this by comparing how novel <b>each</b> message was, and found that falsehoods were consistently rated as more unexpected.</span>",adj./pron. ★每个 / 各自<br>研究人员通过衡量每条信息的新奇程度测出了这一点，发现虚假信息一贯被评为更出人意料。<br><i>2021年6月 第1套 · 仔细阅读 · Passage One</i><br>each other 互相,A
education<br><span style='font-size:14px'>This does not mean that <b>education</b> is wasted.</span>,n. ★教育 / 培养 / 教育学<br>这并不意味着教育白费力气。<br><i>2024年6月 第1套 · 仔细阅读 · Passage One</i><br>higher education 高等教育,A
"every<br><span style='font-size:14px'><b>Every</b> year, families argue about the same question: should a student choose the subject they love, or the one that leads to a secure job?</span>",adj. ★每一个 / 所有的 / 每隔<br>每年，家家户户都在争论同一个问题：学生该选自己喜欢的专业，还是选好就业的那个？<br><i>2021年6月 第1套 · 仔细阅读 · Passage Two</i><br>every other day 每隔一天,A
"feel<br><span style='font-size:14px'>Shoppers who would ignore an item at its original price suddenly want it, not because they need it but because they <b>feel</b> they would be foolish to miss the opportunity.</span>","v. ★感觉,觉得 / 认为 / 触摸<br>按原价时根本不会看一眼的购物者，突然就想要了，不是因为需要，而是因为觉得错过这个机会太蠢。<br><i>2021年12月 第1套 · 仔细阅读 · Passage One</i><br>feel like 想要",A
"remain<br><span style='font-size:14px'>The problem cannot be solved by deleting rumours alone, because the demand for surprising stories <b>remains</b>.</span>","v. ★保持,仍然是 / 留下 / 剩余 / 尚待<br>仅靠删除谣言解决不了问题，因为对离奇故事的需求还在。<br><i>2021年6月 第1套 · 仔细阅读 · Passage One</i><br>remain silent 保持沉默",A
simply<br><span style='font-size:14px'>They <b>simply</b> fail to notice that the money saved on an unwanted object is still money spent.</span>,adv. ★仅仅 / 简单地 / 简直<br>他们只是没注意到，在一件不需要的东西上省下的钱，仍然是花出去的钱。<br><i>2021年12月 第1套 · 仔细阅读 · Passage One</i><br>—,A
"take<br><span style='font-size:14px'>Reliability is the decisive factor, because a journey that may <b>take</b> twenty minutes or fifty cannot be planned around, and an unplannable journey is useless for anyone who must arrive at a fixed time.</span>","v. ★拿,取 / 花费(时间) / 乘坐 / 接受<br>可靠性是决定性因素，因为一段可能二十分钟也可能五十分钟的旅程无法用来安排事情，而凡是必须按时到达的人，都用不上一趟无法计划的行程。<br><i>2022年6月 第1套 · 仔细阅读 · Passage Two</i><br>take part in 参加",A
"way<br><span style='font-size:14px'>Pupils who were praised for the method they used, or for the effort they had made, behaved in the opposite <b>way</b>: they selected harder problems and persisted longer when the work became difficult.</span>","n./adv. ★方法,方式 / 道路 / 方向 / 路线 / 方面 / 情况 / 习惯 / 远远地,大大地 / 非常<br>而因所用方法或所付出努力受到表扬的学生，表现恰恰相反：他们选更难的题目，并且在变难时坚持得更久。<br><i>2022年6月 第1套 · 仔细阅读 · Passage One</i><br>by the way 顺便说",A
"course<br><span style='font-size:14px'>Interest, meanwhile, has a practical value that is easy to overlook: students who are genuinely curious study harder, absorb material faster, and are more willing to persist when a <b>course</b> becomes difficult.</span>",n. ★课程 / 过程 / 进程 / 路线 / 一道菜<br>与此同时，兴趣有一种容易被忽视的实用价值：真正好奇的学生学得更投入、吸收更快，也更愿意在课程变难时坚持下去。<br><i>2021年6月 第1套 · 仔细阅读 · Passage Two</i><br>of course 当然,A
"design<br><span style='font-size:14px'>Critics reply that the layout is <b>designed</b> to defeat self-control, and several countries have discussed regulations requiring stores to place healthy food in prominent positions.</span>",n./v. ★设计 / 图案 / 意图<br>批评者则反驳说，这种布局就是设计来打败自制力的，一些国家已经在讨论立法，要求商店把健康食品放在显眼位置。<br><i>2022年12月 第1套 · 仔细阅读 · Passage One</i><br>be designed to 旨在,A
"need<br><span style='font-size:14px'>Shoppers who would ignore an item at its original price suddenly want it, not because they <b>need</b> it but because they feel they would be foolish to miss the opportunity.</span>",v./n. ★需要 / 必须 / 需求<br>按原价时根本不会看一眼的购物者，突然就想要了，不是因为需要，而是因为觉得错过这个机会太蠢。<br><i>2021年12月 第1套 · 仔细阅读 · Passage One</i><br>in need of 需要,A
"place<br><span style='font-size:14px'>Essentials such as milk, bread and eggs are deliberately <b>placed</b> at the back or on opposite sides of the store, so that customers must walk past hundreds of other products in order to reach them.</span>","v./n. ★放置 / 地方,场所 / 职位<br>牛奶、面包和鸡蛋这类必需品被有意放在商店最里面或相对的两侧，顾客为了拿到它们，必须经过几百种其他商品。<br><i>2022年12月 第1套 · 仔细阅读 · Passage One</i><br>take place 发生",A
"same<br><span style='font-size:14px'>Every year, families argue about the <b>same</b> question: should a student choose the subject they love, or the one that leads to a secure job?</span>",adj. ★相同的 / 同样的<br>每年，家家户户都在争论同一个问题：学生该选自己喜欢的专业，还是选好就业的那个？<br><i>2021年6月 第1套 · 仔细阅读 · Passage Two</i><br>at the same time 同时,A
spend<br><span style='font-size:14px'>They simply fail to notice that the money saved on an unwanted object is still money <b>spent</b>.</span>,v. ★花费(钱/时间) / 度过 / 消耗<br>他们只是没注意到，在一件不需要的东西上省下的钱，仍然是花出去的钱。<br><i>2021年12月 第1套 · 仔细阅读 · Passage One</i><br>spend time doing 花时间做,A
"understand<br><span style='font-size:14px'>Retailers <b>understand</b> the mechanism perfectly, which is why the original price is almost always displayed beside the reduced one.</span>","v. ★理解,懂得 / 认为 / 体谅<br>零售商对这套机制了如指掌，所以降价旁边几乎总会标出原价。<br><i>2021年12月 第1套 · 仔细阅读 · Passage One</i><br>make oneself understood 把话说清楚",A
"while<br><span style='font-size:14px'>When a reserve is created, those residents may suddenly find that the activities which fed their families are now forbidden, <b>while</b> the animals they were asked to protect destroy their crops.</span>",conj./n. ★当…的时候 / 然而 / 虽然 / 一会儿<br>保护区一设立，这些居民可能突然发现，养活一家人的营生现在被禁止了，而他们被要求保护的动物却毁了他们的庄稼。<br><i>2021年12月 第1套 · 仔细阅读 · Passage Two</i><br>for a while 一会儿,A
"ability<br><span style='font-size:14px'>Praise for intelligence teaches that <b>ability</b> is a fixed quantity that can be lost at any moment, so failure becomes a threat to identity.</span>","n. ★能力,才能<br>夸聪明，是在教他能力是固定的量，随时可能失去，于是失败就成了对自我的威胁。<br><i>2022年6月 第1套 · 仔细阅读 · Passage One</i>",A
"after<br><span style='font-size:14px'>Unsurprisingly, resentment follows, and in several countries poaching increased <b>after</b> protection was introduced.</span>",prep./conj./adv. ★在…之后 / 随后<br>怨恨随之而来，毫不意外，在几个国家，保护措施出台后偷猎反而增加了。<br><i>2021年12月 第1套 · 仔细阅读 · Passage Two</i><br>after all 毕竟,A
"before<br><span style='font-size:14px'>Platforms have tried various responses, from warnings to removing content, but the most effective measure appears to be slower: teaching users to check the source <b>before</b> sharing.</span>",prep./conj./adv. ★在…之前 / 以前 / 在…面前<br>平台尝试过各种应对手段，从贴警告到下架内容，但最有效的办法似乎更慢：教用户在转发前先核实来源。<br><i>2021年6月 第1套 · 仔细阅读 · Passage One</i><br>before long 不久,A
benefit<br><span style='font-size:14px'>Projects that have succeeded tend to share one feature: the people who bear the cost also receive a share of the <b>benefit</b>.</span>,"n./v. ★好处,利益 / 受益<br>凡是成功的项目往往有一个共同点：承担代价的人也能分到好处。<br><i>2021年12月 第1套 · 仔细阅读 · Passage Two</i><br>benefit from 从…受益",A
"cannot<br><span style='font-size:14px'>The problem <b>cannot</b> be solved by deleting rumours alone, because the demand for surprising stories remains.</span>",v./aux. ★不能 / 无法<br>仅靠删除谣言解决不了问题，因为对离奇故事的需求还在。<br><i>2021年6月 第1套 · 仔细阅读 · Passage One</i><br>—,A
chinese<br><span style='font-size:14px'>Traditional <b>Chinese</b> medicine has a history of several thousand years.</span>,adj./n. ★中国的 / 中文的 / 中国人 / 汉语<br>中医有几千年的历史。<br><i>2021年12月 第1套 · 翻译 · 中医</i><br>Chinese culture 中国文化,A
"could<br><span style='font-size:14px'>They are the ones who found something they were willing to work at, and then made sure that other people <b>could</b> see the value of it.</span>",v./aux. ★能(can 的过去式) / 可能 / 本来可以<br>他们是找到了自己愿意下功夫的事，又确保别人能看到这件事的价值的人。<br><i>2021年6月 第1套 · 仔细阅读 · Passage Two</i><br>—,A
"difficult<br><span style='font-size:14px'>Interest, meanwhile, has a practical value that is easy to overlook: students who are genuinely curious study harder, absorb material faster, and are more willing to persist when a course becomes <b>difficult</b>.</span>",adj. ★困难的 / 难对付的 / 难以取悦的<br>与此同时，兴趣有一种容易被忽视的实用价值：真正好奇的学生学得更投入、吸收更快，也更愿意在课程变难时坚持下去。<br><i>2021年6月 第1套 · 仔细阅读 · Passage Two</i><br>be difficult to do 难以做,A
"even<br><span style='font-size:14px'>Experiments show that customers are more likely to buy when they can see the comparison, <b>even</b> when the so-called original price was never actually charged.</span>",adv./adj. ★甚至 / 更 / 平坦的<br>实验表明，只要能看到对照，顾客就更可能下单，哪怕那个所谓的原价其实从未真正收过。<br><i>2021年12月 第1套 · 仔细阅读 · Passage One</i><br>even if 即使,A
"follow<br><span style='font-size:14px'>Unsurprisingly, resentment <b>follows</b>, and in several countries poaching increased after protection was introduced.</span>",v. ★跟随 / 遵循 / 听懂 / 结果是<br>怨恨随之而来，毫不意外，在几个国家，保护措施出台后偷猎反而增加了。<br><i>2021年12月 第1套 · 仔细阅读 · Passage Two</i><br>follow the rules 遵守规则,A
"health<br><span style='font-size:14px'>The reasonable conclusion is that telemedicine works best as an addition to the <b>health</b> service rather than a substitute for it, handling the simple cases so that the difficult ones receive the time they require.</span>",n. ★健康 / 卫生 / 保健<br>合理的结论是：远程医疗最好作为医疗服务的一种补充而非替代，由它处理简单的病例，好让复杂的病例获得所需的时间。<br><i>2022年12月 第1套 · 仔细阅读 · Passage Two</i><br>health care 医疗保健,A
"life<br><span style='font-size:14px'>Many describe a working environment that has become unpredictable: projects appear without warning, meetings are scheduled late in the evening, and the boundary between work and private <b>life</b> has almost disappeared.</span>",n. ★生活 / 生命 / 一生 / 生命力 / 生涯<br>许多人描述的工作环境变得难以预测：项目说来就来，会议安排在深夜，工作与私人生活之间的界限几乎消失。<br><i>2023年3月 第1套 · 仔细阅读 · Passage One</i><br>daily life 日常生活,A
"measure<br><span style='font-size:14px'>Researchers <b>measured</b> this by comparing how novel each message was, and found that falsehoods were consistently rated as more unexpected.</span>",n./v. ★措施 / 测量 / 衡量 / 尺度<br>研究人员通过衡量每条信息的新奇程度测出了这一点，发现虚假信息一贯被评为更出人意料。<br><i>2021年6月 第1套 · 仔细阅读 · Passage One</i><br>take measures 采取措施,A
"offer<br><span style='font-size:14px'>A large proportion of employees under thirty now say they prefer to remain with their current employer, even when they receive <b>offers</b> that pay more.</span>",v./n. ★提供 / 提出 / 报价 / 主动提议<br>如今三十岁以下员工中有很大一部分表示，即使收到薪水更高的录用通知，他们也愿意留在现在的雇主这里。<br><i>2023年3月 第1套 · 仔细阅读 · Passage One</i><br>offer to do 主动提出做,A
"school<br><span style='font-size:14px'>In rural <b>schools</b>, for example, volunteer teachers have helped to reduce the shortage of staff and have introduced courses that the schools could not otherwise offer.</span>",n. ★学校 / 学院 / 上学期间 / 学派<br>例如在乡村学校，志愿教师帮助缓解了师资短缺，还开设了这些学校原本无法提供的课程。<br><i>2023年12月 第1套 · 选词填空 · Volunteering among Young People</i><br>at school 在上学,A
second<br><span style='font-size:14px'>There is a <b>second</b> factor.</span>,adj./n. ★第二的 / 秒 / 瞬间<br>还有第二个因素。<br><i>2021年6月 第1套 · 仔细阅读 · Passage One</i><br>in a second 马上,A
"show<br><span style='font-size:14px'>Experiments <b>show</b> that customers are more likely to buy when they can see the comparison, even when the so-called original price was never actually charged.</span>","v./n. ★显示,表明 / 展示 / 演出<br>实验表明，只要能看到对照，顾客就更可能下单，哪怕那个所谓的原价其实从未真正收过。<br><i>2021年12月 第1套 · 仔细阅读 · Passage One</i><br>show up 出现",A
"teach<br><span style='font-size:14px'>Platforms have tried various responses, from warnings to removing content, but the most effective measure appears to be slower: <b>teaching</b> users to check the source before sharing.</span>","v. ★教,讲授 / 教导<br>平台尝试过各种应对手段，从贴警告到下架内容，但最有效的办法似乎更慢：教用户在转发前先核实来源。<br><i>2021年6月 第1套 · 仔细阅读 · Passage One</i><br>teach oneself 自学",A
university<br><span style='font-size:14px'>The evidence from <b>universities</b> that have made the change is mixed.</span>,n. ★大学 / 综合性大学<br>已经做出改变的大学，反馈出来的证据是混杂的。<br><i>2023年12月 第1套 · 仔细阅读 · Passage One</i><br>go to university 上大学,A
"almost<br><span style='font-size:14px'>Retailers understand the mechanism perfectly, which is why the original price is <b>almost</b> always displayed beside the reduced one.</span>",adv. ★几乎 / 差不多<br>零售商对这套机制了如指掌，所以降价旁边几乎总会标出原价。<br><i>2021年12月 第1套 · 仔细阅读 · Passage One</i><br>—,A
"argue<br><span style='font-size:14px'>Every year, families <b>argue</b> about the same question: should a student choose the subject they love, or the one that leads to a secure job?</span>","v. ★争论,主张<br>每年，家家户户都在争论同一个问题：学生该选自己喜欢的专业，还是选好就业的那个？<br><i>2021年6月 第1套 · 仔细阅读 · Passage Two</i><br>argue for/against 主张/反对",A
cost<br><span style='font-size:14px'>Projects that have succeeded tend to share one feature: the people who bear the <b>cost</b> also receive a share of the benefit.</span>,v./n. ★花费 / 使付出 / 成本 / 代价<br>凡是成功的项目往往有一个共同点：承担代价的人也能分到好处。<br><i>2021年12月 第1套 · 仔细阅读 · Passage Two</i><br>at the cost of 以…为代价,A
does<br><span style='font-size:14px'>A label that announces fifty percent off <b>does</b> something strange to the human mind.</span>,v. ★做(do 的第三人称单数) / 助动词<br>一张写着五折的标签，会对人的心智产生奇怪的作用。<br><i>2021年12月 第1套 · 仔细阅读 · Passage One</i><br>—,A
"exercise<br><span style='font-size:14px'>In a study that compared districts with similar income levels, residents who lived within a ten-minute walk of a park reported fewer symptoms of anxiety and were more likely to <b>exercise</b> regularly.</span>",n./v. ★锻炼 / 练习 / 运用 / 行使<br>在一项比较了收入水平相近街区的研究中，住在离公园步行十分钟范围内的居民报告说焦虑症状更少，也更可能经常锻炼。<br><i>2023年12月 第1套 · 仔细阅读 · Passage Two</i><br>do exercise 做运动,A
"habit<br><span style='font-size:14px'>The danger lies in the second <b>habit</b>, and it is a habit that is far easier to acquire than to break.</span>","n. ★习惯,习性<br>危险在于第二种习惯，而这种习惯养成容易、戒掉难。<br><i>2023年6月 第1套 · 仔细阅读 · Passage One</i><br>develop a habit 养成习惯",A
human<br><span style='font-size:14px'>A label that announces fifty percent off does something strange to the <b>human</b> mind.</span>,adj./n. ★人的 / 人类的 / 人类<br>一张写着五折的标签，会对人的心智产生奇怪的作用。<br><i>2021年12月 第1套 · 仔细阅读 · Passage One</i><br>human being 人类,A
"job<br><span style='font-size:14px'>Every year, families argue about the same question: should a student choose the subject they love, or the one that leads to a secure <b>job</b>?</span>",n. ★工作 / 职业 / 职责 / 活儿<br>每年，家家户户都在争论同一个问题：学生该选自己喜欢的专业，还是选好就业的那个？<br><i>2021年6月 第1套 · 仔细阅读 · Passage Two</i><br>part-time job 兼职工作,A
"made<br><span style='font-size:14px'>They are the ones who found something they were willing to work at, and then <b>made</b> sure that other people could see the value of it.</span>",v. ★制作 / 使得(make 的过去式/过去分词)<br>他们是找到了自己愿意下功夫的事，又确保别人能看到这件事的价值的人。<br><i>2021年6月 第1套 · 仔细阅读 · Passage Two</i><br>be made of 由…制成,A
"online<br><span style='font-size:14px'>A study that examined millions of messages shared <b>online</b> reached an uncomfortable conclusion: false information travels faster, further and deeper than accurate information.</span>",adj./adv. ★在线的 / 网上的 / 在线地<br>一项研究了数百万条网络转发信息的研究，得出了一个令人不安的结论：虚假信息比真实信息传得更快、更远、更深。<br><i>2021年6月 第1套 · 仔细阅读 · Passage One</i><br>online course 在线课程,A
"only<br><span style='font-size:14px'>In practice, they are the <b>only</b> arrangement that survives contact with the people who live beside the animals.</span>","adj./adv. ★唯一的 / 仅仅 / 只不过<br>而在实践中，这是唯一能经得起与""住在动物旁边的人""打交道的安排。<br><i>2021年12月 第1套 · 仔细阅读 · Passage Two</i><br>not only...but also 不仅…而且",A
"park<br><span style='font-size:14px'>City planners have long suspected that <b>parks</b> are good for residents, and a growing body of research now supports that intuition.</span>",n./v. ★公园 / 停车场 / 停放<br>城市规划者早就怀疑公园对居民有益，现在越来越多的研究支持这种直觉。<br><i>2023年12月 第1套 · 仔细阅读 · Passage Two</i><br>car park 停车场,A
"question<br><span style='font-size:14px'>A discount that ends tonight produces a mild panic, and panic is a poor adviser: it shifts attention from the <b>question</b> ""do I want this?</span>","n./v. ★问题 / 疑问 / 质疑 / 询问<br>今晚就结束的折扣会引发轻微的恐慌，而恐慌是个糟糕的顾问：它把注意力从""我想要这个吗""转移到""不买会不会后悔""。<br><i>2021年12月 第1套 · 仔细阅读 · Passage One</i><br>ask a question 提问",A
rarely<br><span style='font-size:14px'>The students who do best are <b>rarely</b> those who followed a formula.</span>,"adv. ★很少,难得 / 不常 / 异乎寻常地 / 极好地<br>表现最好的学生，很少是那些照着公式选的人。<br><i>2021年6月 第1套 · 仔细阅读 · Passage Two</i><br>rarely happen 很少发生",A
"seem<br><span style='font-size:14px'>A story about an ordinary event produces no desire to share it, while a story that <b>seems</b> incredible demands an audience.</span>","v. ★似乎,好像 / 看来<br>一件平常事不会产生分享的欲望，而一个听起来不可思议的故事却非要有人听不可。<br><i>2021年6月 第1套 · 仔细阅读 · Passage One</i><br>it seems that 似乎",A
"shop<br><span style='font-size:14px'>Yet several museums have found that visitors who enter for free spend more in the <b>shop</b> and café, and that donations from satisfied visitors partly replace the lost ticket revenue.</span>",n./v. ★商店 / 购物 / 车间<br>不过几家博物馆发现，免费进来的访客在商店和咖啡馆消费更多，满意访客的捐赠也部分弥补了门票收入的损失。<br><i>2023年6月 第1套 · 仔细阅读 · Passage Two</i><br>shop assistant 店员,A
tend<br><span style='font-size:14px'>Projects that have succeeded <b>tend</b> to share one feature: the people who bear the cost also receive a share of the benefit.</span>,v. ★倾向于 / 往往会 / 照料 / 招待 / 趋向<br>凡是成功的项目往往有一个共同点：承担代价的人也能分到好处。<br><i>2021年12月 第1套 · 仔细阅读 · Passage Two</i><br>tend to do 往往会,A
"write<br><span style='font-size:14px'>People share material that expresses emotion, and rumours tend to be <b>written</b> in emotional language, whereas corrections are sober and careful, which makes them far less attractive.</span>","v. ★写,书写 / 写作 / 写信<br>人们会转发带有情绪的内容，而谣言往往用情绪化的语言写成，相比之下辟谣文字克制而谨慎，吸引力就差得多。<br><i>2021年6月 第1套 · 仔细阅读 · Passage One</i><br>write down 写下",A
yet<br><span style='font-size:14px'><b>Yet</b> there are limits that no improvement in video quality will remove.</span>,adv./conj. ★然而 / 还 / 但是<br>然而有些局限是视频画质再怎么改善也消除不了的。<br><i>2022年12月 第1套 · 仔细阅读 · Passage Two</i><br>as yet 迄今为止,A
"appear<br><span style='font-size:14px'>Platforms have tried various responses, from warnings to removing content, but the most effective measure <b>appears</b> to be slower: teaching users to check the source before sharing.</span>",v. ★出现 / 显得 / 似乎 / 出场<br>平台尝试过各种应对手段，从贴警告到下架内容，但最有效的办法似乎更慢：教用户在转发前先核实来源。<br><i>2021年6月 第1套 · 仔细阅读 · Passage One</i><br>appear to be 似乎是,A
better<br><span style='font-size:14px'>This suggests that the money spent on advertising campaigns would be <b>better</b> spent on frequency.</span>,adj./adv. ★更好的 / 更好地 / 改善<br>这提示我们，花在宣传上的钱不如花在班次上。<br><i>2022年6月 第1套 · 仔细阅读 · Passage Two</i><br>had better 最好,A
"choose<br><span style='font-size:14px'>Every year, families argue about the same question: should a student <b>choose</b> the subject they love, or the one that leads to a secure job?</span>",v. ★选择 / 决定 / 愿意<br>每年，家家户户都在争论同一个问题：学生该选自己喜欢的专业，还是选好就业的那个？<br><i>2021年6月 第1套 · 仔细阅读 · Passage Two</i><br>choose from 从…中挑选,A
"during<br><span style='font-size:14px'>There is also evidence that green space reduces the temperature of dense urban areas <b>during</b> heat waves, and that trees filter pollutants from the air.</span>",prep. ★在…期间 / 在…的时候<br>也有证据表明，绿地能在热浪期间降低密集城区的温度，树木还能过滤空气中的污染物。<br><i>2023年12月 第1套 · 仔细阅读 · Passage Two</i><br>during the day 白天,A
"give<br><span style='font-size:14px'>In one study, pupils who were told they were clever after solving a simple puzzle later chose easier tasks, apparently because they wished to protect the reputation they had just been <b>given</b>.</span>","v. ★给,提供 / 产生 / 让步<br>在一项研究中，因解出一道简单谜题而被夸""聪明""的学生，后来选择了更简单的任务，显然是想保护刚刚获得的那个名声。<br><i>2022年6月 第1套 · 仔细阅读 · Passage One</i><br>give up 放弃",A
"however<br><span style='font-size:14px'>Critics warn, <b>however</b>, that new parks can raise property prices and push poorer residents out of the neighbourhood they were meant to serve.</span>",adv./conj. ★然而 / 无论如何<br>然而批评者提醒，新建公园会推高房价，把本该受益的较贫穷居民挤出这个街区。<br><i>2023年12月 第1套 · 仔细阅读 · Passage Two</i>,A
"instead<br><span style='font-size:14px'>They propose continuous assessment <b>instead</b>: essays, projects and short tests spread across the term, which they claim give a fairer picture of a student's ability.</span>","adv. ★代替 / 反而,却<br>他们主张改用持续性评估：论文、项目和分散在整个学期的小测验，他们认为这样能更公平地反映学生的能力。<br><i>2023年12月 第1套 · 仔细阅读 · Passage One</i><br>instead of 代替",A
"large<br><span style='font-size:14px'>A <b>large</b> proportion of employees under thirty now say they prefer to remain with their current employer, even when they receive offers that pay more.</span>",adj. ★大的 / 大量的 / 广泛的<br>如今三十岁以下员工中有很大一部分表示，即使收到薪水更高的录用通知，他们也愿意留在现在的雇主这里。<br><i>2023年3月 第1套 · 仔细阅读 · Passage One</i><br>a large number of 大量的,A
"leave<br><span style='font-size:14px'>to the question ""will I regret <b>leaving</b> it? People are not irrational to enjoy a bargain.</span>",v./n. ★离开 / 留下 / 休假<br>人们喜欢捡便宜并不算不理性。<br><i>2021年12月 第1套 · 仔细阅读 · Passage One</i><br>leave behind 留下,A
"local<br><span style='font-size:14px'>Where villagers are employed as guides, or where a proportion of the entrance fee is returned to the community, attitudes change within a few years, and <b>local</b> residents begin to report illegal hunting themselves.</span>",adj./n. ★当地的 / 本地的 / 局部的 / 本地人<br>在村民被雇来做导游、或门票收入有一部分返还给社区的地方，几年之内态度就会转变，当地居民甚至会主动举报非法狩猎。<br><i>2021年12月 第1套 · 仔细阅读 · Passage Two</i><br>local people 当地人,A
"number<br><span style='font-size:14px'>Studies suggest that even a brief pause, prompted by a simple question, reduces the <b>number</b> of false stories people forward.</span>",n./v. ★数字 / 号码 / 数量 / 编号<br>研究表明，哪怕只是由一个简单问题引发的短暂停顿，就能减少人们转发的假消息数量。<br><i>2021年6月 第1套 · 仔细阅读 · Passage One</i><br>a number of 许多,A
"patient<br><span style='font-size:14px'>Telemedicine expanded rapidly when <b>patients</b> could not visit clinics, and many of them discovered that a consultation conducted from home was more convenient than a journey across the city followed by an hour in a waiting room.</span>",n./adj. ★病人 / 有耐心的<br>当病人无法到诊所时，远程医疗迅速铺开，许多病人发现在家问诊，比横穿城市再在候诊室坐上一小时要方便得多。<br><i>2022年12月 第1套 · 仔细阅读 · Passage Two</i><br>be patient with 对…有耐心,A
"price<br><span style='font-size:14px'>Shoppers who would ignore an item at its original <b>price</b> suddenly want it, not because they need it but because they feel they would be foolish to miss the opportunity.</span>",n. ★价格 / 代价 / 价值<br>按原价时根本不会看一眼的购物者，突然就想要了，不是因为需要，而是因为觉得错过这个机会太蠢。<br><i>2021年12月 第1套 · 仔细阅读 · Passage One</i><br>at any price 不惜代价,A
public<br><span style='font-size:14px'>Cities invest heavily in <b>public</b> transport and then wonder why residents continue to drive.</span>,"adj./n. ★公众的,公共的 / 公开的 / 公众,民众<br>城市在公共交通上投入巨资，随后又纳闷居民为什么还在开车。<br><i>2022年6月 第1套 · 仔细阅读 · Passage Two</i><br>in public 公开地",A
"reading<br><span style='font-size:14px'>Psychologists warn that repeated exposure to this pattern trains the brain to expect constant novelty, which makes slower activities, such as <b>reading</b> a book or listening to a lecture, feel uncomfortable by comparison.</span>",n. ★阅读 / 读物 / 读数<br>心理学家警告说，反复接触这种模式会训练大脑期待持续的新鲜感，相比之下，读书或听讲座这类较慢的活动就会让人觉得不舒服。<br><i>2023年6月 第1套 · 仔细阅读 · Passage One</i><br>reading room 阅览室,A
reason<br><span style='font-size:14px'>Their <b>reasons</b> are revealing.</span>,"n./v. ★原因,理由 / 理性 / 推理<br>他们给出的理由很说明问题。<br><i>2023年3月 第1套 · 仔细阅读 · Passage One</i><br>the reason for …的原因",A
"result<br><span style='font-size:14px'>For routine matters, such as renewing a prescription or discussing test <b>results</b>, the telephone or a video call is clearly sufficient, and it saves both the patient and the hospital a great deal of time.</span>","n./v. ★结果,成果 / 成绩 / 导致 / 起因于<br>对于续方、讨论检查结果这类常规事务，电话或视频显然已经足够，而且为病人和医院都省下大量时间。<br><i>2022年12月 第1套 · 仔细阅读 · Passage Two</i><br>result in 导致;result from 起因于",A
"schedule<br><span style='font-size:14px'>Many describe a working environment that has become unpredictable: projects appear without warning, meetings are <b>scheduled</b> late in the evening, and the boundary between work and private life has almost disappeared.</span>","n./v. ★时间表,日程 / 安排 / 时刻表 / 清单<br>许多人描述的工作环境变得难以预测：项目说来就来，会议安排在深夜，工作与私人生活之间的界限几乎消失。<br><i>2023年3月 第1套 · 仔细阅读 · Passage One</i><br>ahead of schedule 提前",A
"skill<br><span style='font-size:14px'>A sensible approach is to treat employment data as information rather than as an instruction, and to ask how a subject can be combined with <b>skills</b> that employers value, such as writing clearly, analysing data or speaking another language.</span>","n. ★技能,技巧 / 熟练 / 本领<br>明智的做法是把就业数据当作信息而不是指令，并思考如何把一个专业与雇主看重的能力结合起来，比如写得清楚、会分析数据或会说一门外语。<br><i>2021年6月 第1套 · 仔细阅读 · Passage Two</i><br>communication skills 沟通技巧",A
still<br><span style='font-size:14px'>They simply fail to notice that the money saved on an unwanted object is <b>still</b> money spent.</span>,adv./adj. ★仍然 / 还 / 静止的<br>他们只是没注意到，在一件不需要的东西上省下的钱，仍然是花出去的钱。<br><i>2021年12月 第1套 · 仔细阅读 · Passage One</i><br>—,A
"survey<br><span style='font-size:14px'>The usual explanation is cost, but <b>surveys</b> consistently show something else.</span>",n./v. ★调查 / 勘测 / 测量 / 全面审视 / 概述 / 纵览<br>通常的解释是成本，但调查一致指向别的东西。<br><i>2022年6月 第1套 · 仔细阅读 · Passage Two</i><br>conduct a survey 进行调查,A
"treat<br><span style='font-size:14px'>A sensible approach is to <b>treat</b> employment data as information rather than as an instruction, and to ask how a subject can be combined with skills that employers value, such as writing clearly, analysing data or speaking another language.</span>","v./n. ★对待,看待 / 处理 / 治疗 / 请客 / 款待 / 乐事<br>明智的做法是把就业数据当作信息而不是指令，并思考如何把一个专业与雇主看重的能力结合起来，比如写得清楚、会分析数据或会说一门外语。<br><i>2021年6月 第1套 · 仔细阅读 · Passage Two</i><br>treat sb as 把某人当作",A
all<br><span style='font-size:14px'><b>All</b> living organisms on Earth are exposed to a 24-hour day-night cycle.</span>,adj./pron. ★所有的 / 全部 / 一切<br>地球上所有的生物体都处在一天二十四小时的昼夜循环之中。<br><i>2025年12月 第1套 · 仔细阅读 · Passage One（昼夜节律）</i><br>after all 毕竟,A
"body<br><span style='font-size:14px'>City planners have long suspected that parks are good for residents, and a growing <b>body</b> of research now supports that intuition.</span>",n. ★身体 / 主体 / 团体 / 尸体<br>城市规划者早就怀疑公园对居民有益，现在越来越多的研究支持这种直觉。<br><i>2023年12月 第1套 · 仔细阅读 · Passage Two</i><br>body language 肢体语言,A
"book<br><span style='font-size:14px'>Psychologists warn that repeated exposure to this pattern trains the brain to expect constant novelty, which makes slower activities, such as reading a <b>book</b> or listening to a lecture, feel uncomfortable by comparison.</span>",n./v. ★书 / 书籍 / 预订<br>心理学家警告说，反复接触这种模式会训练大脑期待持续的新鲜感，相比之下，读书或听讲座这类较慢的活动就会让人觉得不舒服。<br><i>2023年6月 第1套 · 仔细阅读 · Passage One</i><br>book a ticket 订票,A
business<br><span style='font-size:14px'>Economists draw a broader lesson: a <b>business</b> model that depends on unlimited growth will eventually meet the limits of the physical world.</span>,"n. ★生意,商业 / 事务,业务 / 公司,企业 / 职责 / 行业 / 营业额<br>经济学家得出一个更普遍的教训：依赖无限增长的模式终将撞上现实世界的边界。<br><i>2023年12月 第1套 · 长篇阅读 · The Sharing Economy</i><br>business trip 出差",A
"car<br><span style='font-size:14px'>Where buses are frequent, predictable and clean, people use them regardless of income; where services are irregular, even passengers who cannot afford a <b>car</b> will borrow money to avoid them.</span>",n. ★汽车 / 车厢 / 轿车<br>在公交班次密集、准点、干净的地方，无论收入高低人们都会坐；在服务不稳定的地方，连买不起车的人也会借钱躲开公交。<br><i>2022年6月 第1套 · 仔细阅读 · Passage Two</i><br>by car 乘汽车,A
"customer<br><span style='font-size:14px'>Experiments show that <b>customers</b> are more likely to buy when they can see the comparison, even when the so-called original price was never actually charged.</span>","n. ★顾客,客户<br>实验表明，只要能看到对照，顾客就更可能下单，哪怕那个所谓的原价其实从未真正收过。<br><i>2021年12月 第1套 · 仔细阅读 · Passage One</i><br>customer service 客户服务",A
describe<br><span style='font-size:14px'>Convenience follows closely behind: a route that requires two changes and a long walk is rejected even by commuters who <b>describe</b> themselves as environmentally conscious.</span>,"v. ★描述,形容<br>紧随其后的是便利性：一条要换乘两次再走很长一段路的线路，连自称有环保意识的上班族都会拒绝。<br><i>2022年6月 第1套 · 仔细阅读 · Passage Two</i><br>describe sb as 把某人描述为",A
"evidence<br><span style='font-size:14px'>The debate is usually presented as a choice between idealism and realism, but the <b>evidence</b> does not support such a sharp distinction.</span>","n. ★证据,迹象<br>这场争论通常被描述为理想主义与现实主义之间的选择，但证据并不支持如此泾渭分明的划分。<br><i>2021年6月 第1套 · 仔细阅读 · Passage Two</i><br>evidence of/for …的证据",A
first<br><span style='font-size:14px'>Researchers have found that the most effective remedy is not a stricter schedule but a smaller <b>first</b> step: students who were asked merely to open the document and write one sentence frequently continued for an hour.</span>,adj./adv. ★第一的 / 首先 / 最初的<br>研究人员发现，最有效的补救办法不是更严格的日程，而是更小的第一步：那些只被要求打开文档写一句话的学生，往往会接着写上整整一个小时。<br><i>2021年12月 第1套 · 选词填空 · Procrastination</i><br>at first 起初,A
"information<br><span style='font-size:14px'>A study that examined millions of messages shared online reached an uncomfortable conclusion: false <b>information</b> travels faster, further and deeper than accurate information.</span>","n. ★信息,资料 / 情报 / 通知<br>一项研究了数百万条网络转发信息的研究，得出了一个令人不安的结论：虚假信息比真实信息传得更快、更远、更深。<br><i>2021年6月 第1套 · 仔细阅读 · Passage One</i><br>a piece of information 一条信息",A
"introduce<br><span style='font-size:14px'>Unsurprisingly, resentment follows, and in several countries poaching increased after protection was <b>introduced</b>.</span>",v. ★介绍 / 引进 / 提出 / 推行<br>怨恨随之而来，毫不意外，在几个国家，保护措施出台后偷猎反而增加了。<br><i>2021年12月 第1套 · 仔细阅读 · Passage Two</i><br>introduce a system 引入制度,A
"likely<br><span style='font-size:14px'>Experiments show that customers are more <b>likely</b> to buy when they can see the comparison, even when the so-called original price was never actually charged.</span>",adj./adv. ★可能的 / 很可能<br>实验表明，只要能看到对照，顾客就更可能下单，哪怕那个所谓的原价其实从未真正收过。<br><i>2021年12月 第1套 · 仔细阅读 · Passage One</i><br>be likely to do 可能做,A
long<br><span style='font-size:14px'>Convenience follows closely behind: a route that requires two changes and a <b>long</b> walk is rejected even by commuters who describe themselves as environmentally conscious.</span>,v./adj. ★渴望 / 长的<br>紧随其后的是便利性：一条要换乘两次再走很长一段路的线路，连自称有环保意识的上班族都会拒绝。<br><i>2022年6月 第1套 · 仔细阅读 · Passage Two</i><br>long for 渴望,A
money<br><span style='font-size:14px'>They simply fail to notice that the <b>money</b> saved on an unwanted object is still money spent.</span>,"n. ★钱,货币 / 财富 / 收入<br>他们只是没注意到，在一件不需要的东西上省下的钱，仍然是花出去的钱。<br><i>2021年12月 第1套 · 仔细阅读 · Passage One</i><br>make money 赚钱",A
"out<br><span style='font-size:14px'>They also point <b>out</b> that continuous assessment places a heavy burden on teachers, who must mark far more work, and that students in such systems often complain about the constant pressure of deadlines.</span>",adv. ★出去 / 在外 / 熄灭<br>他们还指出，持续性评估给教师带来沉重负担，因为要批改的作业多得多，而且在这种制度下学生常常抱怨截止日期带来的持续压力。<br><i>2023年12月 第1套 · 仔细阅读 · Passage One</i><br>out of 从…中,A
project<br><span style='font-size:14px'><b>Projects</b> that have succeeded tend to share one feature: the people who bear the cost also receive a share of the benefit.</span>,"n./v. ★项目,工程 / 课题 / 投射 / 预测 / 伸出<br>凡是成功的项目往往有一个共同点：承担代价的人也能分到好处。<br><i>2021年12月 第1套 · 仔细阅读 · Passage Two</i><br>project a image 展现形象",A
"remove<br><span style='font-size:14px'>Platforms have tried various responses, from warnings to <b>removing</b> content, but the most effective measure appears to be slower: teaching users to check the source before sharing.</span>","v. ★移走,去掉 / 脱下 / 免职 / 搬家 / 消除<br>平台尝试过各种应对手段，从贴警告到下架内容，但最有效的办法似乎更慢：教用户在转发前先核实来源。<br><i>2021年6月 第1套 · 仔细阅读 · Passage One</i><br>remove from 从…移除",A
"service<br><span style='font-size:14px'>Supermarkets defend these techniques as a <b>service</b> to customers, arguing that a logical arrangement helps people find what they need.</span>",n. ★服务 / 服役 / 公共设施<br>超市为这些手法辩护，称这是对顾客的服务，认为符合逻辑的摆放有助于人们找到需要的东西。<br><i>2022年12月 第1套 · 仔细阅读 · Passage One</i><br>public service 公共服务,A
share<br><span style='font-size:14px'>Projects that have succeeded tend to <b>share</b> one feature: the people who bear the cost also receive a share of the benefit.</span>,"v./n. ★分享,共享 / 分担 / 股份 / 份额 / 一份<br>凡是成功的项目往往有一个共同点：承担代价的人也能分到好处。<br><i>2021年12月 第1套 · 仔细阅读 · Passage Two</i><br>share sth with 与…分享",A
"short<br><span style='font-size:14px'>They propose continuous assessment instead: essays, projects and <b>short</b> tests spread across the term, which they claim give a fairer picture of a student's ability.</span>",adj. ★短的 / 矮的 / 短暂的 / 缺乏的<br>他们主张改用持续性评估：论文、项目和分散在整个学期的小测验，他们认为这样能更公平地反映学生的能力。<br><i>2023年12月 第1套 · 仔细阅读 · Passage One</i><br>be short of 缺少,A
"small<br><span style='font-size:14px'>A single order typically arrives with a plastic container, a paper bag, a set of disposable chopsticks and several <b>small</b> packets of sauce, most of which are used for a few minutes and then thrown away.</span>",adj. ★小的 / 少量的 / 年幼的 / 微不足道的<br>一份订单通常送到一个塑料盒、一个纸袋、一套一次性筷子和几小包调料，其中大部分用上几分钟就被扔掉。<br><i>2023年3月 第1套 · 长篇阅读 · Food Delivery and Packaging Waste</i><br>a small amount of 少量的,A
"support<br><span style='font-size:14px'>The debate is usually presented as a choice between idealism and realism, but the evidence does not <b>support</b> such a sharp distinction.</span>","v./n. ★支持,支撑 / 供养 / 证实 / 支持 / 支撑物 / 赡养<br>这场争论通常被描述为理想主义与现实主义之间的选择，但证据并不支持如此泾渭分明的划分。<br><i>2021年6月 第1套 · 仔细阅读 · Passage Two</i><br>support a family 养家",A
"system<br><span style='font-size:14px'>They also point out that continuous assessment places a heavy burden on teachers, who must mark far more work, and that students in such <b>systems</b> often complain about the constant pressure of deadlines.</span>",n. ★系统 / 制度 / 体系 / 方法<br>他们还指出，持续性评估给教师带来沉重负担，因为要批改的作业多得多，而且在这种制度下学生常常抱怨截止日期带来的持续压力。<br><i>2023年12月 第1套 · 仔细阅读 · Passage One</i><br>education system 教育制度,A
"themselves<br><span style='font-size:14px'>Where villagers are employed as guides, or where a proportion of the entrance fee is returned to the community, attitudes change within a few years, and local residents begin to report illegal hunting <b>themselves</b>.</span>",pron. ★他们自己 / 亲自<br>在村民被雇来做导游、或门票收入有一部分返还给社区的地方，几年之内态度就会转变，当地居民甚至会主动举报非法狩猎。<br><i>2021年12月 第1套 · 仔细阅读 · Passage Two</i><br>by themselves 独自,A
thousand<br><span style='font-size:14px'>A study that followed more than ten <b>thousand</b> adults for fifteen years has found that those who exercised regularly were significantly less likely to develop depression.</span>,num./n. ★一千 / 成千上万<br>一项对一万多名成年人跟踪了十五年的研究发现，经常锻炼的人患抑郁症的概率明显更低。<br><i>2022年12月 第1套 · 听力 · Passage Two</i><br>thousands of 成千上万的,A
"three<br><span style='font-size:14px'>Every summer, students sit in crowded halls and try to recall, in <b>three</b> hours, everything they were supposed to have learned in a semester.</span>",num. ★三 / 三个<br>每年夏天，学生们挤在考场里，试图用三个小时回忆起一整个学期本该学会的所有东西。<br><i>2023年12月 第1套 · 仔细阅读 · Passage One</i><br>—,A
traditional<br><span style='font-size:14px'>Supporters of the <b>traditional</b> exam reply that it has one virtue no alternative has matched: it is difficult to cheat when hundreds of students answer the same questions at the same time under supervision.</span>,adj. ★传统的 / 惯例的<br>传统考试的支持者反驳说，它有一个替代方案比不了的优点：几百人在同一时间、有人监考的情况下回答同样的问题，很难作弊。<br><i>2023年12月 第1套 · 仔细阅读 · Passage One</i><br>traditional culture 传统文化,A
"usually<br><span style='font-size:14px'>Nature reserves are <b>usually</b> drawn on maps as if the land were empty, but in most cases people have lived on it for generations.</span>","adv. ★通常,经常<br>自然保护区在地图上画出来时，那片土地仿佛是空的，但在多数情况下，人们已经在那里世代居住。<br><i>2021年12月 第1套 · 仔细阅读 · Passage Two</i><br>usually do 通常会",A
"value<br><span style='font-size:14px'>Interest, meanwhile, has a practical <b>value</b> that is easy to overlook: students who are genuinely curious study harder, absorb material faster, and are more willing to persist when a course becomes difficult.</span>",n./v. ★价值 / 价格 / 重要性 / 重视 / 评价<br>与此同时，兴趣有一种容易被忽视的实用价值：真正好奇的学生学得更投入、吸收更快，也更愿意在课程变难时坚持下去。<br><i>2021年6月 第1套 · 仔细阅读 · Passage Two</i><br>of great value 很有价值,A
"whether<br><span style='font-size:14px'><b>Whether</b> such rules would work is uncertain, but the debate has made one thing clear: the modern supermarket is not a neutral space.</span>","conj. ★是否 / 不管,无论<br>这类规定是否有效尚不确定，但这场争论把一件事说清楚了：现代超市不是一个中立的空间。<br><i>2022年12月 第1套 · 仔细阅读 · Passage One</i><br>whether or not 是否",A
"within<br><span style='font-size:14px'>Where villagers are employed as guides, or where a proportion of the entrance fee is returned to the community, attitudes change <b>within</b> a few years, and local residents begin to report illegal hunting themselves.</span>",prep. ★在…之内 / 在…里面 / 不超过 / 在内部<br>在村民被雇来做导游、或门票收入有一部分返还给社区的地方，几年之内态度就会转变，当地居民甚至会主动举报非法狩猎。<br><i>2021年12月 第1套 · 仔细阅读 · Passage Two</i><br>within reach 在够得着的范围内,A
"young<br><span style='font-size:14px'>For decades, the standard advice given to ambitious <b>young</b> workers was to change jobs every few years, since moving was the fastest way to raise a salary.</span>",adj./n. ★年轻的 / 幼小的 / 年轻人 / 幼崽<br>几十年来，给有抱负的年轻人的标准建议是每隔几年换一次工作，因为跳槽是涨薪最快的途径。<br><i>2023年3月 第1套 · 仔细阅读 · Passage One</i><br>young people 年轻人,A
"adult<br><span style='font-size:14px'>Items that generate the highest profit are positioned at eye level, while cheaper alternatives are placed on the lowest shelves, where <b>adults</b> rarely look and children do.</span>",n./adj. ★成年人 / 成年动物 / 成年的 / 成熟的 / 老成的<br>利润最高的商品被摆在视线高度，而便宜的替代品被放在最低一层，成年人很少往那里看，孩子倒是看得到。<br><i>2022年12月 第1套 · 仔细阅读 · Passage One</i><br>adult education 成人教育,A
amount<br><span style='font-size:14px'>Several large studies have found only a weak connection between the <b>amount</b> of time people spend online and how lonely they feel.</span>,"n./v. ★数量,总额 / 总计<br>几项大型研究发现，人们上网时间的长短与孤独感之间只有微弱的联系。<br><i>2024年6月 第1套 · 仔细阅读 · Passage Two</i><br>a large amount of 大量的",A
"between<br><span style='font-size:14px'>The debate is usually presented as a choice <b>between</b> idealism and realism, but the evidence does not support such a sharp distinction.</span>",prep. ★在…之间 / 在…中间<br>这场争论通常被描述为理想主义与现实主义之间的选择，但证据并不支持如此泾渭分明的划分。<br><i>2021年6月 第1套 · 仔细阅读 · Passage Two</i><br>between you and me 私下说,A
"clear<br><span style='font-size:14px'>A sensible approach is to treat employment data as information rather than as an instruction, and to ask how a subject can be combined with skills that employers value, such as writing <b>clearly</b>, analysing data or speaking another language.</span>",adj./v. ★清楚的 / 明显的 / 清除 / 晴朗的<br>明智的做法是把就业数据当作信息而不是指令，并思考如何把一个专业与雇主看重的能力结合起来，比如写得清楚、会分析数据或会说一门外语。<br><i>2021年6月 第1套 · 仔细阅读 · Passage Two</i><br>make clear 说明,A
come<br><span style='font-size:14px'>Economists call this the transaction utility: the pleasure <b>comes</b> not from the object but from the bargain itself.</span>,"v. ★来 / 到达 / 发生 / 变得<br>经济学家称之为交易效用：快感不来自商品本身，而来自""捡了便宜""这件事。<br><i>2021年12月 第1套 · 仔细阅读 · Passage One</i><br>come true 实现",A
"country<br><span style='font-size:14px'>Unsurprisingly, resentment follows, and in several <b>countries</b> poaching increased after protection was introduced.</span>",n. ★国家 / 乡村 / 地区<br>怨恨随之而来，毫不意外，在几个国家，保护措施出台后偷猎反而增加了。<br><i>2021年12月 第1套 · 仔细阅读 · Passage Two</i><br>developing country 发展中国家,A
"enjoy<br><span style='font-size:14px'>to the question ""will I regret leaving it? People are not irrational to <b>enjoy</b> a bargain.</span>","v. ★享受,喜爱 / 拥有<br>人们喜欢捡便宜并不算不理性。<br><i>2021年12月 第1套 · 仔细阅读 · Passage One</i><br>enjoy oneself 玩得开心",A
"failure<br><span style='font-size:14px'>Praise for intelligence teaches that ability is a fixed quantity that can be lost at any moment, so <b>failure</b> becomes a threat to identity.</span>",n. ★失败 / 故障 / 失败者<br>夸聪明，是在教他能力是固定的量，随时可能失去，于是失败就成了对自我的威胁。<br><i>2022年6月 第1套 · 仔细阅读 · Passage One</i><br>failure to do sth 未能做某事,A
"food<br><span style='font-size:14px'>Critics reply that the layout is designed to defeat self-control, and several countries have discussed regulations requiring stores to place healthy <b>food</b> in prominent positions.</span>","n. ★食物,食品 / 养料<br>批评者则反驳说，这种布局就是设计来打败自制力的，一些国家已经在讨论立法，要求商店把健康食品放在显眼位置。<br><i>2022年12月 第1套 · 仔细阅读 · Passage One</i><br>food waste 食物浪费",A
"increase<br><span style='font-size:14px'>Unsurprisingly, resentment follows, and in several countries poaching <b>increased</b> after protection was introduced.</span>","n./v. ★增加,增长<br>怨恨随之而来，毫不意外，在几个国家，保护措施出台后偷猎反而增加了。<br><i>2021年12月 第1套 · 仔细阅读 · Passage Two</i><br>increase by 增加了",A
"like<br><span style='font-size:14px'>In such circumstances, a familiar job where the rules are known feels less <b>like</b> a trap and more like a form of security.</span>","prep./v. ★像,如同 / 喜欢 / 想要<br>在这种情况下，一份规则清楚的熟悉工作，感觉就不像牢笼，而像一种安全感。<br><i>2023年3月 第1套 · 仔细阅读 · Passage One</i><br>feel like 想要",A
once<br><span style='font-size:14px'>Buying second-hand goods was <b>once</b> regarded as a sign that a family could not afford new things.</span>,adv./conj. ★一次 / 曾经 / 一旦<br>买二手货曾经被看作是一个家庭买不起新东西的标志。<br><i>2021年12月 第1套 · 长篇阅读 · Second-hand Markets</i><br>at once 立刻,A
own<br><span style='font-size:14px'>Doctors also report that some patients speak more frankly in their <b>own</b> living rooms than they do in a consulting room.</span>,adj./v. ★自己的 / 拥有 / 承认<br>医生还反映，有些病人在自家客厅里说得比在诊室里更坦率。<br><i>2022年12月 第1套 · 仔细阅读 · Passage Two</i><br>on one's own 独自,A
percent<br><span style='font-size:14px'>A label that announces fifty <b>percent</b> off does something strange to the human mind.</span>,n. ★百分比<br>一张写着五折的标签，会对人的心智产生奇怪的作用。<br><i>2021年12月 第1套 · 仔细阅读 · Passage One</i>,A
plastic<br><span style='font-size:14px'><b>Plastic</b> pollution has moved from the edge of public discussion to the centre of it.</span>,n./adj. ★塑料 / 塑料制品 / 塑胶的 / 可塑的 / 造作的<br>塑料污染已经从公众讨论的边缘走到了中心。<br><i>2024年6月 第1套 · 仔细阅读 · Passage One</i><br>plastic waste 塑料垃圾,A
"produce<br><span style='font-size:14px'>A discount that ends tonight <b>produces</b> a mild panic, and panic is a poor adviser: it shifts attention from the question ""do I want this?</span>","v./n. ★生产 / 产生 / 拿出 / 农产品<br>今晚就结束的折扣会引发轻微的恐慌，而恐慌是个糟糕的顾问：它把注意力从""我想要这个吗""转移到""不买会不会后悔""。<br><i>2021年12月 第1套 · 仔细阅读 · Passage One</i><br>produce results 产生结果",A
"since<br><span style='font-size:14px'>For decades, the standard advice given to ambitious young workers was to change jobs every few years, <b>since</b> moving was the fastest way to raise a salary.</span>","conj./prep./adv. ★因为,既然 / 自从…以来 / 此后<br>几十年来，给有抱负的年轻人的标准建议是每隔几年换一次工作，因为跳槽是涨薪最快的途径。<br><i>2023年3月 第1套 · 仔细阅读 · Passage One</i><br>since then 从那以后",A
"tasks<br><span style='font-size:14px'>In one study, pupils who were told they were clever after solving a simple puzzle later chose easier <b>tasks</b>, apparently because they wished to protect the reputation they had just been given.</span>","n. ★任务 / 作业(task 的复数)<br>在一项研究中，因解出一道简单谜题而被夸""聪明""的学生，后来选择了更简单的任务，显然是想保护刚刚获得的那个名声。<br><i>2022年6月 第1套 · 仔细阅读 · Passage One</i><br>—",A
"technology<br><span style='font-size:14px'>The problem, then, is not the <b>technology</b> itself but the habits it encourages.</span>","n. ★技术,工艺 / 科技<br>所以问题不在技术本身，而在它所助长的习惯。<br><i>2024年6月 第1套 · 仔细阅读 · Passage Two</i><br>new technology 新技术",A
"visitor<br><span style='font-size:14px'>A modest fee may seem harmless, but research consistently shows that it discourages precisely the <b>visitors</b> that public funding was intended to attract: families with low incomes, students, and people who have never visited a museum before and are unsure whether they would enjoy it.</span>","n. ★参观者,访问者 / 游客 / 来访者<br>不算高的票价看起来无伤大雅，但研究一致表明，它劝退的恰恰是公共资金本想吸引的那批访客：低收入家庭、学生，以及那些从未进过博物馆、不确定自己会不会喜欢的人。<br><i>2023年6月 第1套 · 仔细阅读 · Passage Two</i><br>visitors to 到…的参观者",A
well<br><span style='font-size:14px'>Those who persist often report an unexpected benefit: their understanding of their own language improves as <b>well</b>.</span>,"adv./adj./int./n./v. ★好,令人满意地 / 完全地 / 详细地 / 健康的 / 良好的 / 井 / 源泉 / 涌出<br>坚持下去的人常常报告一个意外的收获：他们对母语的理解也变好了。<br><i>2022年6月 第1套 · 选词填空 · Learning a Second Language</i><br>as well as 也/和",A
"without<br><span style='font-size:14px'>There is also the question of who is excluded: elderly patients <b>without</b> a smartphone, and those whose hearing or sight makes a screen impractical, are precisely the people who need medical attention most.</span>","prep. ★没有,无 / 在没有…的情况下 / 如果不<br>还有一个""谁被排除在外""的问题：没有智能手机的老年患者，以及视力听力让他们用不了屏幕的人，恰恰是最需要医疗关注的群体。<br><i>2022年12月 第1套 · 仔细阅读 · Passage Two</i><br>without doubt 毫无疑问",A
"activity<br><span style='font-size:14px'>When a reserve is created, those residents may suddenly find that the <b>activities</b> which fed their families are now forbidden, while the animals they were asked to protect destroy their crops.</span>",n. ★活动 / 活跃 / 行动<br>保护区一设立，这些居民可能突然发现，养活一家人的营生现在被禁止了，而他们被要求保护的动物却毁了他们的庄稼。<br><i>2021年12月 第1套 · 仔细阅读 · Passage Two</i><br>after-school activity 课外活动,A
"already<br><span style='font-size:14px'>People who <b>already</b> value exercise may choose to live near parks, which means the park itself may not be the cause of their better health.</span>",adv. ★已经 / 早已<br>本来就重视锻炼的人可能选择住在公园附近，这意味着公园本身未必是他们更健康的原因。<br><i>2023年12月 第1套 · 仔细阅读 · Passage Two</i><br>—,A
"ask<br><span style='font-size:14px'>When a reserve is created, those residents may suddenly find that the activities which fed their families are now forbidden, while the animals they were <b>asked</b> to protect destroy their crops.</span>",v. ★问 / 要求 / 请求<br>保护区一设立，这些居民可能突然发现，养活一家人的营生现在被禁止了，而他们被要求保护的动物却毁了他们的庄稼。<br><i>2021年12月 第1套 · 仔细阅读 · Passage Two</i><br>ask for 请求,A
"bag<br><span style='font-size:14px'>A reusable <b>bag</b> works only if you remember to carry it, and a paper bag costs more and tears easily when it rains.</span>",n. ★包 / 袋 / 提包<br>可重复使用的袋子只有在你记得带上它时才起作用，而纸袋更贵，下雨时还容易破。<br><i>2024年6月 第1套 · 仔细阅读 · Passage One</i><br>hand bag 手提包,A
"begun<br><span style='font-size:14px'>Some weather services have <b>begun</b> to experiment with clearer wording, and early results are encouraging.</span>",v. ★开始(begin 的过去分词)<br>一些气象机构已经开始尝试更清楚的表述，初步结果令人鼓舞。<br><i>2023年3月 第1套 · 仔细阅读 · Passage Two</i><br>—,A
believe<br><span style='font-size:14px'>The difference lies in what the child learns to <b>believe</b>.</span>,v. ★相信 / 认为 / 信任 / 信仰<br>差别在于孩子由此学会了相信什么。<br><i>2022年6月 第1套 · 仔细阅读 · Passage One</i><br>believe in 信任,A
best<br><span style='font-size:14px'>The students who do <b>best</b> are rarely those who followed a formula.</span>,adj./adv. ★最好的 / 最好地<br>表现最好的学生，很少是那些照着公式选的人。<br><i>2021年6月 第1套 · 仔细阅读 · Passage Two</i><br>make the best of 充分利用,A
"both<br><span style='font-size:14px'>For routine matters, such as renewing a prescription or discussing test results, the telephone or a video call is clearly sufficient, and it saves <b>both</b> the patient and the hospital a great deal of time.</span>",adj./pron. ★两个都 / 双方<br>对于续方、讨论检查结果这类常规事务，电话或视频显然已经足够，而且为病人和医院都省下大量时间。<br><i>2022年12月 第1套 · 仔细阅读 · Passage Two</i><br>both...and 既…又,A
"buy<br><span style='font-size:14px'>Experiments show that customers are more likely to <b>buy</b> when they can see the comparison, even when the so-called original price was never actually charged.</span>",v. ★买 / 购买 / 相信<br>实验表明，只要能看到对照，顾客就更可能下单，哪怕那个所谓的原价其实从未真正收过。<br><i>2021年12月 第1套 · 仔细阅读 · Passage One</i><br>buy up 全部买下,A
company<br><span style='font-size:14px'><b>Companies</b> that wish to attract young talent would do better to offer predictable schedules and genuine opportunities to learn than to compete on salary alone.</span>,n. ★公司 / 陪伴 / 同伴 / 连队<br>想吸引年轻人才的公司，与其只在薪资上竞争，不如提供可预期的作息和真正的学习机会。<br><i>2023年3月 第1套 · 仔细阅读 · Passage One</i><br>a large company 大公司,A
"compare<br><span style='font-size:14px'>Researchers measured this by <b>comparing</b> how novel each message was, and found that falsehoods were consistently rated as more unexpected.</span>","v. ★比较,对比 / 比喻<br>研究人员通过衡量每条信息的新奇程度测出了这一点，发现虚假信息一贯被评为更出人意料。<br><i>2021年6月 第1套 · 仔细阅读 · Passage One</i><br>compared with 与…相比",A
"deal<br><span style='font-size:14px'>For routine matters, such as renewing a prescription or discussing test results, the telephone or a video call is clearly sufficient, and it saves both the patient and the hospital a great <b>deal</b> of time.</span>","v./n. ★处理,应对 / 交易 / 大量<br>对于续方、讨论检查结果这类常规事务，电话或视频显然已经足够，而且为病人和医院都省下大量时间。<br><i>2022年12月 第1套 · 仔细阅读 · Passage Two</i><br>deal with 处理",A
effect<br><span style='font-size:14px'>The feeling of scarcity intensifies the <b>effect</b>.</span>,n. ★效果 / 影响 / 作用 / 结果<br>稀缺感会强化这种效果。<br><i>2021年12月 第1套 · 仔细阅读 · Passage One</i><br>have an effect on 对…有影响,A
"family<br><span style='font-size:14px'>When a reserve is created, those residents may suddenly find that the activities which fed their <b>families</b> are now forbidden, while the animals they were asked to protect destroy their crops.</span>",n. ★家庭 / 家人 / 家族 / 子女<br>保护区一设立，这些居民可能突然发现，养活一家人的营生现在被禁止了，而他们被要求保护的动物却毁了他们的庄稼。<br><i>2021年12月 第1套 · 仔细阅读 · Passage Two</i><br>family member 家庭成员,A
"great<br><span style='font-size:14px'>For routine matters, such as renewing a prescription or discussing test results, the telephone or a video call is clearly sufficient, and it saves both the patient and the hospital a <b>great</b> deal of time.</span>",adj. ★伟大的 / 巨大的 / 极好的<br>对于续方、讨论检查结果这类常规事务，电话或视频显然已经足够，而且为病人和医院都省下大量时间。<br><i>2022年12月 第1套 · 仔细阅读 · Passage Two</i><br>a great deal of 大量的,A
"income<br><span style='font-size:14px'>Where buses are frequent, predictable and clean, people use them regardless of <b>income</b>; where services are irregular, even passengers who cannot afford a car will borrow money to avoid them.</span>","n. ★收入,所得<br>在公交班次密集、准点、干净的地方，无论收入高低人们都会坐；在服务不稳定的地方，连买不起车的人也会借钱躲开公交。<br><i>2022年6月 第1套 · 仔细阅读 · Passage Two</i><br>annual income 年收入",A
"into<br><span style='font-size:14px'>Lecturers can help by dividing large projects <b>into</b> parts that must be submitted separately, which removes the possibility of leaving everything until the last week.</span>",prep. ★进入 / 到…里 / 变成<br>任课教师可以帮忙把大项目拆成必须分次提交的部分，这样就没可能把一切都拖到最后一周。<br><i>2021年12月 第1套 · 选词填空 · Procrastination</i><br>—,A
itself<br><span style='font-size:14px'>Economists call this the transaction utility: the pleasure comes not from the object but from the bargain <b>itself</b>.</span>,"pron. ★它自己 / 本身<br>经济学家称之为交易效用：快感不来自商品本身，而来自""捡了便宜""这件事。<br><i>2021年12月 第1套 · 仔细阅读 · Passage One</i><br>in itself 本身",A
"language<br><span style='font-size:14px'>People share material that expresses emotion, and rumours tend to be written in emotional <b>language</b>, whereas corrections are sober and careful, which makes them far less attractive.</span>",n. ★语言 / 语言文字 / 措辞 / 风格<br>人们会转发带有情绪的内容，而谣言往往用情绪化的语言写成，相比之下辟谣文字克制而谨慎，吸引力就差得多。<br><i>2021年6月 第1套 · 仔细阅读 · Passage One</i><br>foreign language 外语,A
"longer<br><span style='font-size:14px'>Pupils who were praised for the method they used, or for the effort they had made, behaved in the opposite way: they selected harder problems and persisted <b>longer</b> when the work became difficult.</span>",adv./adj. ★更久 / 更长的<br>而因所用方法或所付出努力受到表扬的学生，表现恰恰相反：他们选更难的题目，并且在变难时坚持得更久。<br><i>2022年6月 第1套 · 仔细阅读 · Passage One</i><br>no longer 不再,A
"matter<br><span style='font-size:14px'>For routine <b>matters</b>, such as renewing a prescription or discussing test results, the telephone or a video call is clearly sufficient, and it saves both the patient and the hospital a great deal of time.</span>",n./v. ★事情 / 问题 / 物质 / 要紧 / 有关系<br>对于续方、讨论检查结果这类常规事务，电话或视频显然已经足够，而且为病人和医院都省下大量时间。<br><i>2022年12月 第1套 · 仔细阅读 · Passage Two</i><br>no matter what 无论什么,A
"means<br><span style='font-size:14px'>People who already value exercise may choose to live near parks, which <b>means</b> the park itself may not be the cause of their better health.</span>","n. ★方法,手段 / 钱财<br>本来就重视锻炼的人可能选择住在公园附近，这意味着公园本身未必是他们更健康的原因。<br><i>2023年12月 第1套 · 仔细阅读 · Passage Two</i><br>by means of 通过…方式",A
night<br><span style='font-size:14px'>This cycle is the reason why people rest at <b>night</b> and are active during the day.</span>,n. ★夜晚 / 夜间 / 傍晚<br>正是因为这个循环，人们才在夜里休息、白天活动。<br><i>2025年12月 第1套 · 仔细阅读 · Passage One（昼夜节律）</i><br>at night 在夜里,A
"ordinary<br><span style='font-size:14px'>A story about an <b>ordinary</b> event produces no desire to share it, while a story that seems incredible demands an audience.</span>","adj. ★普通的,平常的 / 平凡的 / 平庸的 / 常规的 / 一般的<br>一件平常事不会产生分享的欲望，而一个听起来不可思议的故事却非要有人听不可。<br><i>2021年6月 第1套 · 仔细阅读 · Passage One</i><br>ordinary people 普通人",A
"over<br><span style='font-size:14px'>For example, eating at night can lead to weight gain <b>over</b> time because food intake at night leads to increased fat storage.</span>",prep./adv. ★在…上方 / 超过 / 结束<br>例如，夜里吃东西久而久之会导致体重增加，因为夜间摄入食物会带来更多的脂肪堆积。<br><i>2025年12月 第1套 · 仔细阅读 · Passage One（昼夜节律）</i><br>over and over 反复,A
period<br><span style='font-size:14px'>This means that the specific proteins a drug is designed to modify can react differently to the medicine over the course of a 24-hour time <b>period</b>.</span>,"n. ★时期,阶段 / 一段时间 / 一节课 / 句号<br>这意味着，药物本来要去作用的那些特定蛋白质，在一天的不同时间里对药物的反应可能是不一样的。<br><i>2025年12月 第1套 · 仔细阅读 · Passage One（昼夜节律）</i><br>a period of time 一段时间",A
"praise<br><span style='font-size:14px'>Parents and teachers are constantly advised to <b>praise</b> children, and the advice is seldom questioned.</span>","n./v. ★赞扬,表扬 / 赞美<br>家长和老师不断被建议要多表扬孩子，而这条建议很少被质疑。<br><i>2022年6月 第1套 · 仔细阅读 · Passage One</i><br>praise sb for 因…表扬某人",A
"reach<br><span style='font-size:14px'>A study that examined millions of messages shared online <b>reached</b> an uncomfortable conclusion: false information travels faster, further and deeper than accurate information.</span>",v./n. ★到达 / 达到 / 伸手 / 范围<br>一项研究了数百万条网络转发信息的研究，得出了一个令人不安的结论：虚假信息比真实信息传得更快、更远、更深。<br><i>2021年6月 第1套 · 仔细阅读 · Passage One</i><br>out of reach 够不着,A
receive<br><span style='font-size:14px'>Projects that have succeeded tend to share one feature: the people who bear the cost also <b>receive</b> a share of the benefit.</span>,"v. ★收到,接到 / 受到 / 接待,接见<br>凡是成功的项目往往有一个共同点：承担代价的人也能分到好处。<br><i>2021年12月 第1套 · 仔细阅读 · Passage Two</i><br>receive a letter 收到信",A
recent<br><span style='font-size:14px'><b>Recent</b> surveys suggest that the mood has shifted.</span>,"adj. ★最近的,近来的<br>最近的调查显示，风向变了。<br><i>2023年3月 第1套 · 仔细阅读 · Passage One</i><br>in recent years 近年来",A
"replace<br><span style='font-size:14px'>Yet several museums have found that visitors who enter for free spend more in the shop and café, and that donations from satisfied visitors partly <b>replace</b> the lost ticket revenue.</span>","v. ★取代,替换 / 更换 / 把…放回原处<br>不过几家博物馆发现，免费进来的访客在商店和咖啡馆消费更多，满意访客的捐赠也部分弥补了门票收入的损失。<br><i>2023年6月 第1套 · 仔细阅读 · Passage Two</i><br>replace A with B 用B替换A",A
"research<br><span style='font-size:14px'>City planners have long suspected that parks are good for residents, and a growing body of <b>research</b> now supports that intuition.</span>","n./v. ★研究,调查 / 探索<br>城市规划者早就怀疑公园对居民有益，现在越来越多的研究支持这种直觉。<br><i>2023年12月 第1套 · 仔细阅读 · Passage Two</i><br>research into 研究",A
"respond<br><span style='font-size:14px'>Now images of waste in rivers and on city streets have made the issue personal, and governments in dozens of countries have <b>responded</b> with taxes, bans and recycling programmes.</span>","v. ★回答 / 作出反应,响应 / 有起色<br>如今河流和城市街道上的垃圾画面让这个问题变得切身，数十个国家的政府以征税、禁令和回收计划作出回应。<br><i>2024年6月 第1套 · 仔细阅读 · Passage One</i><br>respond to 回应",A
risk<br><span style='font-size:14px'>New research suggests that pandas may be at <b>risk</b> of dying out because they are too comfortable.</span>,n./v. ★风险 / 冒险 / 冒…的风险<br>新的研究表明，大熊猫可能因为生活过于安逸而面临灭绝的风险。<br><i>2025年6月 第1套 · 仔细阅读 · Passage One（大熊猫）</i><br>at risk 处于危险中,A
"rule<br><span style='font-size:14px'>Whether such <b>rules</b> would work is uncertain, but the debate has made one thing clear: the modern supermarket is not a neutral space.</span>",n./v. ★规则 / 统治 / 规定 / 裁定<br>这类规定是否有效尚不确定，但这场争论把一件事说清楚了：现代超市不是一个中立的空间。<br><i>2022年12月 第1套 · 仔细阅读 · Passage One</i><br>as a rule 通常,A
something<br><span style='font-size:14px'>A label that announces fifty percent off does <b>something</b> strange to the human mind.</span>,pron. ★某事 / 某物 / 大约<br>一张写着五折的标签，会对人的心智产生奇怪的作用。<br><i>2021年12月 第1套 · 仔细阅读 · Passage One</i><br>something like 大约,A
"space<br><span style='font-size:14px'>Whether such rules would work is uncertain, but the debate has made one thing clear: the modern supermarket is not a neutral <b>space</b>.</span>",n. ★空间 / 太空 / 空地 / 间隔<br>这类规定是否有效尚不确定，但这场争论把一件事说清楚了：现代超市不是一个中立的空间。<br><i>2022年12月 第1套 · 仔细阅读 · Passage One</i><br>open space 空地,A
think<br><span style='font-size:14px'>Watching a video that requires you to <b>think</b> is very different from passively consuming an endless stream of clips chosen by an algorithm.</span>,"v. ★认为,觉得 / 思考 / 想起<br>观看一个需要你动脑的视频，与被动消费由算法推送的无尽片段，完全是两回事。<br><i>2023年6月 第1套 · 仔细阅读 · Passage One</i><br>think of 想到",A
"tool<br><span style='font-size:14px'>Teachers who use such <b>tools</b> say they save several hours a week, which they can spend talking to students instead of correcting papers.</span>",n. ★工具 / 手段 / 器械<br>使用这类工具的教师说，它们每周为他们省下几个小时，这些时间可以用来和学生交流，而不是批改作业。<br><i>2023年6月 第1套 · 听力 · Passage Two</i><br>power tool 电动工具,A
"traffic<br><span style='font-size:14px'>Long-term exposure to <b>traffic</b> noise has been linked to high blood pressure, disturbed sleep and, in children, slower progress in reading.</span>",n. ★交通 / 来往车辆 / 运输量<br>长期暴露在交通噪音中已经与高血压、睡眠受扰，以及儿童阅读进度变慢联系在一起。<br><i>2021年6月 第1套 · 选词填空 · Noise in Cities</i><br>traffic jam 交通堵塞,A
"under<br><span style='font-size:14px'>Critics argue that this ritual measures memory <b>under</b> pressure rather than genuine understanding, and that a single afternoon should not determine a student's grade.</span>",prep. ★在…下面 / 少于 / 在…之下<br>批评者认为，这种仪式考的是压力下的记忆力，而不是真正的理解，一个下午也不该决定学生的成绩。<br><i>2023年12月 第1套 · 仔细阅读 · Passage One</i><br>under control 在控制之下,A
"visit<br><span style='font-size:14px'>Telemedicine expanded rapidly when patients could not <b>visit</b> clinics, and many of them discovered that a consultation conducted from home was more convenient than a journey across the city followed by an hour in a waiting room.</span>","v./n. ★拜访,访问 / 参观 / 视察 / 探望 / 逗留 / 访问 / 参观 / 探望 / 出诊<br>当病人无法到诊所时，远程医疗迅速铺开，许多病人发现在家问诊，比横穿城市再在候诊室坐上一小时要方便得多。<br><i>2022年12月 第1套 · 仔细阅读 · Passage Two</i><br>pay a visit to 参观/拜访",A
"waste<br><span style='font-size:14px'>Now images of <b>waste</b> in rivers and on city streets have made the issue personal, and governments in dozens of countries have responded with taxes, bans and recycling programmes.</span>","n./v./adj. ★浪费 / 废物,废料 / 荒地 / 消耗 / 浪费,滥用 / 使荒芜 / 废弃的 / 荒芜的<br>如今河流和城市街道上的垃圾画面让这个问题变得切身，数十个国家的政府以征税、禁令和回收计划作出回应。<br><i>2024年6月 第1套 · 仔细阅读 · Passage One</i><br>waste time 浪费时间",A
"worker<br><span style='font-size:14px'>For decades, the standard advice given to ambitious young <b>workers</b> was to change jobs every few years, since moving was the fastest way to raise a salary.</span>",n. ★工人 / 工作者 / 员工<br>几十年来，给有抱负的年轻人的标准建议是每隔几年换一次工作，因为跳槽是涨薪最快的途径。<br><i>2023年3月 第1套 · 仔细阅读 · Passage One</i><br>office worker 上班族,A
"you<br><span style='font-size:14px'>It is an argument, made of shelves, about what <b>you</b> should want.</span>","pron. ★你 / 你们 / 人们<br>它是由货架搭成的一套论证，主题是""你应该想要什么""。<br><i>2022年12月 第1套 · 仔细阅读 · Passage One</i><br>—",A
"alone<br><span style='font-size:14px'>The problem cannot be solved by deleting rumours <b>alone</b>, because the demand for surprising stories remains.</span>",adj./adv. ★独自的 / 仅仅 / 单独地<br>仅靠删除谣言解决不了问题，因为对离奇故事的需求还在。<br><i>2021年6月 第1套 · 仔细阅读 · Passage One</i><br>leave alone 不打扰,A
"among<br><span style='font-size:14px'>Volunteering has become increasingly popular <b>among</b> young people, and universities now regard it as an important part of education.</span>",prep. ★在…之中 / 在…之间<br>志愿服务在年轻人中越来越流行，大学如今也把它视为教育的重要组成部分。<br><i>2023年12月 第1套 · 选词填空 · Volunteering among Young People</i><br>among others 其中之一,A
arrangement<br><span style='font-size:14px'>Conservationists sometimes regard such <b>arrangements</b> as a compromise with principle.</span>,n. ★安排 / 布置 / 协议<br>环保人士有时认为这种安排是对原则的妥协。<br><i>2021年12月 第1套 · 仔细阅读 · Passage Two</i><br>make arrangements for 为…做安排,A
attract<br><span style='font-size:14px'>Companies that wish to <b>attract</b> young talent would do better to offer predictable schedules and genuine opportunities to learn than to compete on salary alone.</span>,"v. ★吸引,引起<br>想吸引年轻人才的公司，与其只在薪资上竞争，不如提供可预期的作息和真正的学习机会。<br><i>2023年3月 第1套 · 仔细阅读 · Passage One</i><br>attract attention 吸引注意",A
"bad<br><span style='font-size:14px'>Grades tend to rise, partly because students are assessed on their best work rather than their <b>worst</b> day, but employers sometimes complain that they can no longer compare graduates from different institutions.</span>",adj. ★坏的 / 严重的 / 有害的<br>成绩往往会上升，部分原因是学生按最好的表现而不是最糟的一天被评价，但雇主有时会抱怨他们再也无法比较不同学校的毕业生。<br><i>2023年12月 第1套 · 仔细阅读 · Passage One</i><br>be bad for 对…有害,A
"charge<br><span style='font-size:14px'>Experiments show that customers are more likely to buy when they can see the comparison, even when the so-called original price was never actually <b>charged</b>.</span>",n./v. ★费用 / 负责 / 充电 / 指控 / 收费<br>实验表明，只要能看到对照，顾客就更可能下单，哪怕那个所谓的原价其实从未真正收过。<br><i>2021年12月 第1套 · 仔细阅读 · Passage One</i><br>in charge of 负责;free of charge 免费,A
"china<br><span style='font-size:14px'>Chopsticks have been used in <b>China</b> for at least three thousand years, and they reflect a practical attitude towards food: dishes are cut into small pieces before they are served, so a knife at the table is unnecessary.</span>",n. ★中国 / 瓷器<br>筷子在中国至少已经使用了三千年，它反映出一种务实的饮食态度：菜在上桌前就切成了小块，因此餐桌上不需要刀。<br><i>2021年6月 第1套 · 翻译 · 筷子与餐桌礼仪</i><br>—,A
"classroom<br><span style='font-size:14px'>Teachers who have adopted this approach report that students become more willing to attempt questions they cannot immediately answer, and that <b>classrooms</b> become quieter places where mistakes are discussed rather than hidden.</span>",n. ★教室 / 课堂<br>采用这种做法的教师反映，学生更愿意去尝试不能立刻答出的问题，课堂也变得更安静，错误被拿出来讨论，而不是被藏起来。<br><i>2022年6月 第1套 · 仔细阅读 · Passage One</i><br>in the classroom 在教室里,A
college<br><span style='font-size:14px'>Researchers have long been concerned about the sleeping habits of <b>college</b> students.</span>,"n. ★大学,学院 / 学会<br>研究人员长期关注大学生的睡眠习惯。<br><i>2024年6月 第1套 · 听力 · Passage Two</i><br>go to college 上大学",A
"community<br><span style='font-size:14px'>Where villagers are employed as guides, or where a proportion of the entrance fee is returned to the <b>community</b>, attitudes change within a few years, and local residents begin to report illegal hunting themselves.</span>","n. ★社区,群体 / 界<br>在村民被雇来做导游、或门票收入有一部分返还给社区的地方，几年之内态度就会转变，当地居民甚至会主动举报非法狩猎。<br><i>2021年12月 第1套 · 仔细阅读 · Passage Two</i><br>the academic community 学术界",A
"complain<br><span style='font-size:14px'>They also point out that continuous assessment places a heavy burden on teachers, who must mark far more work, and that students in such systems often <b>complain</b> about the constant pressure of deadlines.</span>","v. ★抱怨,投诉<br>他们还指出，持续性评估给教师带来沉重负担，因为要批改的作业多得多，而且在这种制度下学生常常抱怨截止日期带来的持续压力。<br><i>2023年12月 第1套 · 仔细阅读 · Passage One</i><br>complain about 抱怨",A
convenience<br><span style='font-size:14px'><b>Convenience</b> follows closely behind: a route that requires two changes and a long walk is rejected even by commuters who describe themselves as environmentally conscious.</span>,"n. ★方便,便利 / 便利设施<br>紧随其后的是便利性：一条要换乘两次再走很长一段路的线路，连自称有环保意识的上班族都会拒绝。<br><i>2022年6月 第1套 · 仔细阅读 · Passage Two</i><br>at one's convenience 在某人方便时",A
"culture<br><span style='font-size:14px'>In every <b>culture</b> and country, you will find music.</span>",n. ★文化 / 文明 / 教养 / 培养 / 栽培<br>在每一种文化、每一个国家，你都能找到音乐。<br><i>2026年6月 第1套 · 仔细阅读 · Passage Two（音乐）</i><br>cultural difference 文化差异,A
cycle<br><span style='font-size:14px'>All living organisms on Earth are exposed to a 24-hour day-night <b>cycle</b>.</span>,v./n. ★骑自行车 / 循环 / 周期<br>地球上所有的生物体都处在一天二十四小时的昼夜循环之中。<br><i>2025年12月 第1套 · 仔细阅读 · Passage One（昼夜节律）</i><br>—,A
"daily<br><span style='font-size:14px'>Consequently, all human body functions also follow this <b>daily</b> rhythm, and the timing of behaviors like exercise or food intake can significantly influence your health.</span>",adj./adv. ★日常的 / 每天<br>因此，人体所有的机能也都遵循这种日常节律，而运动、进食这类行为发生的时机，会对你的健康产生显著影响。<br><i>2025年12月 第1套 · 仔细阅读 · Passage One（昼夜节律）</i><br>daily routine 日常作息,A
"depend<br><span style='font-size:14px'>Trust, it seems, <b>depends</b> less on being right than on being understood.</span>","v. ★依靠,取决于<br>看来，信任与其说取决于说得准，不如说取决于说得让人懂。<br><i>2023年3月 第1套 · 仔细阅读 · Passage Two</i><br>depend on 取决于;rely on 同义",A
"develop<br><span style='font-size:14px'>In fact, adults have advantages that children do not: they understand grammar more quickly and they can rely on strategies they have <b>developed</b> from reading.</span>",v. ★发展 / 培养 / 开发 / 冲洗(照片)<br>事实上，成年人有孩子没有的优势：他们掌握语法更快，也能借助从阅读中培养出来的学习策略。<br><i>2022年6月 第1套 · 选词填空 · Learning a Second Language</i><br>develop a habit 养成习惯,A
"early<br><span style='font-size:14px'>Some weather services have begun to experiment with clearer wording, and <b>early</b> results are encouraging.</span>",adj./adv. ★早的 / 早期的 / 提早地<br>一些气象机构已经开始尝试更清楚的表述，初步结果令人鼓舞。<br><i>2023年3月 第1套 · 仔细阅读 · Passage Two</i><br>early in the morning 一大早,A
"effort<br><span style='font-size:14px'>Pupils who were praised for the method they used, or for the <b>effort</b> they had made, behaved in the opposite way: they selected harder problems and persisted longer when the work became difficult.</span>",n. ★努力 / 尝试 / 成果<br>而因所用方法或所付出努力受到表扬的学生，表现恰恰相反：他们选更难的题目，并且在变难时坚持得更久。<br><i>2022年6月 第1套 · 仔细阅读 · Passage One</i><br>make an effort 努力,A
"example<br><span style='font-size:14px'>For <b>example</b>, eating at night can lead to weight gain over time because food intake at night leads to increased fat storage.</span>",n. ★例子 / 榜样 / 范例<br>例如，夜里吃东西久而久之会导致体重增加，因为夜间摄入食物会带来更多的脂肪堆积。<br><i>2025年12月 第1套 · 仔细阅读 · Passage One（昼夜节律）</i><br>for example 例如,A
"explain<br><span style='font-size:14px'>Forecasters have been slow to <b>explain</b> probability in ordinary language, and television presenters often simplify the information until the uncertainty disappears.</span>","v. ★解释,说明 / 为…辩解<br>预报员一直不擅长用日常语言解释概率，电视主持人又常常把信息简化得连不确定性都消失了。<br><i>2023年3月 第1套 · 仔细阅读 · Passage Two</i><br>explain away 搪塞过去",A
factor<br><span style='font-size:14px'>There is a second <b>factor</b>.</span>,"n. ★因素,要素<br>还有第二个因素。<br><i>2021年6月 第1套 · 仔细阅读 · Passage One</i><br>key factor 关键因素",A
"form<br><span style='font-size:14px'>In such circumstances, a familiar job where the rules are known feels less like a trap and more like a <b>form</b> of security.</span>",v./n. ★形成 / 构成 / 表格 / 形式<br>在这种情况下，一份规则清楚的熟悉工作，感觉就不像牢笼，而像一种安全感。<br><i>2023年3月 第1套 · 仔细阅读 · Passage One</i><br>in the form of 以…形式,A
"hospital<br><span style='font-size:14px'>For routine matters, such as renewing a prescription or discussing test results, the telephone or a video call is clearly sufficient, and it saves both the patient and the <b>hospital</b> a great deal of time.</span>",n. ★医院 / 治疗所<br>对于续方、讨论检查结果这类常规事务，电话或视频显然已经足够，而且为病人和医院都省下大量时间。<br><i>2022年12月 第1套 · 仔细阅读 · Passage Two</i><br>in hospital 住院,A
improve<br><span style='font-size:14px'>Weather forecasting has <b>improved</b> dramatically.</span>,"v. ★改善,提高<br>天气预报的准确性已经大幅提高。<br><i>2023年3月 第1套 · 仔细阅读 · Passage Two</i><br>improve efficiency 提高效率",A
"industry<br><span style='font-size:14px'>Companies point out that the system allows anyone to start earning within a day, and that attempts to regulate the <b>industry</b> have reduced the number of available jobs.</span>","n. ★工业,产业 / 勤劳<br>企业指出，这套体系让任何人一天之内就能开始挣钱，而试图监管这个行业反而减少了可提供的岗位。<br><i>2021年6月 第1套 · 长篇阅读 · Gig Work and Delivery Riders</i><br>the tourism industry 旅游业",A
"keep<br><span style='font-size:14px'>When schools closed, online education was praised as the solution that would <b>keep</b> learning alive.</span>","v. ★保持,继续 / 保存 / 饲养<br>学校停课时，在线教育被誉为能让学习延续下去的解决方案。<br><i>2022年12月 第1套 · 长篇阅读 · Online Education after the Pandemic</i><br>keep in touch 保持联系",A
limit<br><span style='font-size:14px'>Yet there are <b>limits</b> that no improvement in video quality will remove.</span>,"n./v. ★限度,限制 / 限定<br>然而有些局限是视频画质再怎么改善也消除不了的。<br><i>2022年12月 第1套 · 仔细阅读 · Passage Two</i><br>set a limit 设限",A
medicine<br><span style='font-size:14px'>This means that the specific proteins a drug is designed to modify can react differently to the <b>medicine</b> over the course of a 24-hour time period.</span>,n. ★药 / 医学 / 内科<br>这意味着，药物本来要去作用的那些特定蛋白质，在一天的不同时间里对药物的反应可能是不一样的。<br><i>2025年12月 第1套 · 仔细阅读 · Passage One（昼夜节律）</i><br>take medicine 吃药,A
"millions<br><span style='font-size:14px'>A study that examined <b>millions</b> of messages shared online reached an uncomfortable conclusion: false information travels faster, further and deeper than accurate information.</span>",n. ★数百万 / 大量<br>一项研究了数百万条网络转发信息的研究，得出了一个令人不安的结论：虚假信息比真实信息传得更快、更远、更深。<br><i>2021年6月 第1套 · 仔细阅读 · Passage One</i><br>millions of 数百万的,A
"month<br><span style='font-size:14px'>Many adults give up learning a second language after a few <b>months</b>, and researchers say the reason is rarely a lack of ability.</span>","n. ★月,月份 / 一个月时间<br>许多成年人学外语几个月后就放弃了，研究人员说原因很少是能力不够。<br><i>2022年6月 第1套 · 选词填空 · Learning a Second Language</i><br>last month 上个月",A
"near<br><span style='font-size:14px'>People who already value exercise may choose to live <b>near</b> parks, which means the park itself may not be the cause of their better health.</span>",prep./adj. ★靠近 / 接近的<br>本来就重视锻炼的人可能选择住在公园附近，这意味着公园本身未必是他们更健康的原因。<br><i>2023年12月 第1套 · 仔细阅读 · Passage Two</i><br>near by 在附近,A
"never<br><span style='font-size:14px'>Experiments show that customers are more likely to buy when they can see the comparison, even when the so-called original price was <b>never</b> actually charged.</span>",adv. ★从不 / 决不<br>实验表明，只要能看到对照，顾客就更可能下单，哪怕那个所谓的原价其实从未真正收过。<br><i>2021年12月 第1套 · 仔细阅读 · Passage One</i><br>—,A
object<br><span style='font-size:14px'>Economists call this the transaction utility: the pleasure comes not from the <b>object</b> but from the bargain itself.</span>,"n./v. ★物体 / 目标 / 宾语 / 反对<br>经济学家称之为交易效用：快感不来自商品本身，而来自""捡了便宜""这件事。<br><i>2021年12月 第1套 · 仔细阅读 · Passage One</i><br>object to 反对",A
"order<br><span style='font-size:14px'>Essentials such as milk, bread and eggs are deliberately placed at the back or on opposite sides of the store, so that customers must walk past hundreds of other products in <b>order</b> to reach them.</span>",n./v. ★顺序 / 命令 / 订购 / 秩序<br>牛奶、面包和鸡蛋这类必需品被有意放在商店最里面或相对的两侧，顾客为了拿到它们，必须经过几百种其他商品。<br><i>2022年12月 第1套 · 仔细阅读 · Passage One</i><br>in order 井然有序,A
our<br><span style='font-size:14px'>Psychologists have long been interested in how we construct <b>our</b> identities.</span>,pron. ★我们的<br>心理学家长期以来一直对我们如何建构自身身份很感兴趣。<br><i>2025年6月 第1套 · 选词填空 · Constructing Identities</i><br>—,A
"phone<br><span style='font-size:14px'>On average, undergraduates devoted less than three hours a day to study, while they spent almost five hours on their <b>phones</b>.</span>","n./v. ★电话,手机 / 听筒 / 打电话<br>平均来说，本科生每天用于学习的时间不到三小时，而花在手机上的时间接近五小时。<br><i>2023年6月 第1套 · 选词填空 · Time Management</i><br>mobile phone 手机",A
"physical<br><span style='font-size:14px'>A physician cannot examine an abdomen, feel a lump or observe how a patient walks down a corridor through a screen, and these <b>physical</b> signs are often what reveal a serious condition.</span>",adj. ★身体的 / 物质的 / 物理的<br>医生无法隔着屏幕按压腹部、摸到肿块，或观察病人如何走过走廊，而这些体征往往正是发现重病的线索。<br><i>2022年12月 第1套 · 仔细阅读 · Passage Two</i><br>physical exercise 体育锻炼,A
"point<br><span style='font-size:14px'>They also <b>point</b> out that continuous assessment places a heavy burden on teachers, who must mark far more work, and that students in such systems often complain about the constant pressure of deadlines.</span>",n./v. ★点 / 观点 / 要点 / 时刻 / 指向 / 表明<br>他们还指出，持续性评估给教师带来沉重负担，因为要批改的作业多得多，而且在这种制度下学生常常抱怨截止日期带来的持续压力。<br><i>2023年12月 第1套 · 仔细阅读 · Passage One</i><br>point out 指出,A
"pressure<br><span style='font-size:14px'>Critics argue that this ritual measures memory under <b>pressure</b> rather than genuine understanding, and that a single afternoon should not determine a student's grade.</span>",n./v. ★压力 / 压迫 / 施加压力<br>批评者认为，这种仪式考的是压力下的记忆力，而不是真正的理解，一个下午也不该决定学生的成绩。<br><i>2023年12月 第1套 · 仔细阅读 · Passage One</i><br>under pressure 处于压力下,A
regard<br><span style='font-size:14px'>Conservationists sometimes <b>regard</b> such arrangements as a compromise with principle.</span>,"v./n. ★看待,认为 / 注意 / 尊敬 / 问候 / 方面<br>环保人士有时认为这种安排是对原则的妥协。<br><i>2021年12月 第1套 · 仔细阅读 · Passage Two</i><br>regard A as 把A看作",A
"rely<br><span style='font-size:14px'>In fact, adults have advantages that children do not: they understand grammar more quickly and they can <b>rely</b> on strategies they have developed from reading.</span>","v. ★依赖,依靠 / 信赖<br>事实上，成年人有孩子没有的优势：他们掌握语法更快，也能借助从阅读中培养出来的学习策略。<br><i>2022年6月 第1套 · 选词填空 · Learning a Second Language</i><br>rely on 依靠",A
"reveal<br><span style='font-size:14px'>A physician cannot examine an abdomen, feel a lump or observe how a patient walks down a corridor through a screen, and these physical signs are often what <b>reveal</b> a serious condition.</span>","v. ★揭示,透露 / 显露,展现<br>医生无法隔着屏幕按压腹部、摸到肿块，或观察病人如何走过走廊，而这些体征往往正是发现重病的线索。<br><i>2022年12月 第1套 · 仔细阅读 · Passage Two</i><br>reveal that 表明",A
"said<br><span style='font-size:14px'>That <b>said</b>, it would be dishonest to ignore the market.</span>",v. ★说 / 讲(say 的过去式/过去分词)<br>话虽如此，无视市场也不诚实。<br><i>2021年6月 第1套 · 仔细阅读 · Passage Two</i><br>—,A
"shift<br><span style='font-size:14px'>A discount that ends tonight produces a mild panic, and panic is a poor adviser: it <b>shifts</b> attention from the question ""do I want this?</span>","n./v. ★转变,转移 / 轮班 / 换挡 / 移动 / 改变<br>今晚就结束的折扣会引发轻微的恐慌，而恐慌是个糟糕的顾问：它把注意力从""我想要这个吗""转移到""不买会不会后悔""。<br><i>2021年12月 第1套 · 仔细阅读 · Passage One</i><br>shift from …to 从…转向",A
"single<br><span style='font-size:14px'>Critics argue that this ritual measures memory under pressure rather than genuine understanding, and that a <b>single</b> afternoon should not determine a student's grade.</span>",adj. ★单一的 / 单身的 / 唯一的<br>批评者认为，这种仪式考的是压力下的记忆力，而不是真正的理解，一个下午也不该决定学生的成绩。<br><i>2023年12月 第1套 · 仔细阅读 · Passage One</i><br>single out 挑出,A
"sleep<br><span style='font-size:14px'>Long-term exposure to traffic noise has been linked to high blood pressure, disturbed <b>sleep</b> and, in children, slower progress in reading.</span>",v./n. ★睡觉 / 睡眠<br>长期暴露在交通噪音中已经与高血压、睡眠受扰，以及儿童阅读进度变慢联系在一起。<br><i>2021年6月 第1套 · 选词填空 · Noise in Cities</i><br>—,A
"staff<br><span style='font-size:14px'>In rural schools, for example, volunteer teachers have helped to reduce the shortage of <b>staff</b> and have introduced courses that the schools could not otherwise offer.</span>","n./v. ★员工,全体职员 / 行政人员 / 为…配备人员<br>例如在乡村学校，志愿教师帮助缓解了师资短缺，还开设了这些学校原本无法提供的课程。<br><i>2023年12月 第1套 · 选词填空 · Volunteering among Young People</i><br>teaching staff 教职工",A
"story<br><span style='font-size:14px'>A <b>story</b> about an ordinary event produces no desire to share it, while a story that seems incredible demands an audience.</span>",n. ★故事 / 报道 / 楼层<br>一件平常事不会产生分享的欲望，而一个听起来不可思议的故事却非要有人听不可。<br><i>2021年6月 第1套 · 仔细阅读 · Passage One</i><br>tell a story 讲故事,A
"subject<br><span style='font-size:14px'>Every year, families argue about the same question: should a student choose the <b>subject</b> they love, or the one that leads to a secure job?</span>","n./adj./v. ★主题,题目 / 学科 / 主语 / 受试者 / 臣民 / 受…支配的 / 使服从 / 使经历<br>每年，家家户户都在争论同一个问题：学生该选自己喜欢的专业，还是选好就业的那个？<br><i>2021年6月 第1套 · 仔细阅读 · Passage Two</i><br>be subject to 受…支配/易受",A
"tea<br><span style='font-size:14px'><b>Tea</b> has been drunk in China for thousands of years, and it occupies a special place in Chinese culture.</span>",n. ★茶 / 茶叶 / 茶点<br>茶在中国已经被饮用了数千年，在中国文化中占有特殊的位置。<br><i>2023年12月 第1套 · 翻译 · 中国茶文化</i><br>green tea 绿茶,A
"though<br><span style='font-size:14px'>Researchers who tried to control for this factor still found a measurable benefit, <b>though</b> a smaller one.</span>","conj./adv. ★虽然,尽管 / 不过,然而<br>试图控制这一因素的研究人员仍然发现了可测量的好处，只是幅度更小一些。<br><i>2023年12月 第1套 · 仔细阅读 · Passage Two</i><br>even though 即使",A
"too<br><span style='font-size:14px'>Workers still care about pay, but they also weigh the cost of constant uncertainty, and increasingly they conclude that the price is <b>too</b> high.</span>",adv. ★太 / 也 / 非常<br>员工仍然在意薪水，但他们也会衡量持续不确定性带来的代价，而且越来越多的人认为这个代价太高。<br><i>2023年3月 第1套 · 仔细阅读 · Passage One</i><br>too...to 太…以至于不能,A
two<br><span style='font-size:14px'>Convenience follows closely behind: a route that requires <b>two</b> changes and a long walk is rejected even by commuters who describe themselves as environmentally conscious.</span>,num. ★二 / 两个<br>紧随其后的是便利性：一条要换乘两次再走很长一段路的线路，连自称有环保意识的上班族都会拒绝。<br><i>2022年6月 第1套 · 仔细阅读 · Passage Two</i><br>—,A
"walk<br><span style='font-size:14px'>Essentials such as milk, bread and eggs are deliberately placed at the back or on opposite sides of the store, so that customers must <b>walk</b> past hundreds of other products in order to reach them.</span>","v./n. ★走,步行 / 散步 / 陪伴…走 / 遛 / 走过 / 步行 / 散步 / 步态 / 人行道<br>牛奶、面包和鸡蛋这类必需品被有意放在商店最里面或相对的两侧，顾客为了拿到它们，必须经过几百种其他商品。<br><i>2022年12月 第1套 · 仔细阅读 · Passage One</i><br>walk of life 行业/阶层",A
world<br><span style='font-size:14px'>It has the power to unite people throughout the <b>world</b>.</span>,n. ★世界 / 世人 / 领域<br>它有力量把全世界的人团结在一起。<br><i>2026年6月 第1套 · 仔细阅读 · Passage Two（音乐）</i><br>around the world 全世界,A
"age<br><span style='font-size:14px'>It brings the business of design to life for students <b>aged</b> 13 to 16 by challenging them to develop a new creative, sustainable and commercially feasible product.</span>",n./v. ★年龄 / 时代 / 变老<br>它面向十三到十六岁的学生，要求他们开发一件新颖、可持续且商业上可行的产品，由此让设计这门生意变得触手可及。<br><i>2025年6月 第1套 · 长篇阅读 · Getting Young Minds into Design</i><br>at the age of 在…岁时,A
"although<br><span style='font-size:14px'><b>Although</b> keyboards have replaced pens in most offices, researchers argue that handwriting still has a valuable role in education.</span>","conj. ★虽然,尽管 / 然而<br>尽管键盘在大多数办公室已经取代了笔，研究人员认为手写在教育中仍有宝贵的价值。<br><i>2023年3月 第1套 · 选词填空 · The Value of Handwriting</i><br>although it is hard 尽管很难",A
"another<br><span style='font-size:14px'>A sensible approach is to treat employment data as information rather than as an instruction, and to ask how a subject can be combined with skills that employers value, such as writing clearly, analysing data or speaking <b>another</b> language.</span>",adj./pron. ★另一个 / 再一个<br>明智的做法是把就业数据当作信息而不是指令，并思考如何把一个专业与雇主看重的能力结合起来，比如写得清楚、会分析数据或会说一门外语。<br><i>2021年6月 第1套 · 仔细阅读 · Passage Two</i><br>one another 互相,A
"any<br><span style='font-size:14px'>Praise for intelligence teaches that ability is a fixed quantity that can be lost at <b>any</b> moment, so failure becomes a threat to identity.</span>",adj./pron. ★任何的 / 一些 / 丝毫<br>夸聪明，是在教他能力是固定的量，随时可能失去，于是失败就成了对自我的威胁。<br><i>2022年6月 第1套 · 仔细阅读 · Passage One</i><br>in any case 无论如何,A
anyone<br><span style='font-size:14px'><b>Anyone</b> who has entered a supermarket for a litre of milk and left with a basket full of goods has experienced the most carefully studied layout in retail.</span>,pron. ★任何人 / 无论谁<br>任何一位为了一升牛奶走进超市、最后拎着满满一篮子商品出来的人，都体验过零售业里研究得最透彻的布局。<br><i>2022年12月 第1套 · 仔细阅读 · Passage One</i><br>—,A
"avoid<br><span style='font-size:14px'>Where buses are frequent, predictable and clean, people use them regardless of income; where services are irregular, even passengers who cannot afford a car will borrow money to <b>avoid</b> them.</span>","v. ★避免,回避<br>在公交班次密集、准点、干净的地方，无论收入高低人们都会坐；在服务不稳定的地方，连买不起车的人也会借钱躲开公交。<br><i>2022年6月 第1套 · 仔细阅读 · Passage Two</i><br>avoid doing 避免做",A
"bring<br><span style='font-size:14px'>Now that design education is limited in the curriculum, I'm all in favour of competitions such as Design Ventura, which helps to <b>bring</b> the standard curriculum to life, says Cleaver.</span>",v. ★带来 / 引起 / 使处于<br>既然设计在课程中的地位有限，我完全支持 Design Ventura 这类竞赛，它有助于让标准课程变得鲜活，克利弗说。<br><i>2025年6月 第1套 · 长篇阅读 · Getting Young Minds into Design</i><br>bring about 引起,A
carefully<br><span style='font-size:14px'>Anyone who has entered a supermarket for a litre of milk and left with a basket full of goods has experienced the most <b>carefully</b> studied layout in retail.</span>,adv. ★仔细地 / 小心地<br>任何一位为了一升牛奶走进超市、最后拎着满满一篮子商品出来的人，都体验过零售业里研究得最透彻的布局。<br><i>2022年12月 第1套 · 仔细阅读 · Passage One</i><br>—,A
"carry<br><span style='font-size:14px'>A reusable bag works only if you remember to <b>carry</b> it, and a paper bag costs more and tears easily when it rains.</span>","v. ★携带 / 搬运 / 传播 / 支撑 / 具有 / 刊登 / 怀(孕)<br>可重复使用的袋子只有在你记得带上它时才起作用，而纸袋更贵，下雨时还容易破。<br><i>2024年6月 第1套 · 仔细阅读 · Passage One</i><br>carry out 执行,实施",A
certain<br><span style='font-size:14px'>This problem can be managed by reserving <b>certain</b> hours for research.</span>,adj. ★确定的 / 某个 / 必然的<br>这个问题可以通过保留某些时段专供研究来解决。<br><i>2023年6月 第1套 · 仔细阅读 · Passage Two</i><br>for certain 确定地,A
"choice<br><span style='font-size:14px'>The debate is usually presented as a <b>choice</b> between idealism and realism, but the evidence does not support such a sharp distinction.</span>",n. ★选择 / 选择权 / 供选择的东西<br>这场争论通常被描述为理想主义与现实主义之间的选择，但证据并不支持如此泾渭分明的划分。<br><i>2021年6月 第1套 · 仔细阅读 · Passage Two</i><br>make a choice 做选择,A
"conclusion<br><span style='font-size:14px'>A study that examined millions of messages shared online reached an uncomfortable <b>conclusion</b>: false information travels faster, further and deeper than accurate information.</span>",n. ★结论 / 结束 / 缔结<br>一项研究了数百万条网络转发信息的研究，得出了一个令人不安的结论：虚假信息比真实信息传得更快、更远、更深。<br><i>2021年6月 第1套 · 仔细阅读 · Passage One</i><br>in conclusion 总之,A
continue<br><span style='font-size:14px'>Cities invest heavily in public transport and then wonder why residents <b>continue</b> to drive.</span>,"v. ★继续,延续<br>城市在公共交通上投入巨资，随后又纳闷居民为什么还在开车。<br><i>2022年6月 第1套 · 仔细阅读 · Passage Two</i><br>continue to do 继续做",A
"decade<br><span style='font-size:14px'>For <b>decades</b>, the standard advice given to ambitious young workers was to change jobs every few years, since moving was the fastest way to raise a salary.</span>","n. ★十年,十年期<br>几十年来，给有抱负的年轻人的标准建议是每隔几年换一次工作，因为跳槽是涨薪最快的途径。<br><i>2023年3月 第1套 · 仔细阅读 · Passage One</i><br>over the past decade 在过去十年里",A
"demand<br><span style='font-size:14px'>A story about an ordinary event produces no desire to share it, while a story that seems incredible <b>demands</b> an audience.</span>",n./v. ★需求 / 要求<br>一件平常事不会产生分享的欲望，而一个听起来不可思议的故事却非要有人听不可。<br><i>2021年6月 第1套 · 仔细阅读 · Passage One</i><br>in great demand 需求量大,A
"did<br><span style='font-size:14px'>Students who take part in community service say they gain more than they give: they learn to cooperate with people from different backgrounds, and they often discover abilities they <b>did</b> not know they possessed.</span>",v. ★做(do 的过去式) / 助动词<br>参加社区服务的学生说，他们得到的比付出的更多：他们学会了与不同背景的人合作，还常常发现自己并不知道自身具备的能力。<br><i>2023年12月 第1套 · 选词填空 · Volunteering among Young People</i><br>—,A
difference<br><span style='font-size:14px'>The <b>difference</b> lies in what the child learns to believe.</span>,"n. ★差别,差异 / 分歧<br>差别在于孩子由此学会了相信什么。<br><i>2022年6月 第1套 · 仔细阅读 · Passage One</i><br>make a difference 起作用",A
"discover<br><span style='font-size:14px'>Telemedicine expanded rapidly when patients could not visit clinics, and many of them <b>discovered</b> that a consultation conducted from home was more convenient than a journey across the city followed by an hour in a waiting room.</span>","v. ★发现,发觉<br>当病人无法到诊所时，远程医疗迅速铺开，许多病人发现在家问诊，比横穿城市再在候诊室坐上一小时要方便得多。<br><i>2022年12月 第1套 · 仔细阅读 · Passage Two</i>",A
"district<br><span style='font-size:14px'>In a study that compared <b>districts</b> with similar income levels, residents who lived within a ten-minute walk of a park reported fewer symptoms of anxiety and were more likely to exercise regularly.</span>",n. ★地区 / 区域 / 行政区<br>在一项比较了收入水平相近街区的研究中，住在离公园步行十分钟范围内的居民报告说焦虑症状更少，也更可能经常锻炼。<br><i>2023年12月 第1套 · 仔细阅读 · Passage Two</i><br>—,A
"effective<br><span style='font-size:14px'>Platforms have tried various responses, from warnings to removing content, but the most <b>effective</b> measure appears to be slower: teaching users to check the source before sharing.</span>",adj. ★有效的 / 生效的<br>平台尝试过各种应对手段，从贴警告到下架内容，但最有效的办法似乎更慢：教用户在转发前先核实来源。<br><i>2021年6月 第1套 · 仔细阅读 · Passage One</i><br>take effect 生效,A
"emphasise<br><span style='font-size:14px'>Teachers who work with adults recommend short daily sessions rather than long weekly classes, and they <b>emphasise</b> that progress becomes visible only after several months of consistent effort.</span>",v. ★强调 / 着重 / 使突出<br>教成年人的老师建议，与其每周上一次长课，不如每天学一小段，他们强调只有经过几个月持续的努力，进步才会显现出来。<br><i>2022年6月 第1套 · 选词填空 · Learning a Second Language</i><br>—,A
"encourage<br><span style='font-size:14px'>Some weather services have begun to experiment with clearer wording, and early results are <b>encouraging</b>.</span>","v. ★鼓励,激励 / 助长<br>一些气象机构已经开始尝试更清楚的表述，初步结果令人鼓舞。<br><i>2023年3月 第1套 · 仔细阅读 · Passage Two</i><br>encourage sb to do 鼓励某人做",A
"end<br><span style='font-size:14px'>A discount that <b>ends</b> tonight produces a mild panic, and panic is a poor adviser: it shifts attention from the question ""do I want this?</span>","n./v. ★结束 / 末端 / 目的<br>今晚就结束的折扣会引发轻微的恐慌，而恐慌是个糟糕的顾问：它把注意力从""我想要这个吗""转移到""不买会不会后悔""。<br><i>2021年12月 第1套 · 仔细阅读 · Passage One</i><br>in the end 最后",A
"examine<br><span style='font-size:14px'>A study that <b>examined</b> millions of messages shared online reached an uncomfortable conclusion: false information travels faster, further and deeper than accurate information.</span>",v. ★检查 / 审查 / 考核<br>一项研究了数百万条网络转发信息的研究，得出了一个令人不安的结论：虚假信息比真实信息传得更快、更远、更深。<br><i>2021年6月 第1套 · 仔细阅读 · Passage One</i><br>—,A
"expect<br><span style='font-size:14px'>Psychologists warn that repeated exposure to this pattern trains the brain to <b>expect</b> constant novelty, which makes slower activities, such as reading a book or listening to a lecture, feel uncomfortable by comparison.</span>",v. ★期望 / 预料 / 认为 / 要求<br>心理学家警告说，反复接触这种模式会训练大脑期待持续的新鲜感，相比之下，读书或听讲座这类较慢的活动就会让人觉得不舒服。<br><i>2023年6月 第1套 · 仔细阅读 · Passage One</i><br>be expected to 被期望,A
experience<br><span style='font-size:14px'>Anyone who has entered a supermarket for a litre of milk and left with a basket full of goods has <b>experienced</b> the most carefully studied layout in retail.</span>,n./v. ★经验 / 经历 / 体验 / 经历<br>任何一位为了一升牛奶走进超市、最后拎着满满一篮子商品出来的人，都体验过零售业里研究得最透彻的布局。<br><i>2022年12月 第1套 · 仔细阅读 · Passage One</i><br>work experience 工作经验,A
"express<br><span style='font-size:14px'>People share material that <b>expresses</b> emotion, and rumours tend to be written in emotional language, whereas corrections are sober and careful, which makes them far less attractive.</span>",v./adj. ★表达 / 明确的 / 快递<br>人们会转发带有情绪的内容，而谣言往往用情绪化的语言写成，相比之下辟谣文字克制而谨慎，吸引力就差得多。<br><i>2021年6月 第1套 · 仔细阅读 · Passage One</i><br>express one's thanks 表示感谢,A
"faster<br><span style='font-size:14px'>A study that examined millions of messages shared online reached an uncomfortable conclusion: false information travels <b>faster</b>, further and deeper than accurate information.</span>",adv./adj. ★更快地 / 更快的<br>一项研究了数百万条网络转发信息的研究，得出了一个令人不安的结论：虚假信息比真实信息传得更快、更远、更深。<br><i>2021年6月 第1套 · 仔细阅读 · Passage One</i><br>—,A
festival<br><span style='font-size:14px'>The Dragon Boat <b>Festival</b> falls on the fifth day of the fifth month of the lunar calendar.</span>,n. ★节日 / 节期 / 音乐节<br>端午节在农历五月初五。<br><i>2022年6月 第1套 · 翻译 · 端午节</i><br>Spring Festival 春节,A
"five<br><span style='font-size:14px'>Graduates who selected a subject mainly because of its employment prospects are not necessarily happier in their work, and a substantial proportion of them leave the field within <b>five</b> years.</span>",num. ★五 / 五个<br>主要因为就业前景而选择专业的毕业生，工作时未必更开心，其中相当大一部分人在五年内就离开了这个领域。<br><i>2021年6月 第1套 · 仔细阅读 · Passage Two</i><br>—,A
"fixed<br><span style='font-size:14px'>Praise for intelligence teaches that ability is a <b>fixed</b> quantity that can be lost at any moment, so failure becomes a threat to identity.</span>",adj. ★固定的 / 不变的 / 确定的<br>夸聪明，是在教他能力是固定的量，随时可能失去，于是失败就成了对自我的威胁。<br><i>2022年6月 第1套 · 仔细阅读 · Passage One</i><br>fixed price 固定价格,A
"free<br><span style='font-size:14px'>Critics object that <b>free</b> admission reduces the income available for maintaining collections, and there is some truth in this.</span>",adj./v. ★免费的 / 自由的 / 空闲的 / 释放<br>批评者反对说，免费入场会减少用于维护藏品的收入，这话有一定道理。<br><i>2023年6月 第1套 · 仔细阅读 · Passage Two</i><br>free of charge 免费,A
"graduate<br><span style='font-size:14px'><b>Graduates</b> who selected a subject mainly because of its employment prospects are not necessarily happier in their work, and a substantial proportion of them leave the field within five years.</span>",n./v. ★毕业生 / 毕业 / 大学毕业<br>主要因为就业前景而选择专业的毕业生，工作时未必更开心，其中相当大一部分人在五年内就离开了这个领域。<br><i>2021年6月 第1套 · 仔细阅读 · Passage Two</i><br>graduate from 毕业于,A
hand<br><span style='font-size:14px'>Experiments with young children show that those who form letters by <b>hand</b> recognise them more quickly and remember them longer than children who only tap them on a screen.</span>,n./v. ★手 / 指针 / 人手 / 递给<br>针对幼儿的实验显示，用手把字母写出来的孩子，比只在屏幕上点选的孩子认得更快、记得更牢。<br><i>2023年3月 第1套 · 选词填空 · The Value of Handwriting</i><br>on the other hand 另一方面,A
"harder<br><span style='font-size:14px'>Interest, meanwhile, has a practical value that is easy to overlook: students who are genuinely curious study <b>harder</b>, absorb material faster, and are more willing to persist when a course becomes difficult.</span>",adv./adj. ★更努力地 / 更难的<br>与此同时，兴趣有一种容易被忽视的实用价值：真正好奇的学生学得更投入、吸收更快，也更愿意在课程变难时坚持下去。<br><i>2021年6月 第1套 · 仔细阅读 · Passage Two</i><br>—,A
"last<br><span style='font-size:14px'>Lecturers can help by dividing large projects into parts that must be submitted separately, which removes the possibility of leaving everything until the <b>last</b> week.</span>",adj./v. ★最后的 / 上一个 / 持续<br>任课教师可以帮忙把大项目拆成必须分次提交的部分，这样就没可能把一切都拖到最后一周。<br><i>2021年12月 第1套 · 选词填空 · Procrastination</i><br>at last 最后,A
"lead<br><span style='font-size:14px'>Every year, families argue about the same question: should a student choose the subject they love, or the one that <b>leads</b> to a secure job?</span>",v./n. ★带领 / 引导 / 领先 / 导致 / 线索<br>每年，家家户户都在争论同一个问题：学生该选自己喜欢的专业，还是选好就业的那个？<br><i>2021年6月 第1套 · 仔细阅读 · Passage Two</i><br>lead to 导致,A
"least<br><span style='font-size:14px'>Researchers found that the number of people who read at <b>least</b> one book a month has remained relatively stable over the past decade, but the way they read has changed dramatically.</span>",adj./adv. ★最少的 / 最小 / 起码<br>研究人员发现，每月至少读一本书的人数在过去十年里相对稳定，但人们的阅读方式发生了巨大变化。<br><i>2024年6月 第1套 · 选词填空 · Reading Habits</i><br>at least 至少,A
"library<br><span style='font-size:14px'>A <b>library</b> has begun a project to photograph its collection of ancient books, and the first stage is expected to take three years.</span>",n. ★图书馆 / 藏书 / 书房<br>一座图书馆启动了一个为古籍藏书拍照的项目，第一阶段预计要花三年时间。<br><i>2021年6月 第1套 · 听力 · News Report One</i><br>school library 学校图书馆,A
"mark<br><span style='font-size:14px'>They also point out that continuous assessment places a heavy burden on teachers, who must <b>mark</b> far more work, and that students in such systems often complain about the constant pressure of deadlines.</span>",v./n. ★标记 / 分数 / 标志 / 痕迹<br>他们还指出，持续性评估给教师带来沉重负担，因为要批改的作业多得多，而且在这种制度下学生常常抱怨截止日期带来的持续压力。<br><i>2023年12月 第1套 · 仔细阅读 · Passage One</i><br>question mark 问号,A
"material<br><span style='font-size:14px'>People share <b>material</b> that expresses emotion, and rumours tend to be written in emotional language, whereas corrections are sober and careful, which makes them far less attractive.</span>","n./adj. ★材料,原料 / 资料 / 物质的<br>人们会转发带有情绪的内容，而谣言往往用情绪化的语言写成，相比之下辟谣文字克制而谨慎，吸引力就差得多。<br><i>2021年6月 第1套 · 仔细阅读 · Passage One</i><br>teaching material 教材",A
"meet<br><span style='font-size:14px'>Those who scroll passively through other people's posts tend to report lower satisfaction, while those who send messages, share opinions and maintain contact with friends they rarely <b>meet</b> seem to benefit.</span>",v. ★遇见 / 满足 / 会面<br>被动地刷别人动态的人往往满意度更低，而那些发消息、分享观点、与难得见面的朋友保持联系的人似乎能从中受益。<br><i>2024年6月 第1套 · 仔细阅读 · Passage Two</i><br>meet the need 满足需求,A
"message<br><span style='font-size:14px'>A study that examined millions of <b>messages</b> shared online reached an uncomfortable conclusion: false information travels faster, further and deeper than accurate information.</span>",n./v. ★消息 / 信息 / 留言<br>一项研究了数百万条网络转发信息的研究，得出了一个令人不安的结论：虚假信息比真实信息传得更快、更远、更深。<br><i>2021年6月 第1套 · 仔细阅读 · Passage One</i><br>text message 短信,A
"minutes<br><span style='font-size:14px'>Reliability is the decisive factor, because a journey that may take twenty <b>minutes</b> or fifty cannot be planned around, and an unplannable journey is useless for anyone who must arrive at a fixed time.</span>",n. ★分钟 / 片刻 / 会议记录<br>可靠性是决定性因素，因为一段可能二十分钟也可能五十分钟的旅程无法用来安排事情，而凡是必须按时到达的人，都用不上一趟无法计划的行程。<br><i>2022年6月 第1套 · 仔细阅读 · Passage Two</i><br>in a few minutes 几分钟后,A
"much<br><span style='font-size:14px'>Fortunately, most vehicles stand unused for more than twenty hours a day, which means the time of charging can be shifted without <b>much</b> inconvenience.</span>",adj./adv. ★许多的 / 非常 / …得多<br>好在多数车辆一天里有二十多个小时是停着不用的，这意味着充电时间可以挪动，并不会带来太多不便。<br><i>2022年6月 第1套 · 长篇阅读 · Electric Cars and the Power Grid</i><br>too much 太多,A
"museum<br><span style='font-size:14px'>When a <b>museum</b> charges for admission, it sends a message about who the institution is for.</span>",n. ★博物馆 / 展览馆<br>当一座博物馆收取门票时，它其实传递了一个信息：这个机构是为谁而设的。<br><i>2023年6月 第1套 · 仔细阅读 · Passage Two</i><br>—,A
"must<br><span style='font-size:14px'>Essentials such as milk, bread and eggs are deliberately placed at the back or on opposite sides of the store, so that customers <b>must</b> walk past hundreds of other products in order to reach them.</span>",v./aux. ★必须 / 一定 / 应当<br>牛奶、面包和鸡蛋这类必需品被有意放在商店最里面或相对的两侧，顾客为了拿到它们，必须经过几百种其他商品。<br><i>2022年12月 第1套 · 仔细阅读 · Passage One</i><br>—,A
"noise<br><span style='font-size:14px'><b>Noise</b> is usually treated as an annoyance rather than a health problem, but medical researchers now classify it as a serious risk.</span>","n. ★噪音,噪声 / 喧闹声 / 杂音<br>噪音通常被当成烦人的东西而不是健康问题，但医学研究者现在把它归为一项严重风险。<br><i>2021年6月 第1套 · 选词填空 · Noise in Cities</i><br>make noise 制造噪音",A
"observe<br><span style='font-size:14px'>A physician cannot examine an abdomen, feel a lump or <b>observe</b> how a patient walks down a corridor through a screen, and these physical signs are often what reveal a serious condition.</span>",v. ★观察 / 遵守 / 庆祝 / 评论<br>医生无法隔着屏幕按压腹部、摸到肿块，或观察病人如何走过走廊，而这些体征往往正是发现重病的线索。<br><i>2022年12月 第1套 · 仔细阅读 · Passage Two</i><br>observe the rules 遵守规则,A
"paper<br><span style='font-size:14px'>A reusable bag works only if you remember to carry it, and a <b>paper</b> bag costs more and tears easily when it rains.</span>",n. ★纸 / 论文 / 报纸 / 文件<br>可重复使用的袋子只有在你记得带上它时才起作用，而纸袋更贵，下雨时还容易破。<br><i>2024年6月 第1套 · 仔细阅读 · Passage One</i><br>paper work 文书工作,A
"parent<br><span style='font-size:14px'><b>Parents</b> and teachers are constantly advised to praise children, and the advice is seldom questioned.</span>","n. ★父亲,母亲 / 家长 / 根源<br>家长和老师不断被建议要多表扬孩子，而这条建议很少被质疑。<br><i>2022年6月 第1套 · 仔细阅读 · Passage One</i><br>single parent 单亲家长",A
particular<br><span style='font-size:14px'>A more serious objection is that crowded galleries damage the experience of those who come to study a <b>particular</b> object in silence.</span>,adj. ★特定的 / 特别的 / 讲究的<br>一个更严肃的反对意见是，拥挤的展厅会损害那些想安静研究某件展品的人的体验。<br><i>2023年6月 第1套 · 仔细阅读 · Passage Two</i><br>in particular 尤其,A
"past<br><span style='font-size:14px'>Essentials such as milk, bread and eggs are deliberately placed at the back or on opposite sides of the store, so that customers must walk <b>past</b> hundreds of other products in order to reach them.</span>",adj./n./prep. ★过去的 / 过去 / 经过<br>牛奶、面包和鸡蛋这类必需品被有意放在商店最里面或相对的两侧，顾客为了拿到它们，必须经过几百种其他商品。<br><i>2022年12月 第1套 · 仔细阅读 · Passage One</i><br>in the past 在过去,A
"person<br><span style='font-size:14px'>Most institutions have now settled on a mixture, keeping online resources while insisting that the core of teaching happens in <b>person</b>.</span>",n. ★人 / 个人 / 身体 / 外表 / 人称<br>大多数院校现在选择了混合方式：保留线上资源，同时坚持教学的核心仍在线下发生。<br><i>2022年12月 第1套 · 长篇阅读 · Online Education after the Pandemic</i><br>in person 亲自,A
"practical<br><span style='font-size:14px'>Interest, meanwhile, has a <b>practical</b> value that is easy to overlook: students who are genuinely curious study harder, absorb material faster, and are more willing to persist when a course becomes difficult.</span>","adj. ★实际的,实用的 / 可行的<br>与此同时，兴趣有一种容易被忽视的实用价值：真正好奇的学生学得更投入、吸收更快，也更愿意在课程变难时坚持下去。<br><i>2021年6月 第1套 · 仔细阅读 · Passage Two</i><br>practical experience 实践经验",A
"protect<br><span style='font-size:14px'>When a reserve is created, those residents may suddenly find that the activities which fed their families are now forbidden, while the animals they were asked to <b>protect</b> destroy their crops.</span>","v. ★保护,防护<br>保护区一设立，这些居民可能突然发现，养活一家人的营生现在被禁止了，而他们被要求保护的动物却毁了他们的庄稼。<br><i>2021年12月 第1套 · 仔细阅读 · Passage Two</i><br>protect sb from 保护某人免受",A
"quickly<br><span style='font-size:14px'>Defenders of the medium reply that short videos have their own value: they can spread knowledge <b>quickly</b>, and a well-made clip can explain a difficult concept more clearly than a page of prose.</span>",adv. ★迅速地 / 快地<br>为这种媒介辩护的人回应说，短视频自有其价值：它能快速传播知识，一个制作精良的短片能把难懂的概念讲得比一页文字更清楚。<br><i>2023年6月 第1套 · 仔细阅读 · Passage One</i><br>—,A
"regular<br><span style='font-size:14px'>In a study that compared districts with similar income levels, residents who lived within a ten-minute walk of a park reported fewer symptoms of anxiety and were more likely to exercise <b>regularly</b>.</span>","adj. ★定期的,有规律的 / 常规的 / 正规的<br>在一项比较了收入水平相近街区的研究中，住在离公园步行十分钟范围内的居民报告说焦虑症状更少，也更可能经常锻炼。<br><i>2023年12月 第1套 · 仔细阅读 · Passage Two</i><br>regular exercise 定期锻炼",A
"room<br><span style='font-size:14px'>Telemedicine expanded rapidly when patients could not visit clinics, and many of them discovered that a consultation conducted from home was more convenient than a journey across the city followed by an hour in a waiting <b>room</b>.</span>",n. ★房间 / 空间 / 余地<br>当病人无法到诊所时，远程医疗迅速铺开，许多病人发现在家问诊，比横穿城市再在候诊室坐上一小时要方便得多。<br><i>2022年12月 第1套 · 仔细阅读 · Passage Two</i><br>make room for 为…腾出空间,A
"select<br><span style='font-size:14px'>Graduates who <b>selected</b> a subject mainly because of its employment prospects are not necessarily happier in their work, and a substantial proportion of them leave the field within five years.</span>","v./adj. ★选择,挑选 / 精选的 / 优等的<br>主要因为就业前景而选择专业的毕业生，工作时未必更开心，其中相当大一部分人在五年内就离开了这个领域。<br><i>2021年6月 第1套 · 仔细阅读 · Passage Two</i><br>select from 从…中挑选",A
"significant<br><span style='font-size:14px'>Consequently, all human body functions also follow this daily rhythm, and the timing of behaviors like exercise or food intake can <b>significantly</b> influence your health.</span>","adj. ★重要的,重大的 / 显著的 / 意味深长的<br>因此，人体所有的机能也都遵循这种日常节律，而运动、进食这类行为发生的时机，会对你的健康产生显著影响。<br><i>2025年12月 第1套 · 仔细阅读 · Passage One（昼夜节律）</i><br>a significant increase 显著增长",A
"slow<br><span style='font-size:14px'>Forecasters have been <b>slow</b> to explain probability in ordinary language, and television presenters often simplify the information until the uncertainty disappears.</span>",adj./v. ★缓慢的 / 减速<br>预报员一直不擅长用日常语言解释概率，电视主持人又常常把信息简化得连不确定性都消失了。<br><i>2023年3月 第1套 · 仔细阅读 · Passage Two</i><br>slow down 减速,A
"slower<br><span style='font-size:14px'>Platforms have tried various responses, from warnings to removing content, but the most effective measure appears to be <b>slower</b>: teaching users to check the source before sharing.</span>",adv./adj. ★更慢地 / 更慢的<br>平台尝试过各种应对手段，从贴警告到下架内容，但最有效的办法似乎更慢：教用户在转发前先核实来源。<br><i>2021年6月 第1套 · 仔细阅读 · Passage One</i><br>—,A
social<br><span style='font-size:14px'>It is often claimed that <b>social</b> media makes people lonely.</span>,adj. ★社会的 / 社交的 / 群居的<br>人们常说社交媒体让人孤独。<br><i>2024年6月 第1套 · 仔细阅读 · Passage Two</i><br>social media 社交媒体,A
"solve<br><span style='font-size:14px'>The problem cannot be <b>solved</b> by deleting rumours alone, because the demand for surprising stories remains.</span>","v. ★解决,解答 / 解释<br>仅靠删除谣言解决不了问题，因为对离奇故事的需求还在。<br><i>2021年6月 第1套 · 仔细阅读 · Passage One</i><br>solve a problem 解决问题",A
"travel<br><span style='font-size:14px'>A study that examined millions of messages shared online reached an uncomfortable conclusion: false information <b>travels</b> faster, further and deeper than accurate information.</span>","v./n. ★旅行,游历 / 行进 / 传播 / 旅行 / 游记<br>一项研究了数百万条网络转发信息的研究，得出了一个令人不安的结论：虚假信息比真实信息传得更快、更远、更深。<br><i>2021年6月 第1套 · 仔细阅读 · Passage One</i><br>travel agency 旅行社",A
useful<br><span style='font-size:14px'>The lesson is uncomfortable but <b>useful</b>: people are more likely to protect the environment when the easier choice is also the better one.</span>,"adj. ★有用的,有益的 / 有帮助的<br>这个教训让人不舒服却很有用：当更容易的那个选择同时也是更好的选择时，人们才更可能去保护环境。<br><i>2024年6月 第1套 · 仔细阅读 · Passage One</i><br>be useful for 对…有用",A
"video<br><span style='font-size:14px'>For routine matters, such as renewing a prescription or discussing test results, the telephone or a <b>video</b> call is clearly sufficient, and it saves both the patient and the hospital a great deal of time.</span>","n./adj./v. ★视频,录像 / 录像机 / 视频的,影像的 / 录制 / 制作…的录像<br>对于续方、讨论检查结果这类常规事务，电话或视频显然已经足够，而且为病人和医院都省下大量时间。<br><i>2022年12月 第1套 · 仔细阅读 · Passage Two</i><br>video game 电子游戏",A
"volunteer<br><span style='font-size:14px'><b>Volunteering</b> has become increasingly popular among young people, and universities now regard it as an important part of education.</span>","n./v./adj. ★志愿者,志愿兵 / 自愿做 / 无偿提供 / 自愿的 / 志愿的<br>志愿服务在年轻人中越来越流行，大学如今也把它视为教育的重要组成部分。<br><i>2023年12月 第1套 · 选词填空 · Volunteering among Young People</i><br>volunteer to do 自愿做",A
"want<br><span style='font-size:14px'>Shoppers who would ignore an item at its original price suddenly <b>want</b> it, not because they need it but because they feel they would be foolish to miss the opportunity.</span>","v./n. ★想要,希望 / 需要 / 缺少 / 通缉 / 缺乏 / 需要 / 必需品 / 贫困<br>按原价时根本不会看一眼的购物者，突然就想要了，不是因为需要，而是因为觉得错过这个机会太蠢。<br><i>2021年12月 第1套 · 仔细阅读 · Passage One</i><br>in want of 需要",A
"week<br><span style='font-size:14px'>Lecturers can help by dividing large projects into parts that must be submitted separately, which removes the possibility of leaving everything until the last <b>week</b>.</span>","n. ★周,星期 / 一周 / 工作日 / 工作周 / 星期,周<br>任课教师可以帮忙把大项目拆成必须分次提交的部分，这样就没可能把一切都拖到最后一周。<br><i>2021年12月 第1套 · 选词填空 · Procrastination</i><br>last week 上周",A
"whole<br><span style='font-size:14px'>On the <b>whole</b>, the evidence favours opening the doors: a museum that is visited by the whole community is more likely to be defended by that community when budgets are cut.</span>","adj./n. ★完整的,全部的 / 整个的 / 所有的 / 整体<br>总的来看，证据支持敞开大门：一个被整个社区参观的博物馆，在预算被削减时更可能被这个社区站出来保护。<br><i>2023年6月 第1套 · 仔细阅读 · Passage Two</i><br>on the whole 总的来说",A
worry<br><span style='font-size:14px'>Educators <b>worry</b> that this shift may reduce readers' ability to concentrate on complex material.</span>,"v./n. ★担心,发愁 / 烦恼<br>教育工作者担心，这种转变会降低读者专注于复杂材料的能力。<br><i>2024年6月 第1套 · 选词填空 · Reading Habits</i><br>worry about 担心",A
"actually<br><span style='font-size:14px'>Experiments show that customers are more likely to buy when they can see the comparison, even when the so-called original price was never <b>actually</b> charged.</span>",adv. ★实际上 / 事实上 / 居然<br>实验表明，只要能看到对照，顾客就更可能下单，哪怕那个所谓的原价其实从未真正收过。<br><i>2021年12月 第1套 · 仔细阅读 · Passage One</i><br>—,A
"ago<br><span style='font-size:14px'>A three-day forecast today is as accurate as a one-day forecast was thirty years <b>ago</b>, thanks to better instruments, more powerful computers and a deeper understanding of the atmosphere.</span>",adv. ★以前 / 以往<br>借助更好的仪器、更强大的计算机和对大气更深入的认识，如今三天的预报已经和三十年前一天的预报一样准。<br><i>2023年3月 第1套 · 仔细阅读 · Passage Two</i><br>—,A
"allow<br><span style='font-size:14px'>Companies point out that the system <b>allows</b> anyone to start earning within a day, and that attempts to regulate the industry have reduced the number of available jobs.</span>",v. ★允许 / 准许 / 给予 / 考虑到<br>企业指出，这套体系让任何人一天之内就能开始挣钱，而试图监管这个行业反而减少了可提供的岗位。<br><i>2021年6月 第1套 · 长篇阅读 · Gig Work and Delivery Riders</i><br>allow sb to do 允许某人做,A
"along<br><span style='font-size:14px'>Taking out those parking spots, as they argued at protests and in letters to the city council, would ruin stores and restaurants <b>along</b> Skillman.</span>",prep./adv. ★沿着 / 一起 / 向前<br>他们无论是在抗议现场还是在写给市议会的信里都争辩说，取消这些停车位会毁掉 Skillman 沿街的商店和餐馆。<br><i>2025年12月 第1套 · 长篇阅读 · The Battle over Bike Lanes</i><br>along with 连同,A
"analyse<br><span style='font-size:14px'>A sensible approach is to treat employment data as information rather than as an instruction, and to ask how a subject can be combined with skills that employers value, such as writing clearly, <b>analysing</b> data or speaking another language.</span>",v. ★分析 / 解析<br>明智的做法是把就业数据当作信息而不是指令，并思考如何把一个专业与雇主看重的能力结合起来，比如写得清楚、会分析数据或会说一门外语。<br><i>2021年6月 第1套 · 仔细阅读 · Passage Two</i><br>—,A
"answer<br><span style='font-size:14px'>Teachers who have adopted this approach report that students become more willing to attempt questions they cannot immediately <b>answer</b>, and that classrooms become quieter places where mistakes are discussed rather than hidden.</span>",n./v. ★回答 / 答案 / 解答<br>采用这种做法的教师反映，学生更愿意去尝试不能立刻答出的问题，课堂也变得更安静，错误被拿出来讨论，而不是被藏起来。<br><i>2022年6月 第1套 · 仔细阅读 · Passage One</i><br>answer for 对…负责,A
"approach<br><span style='font-size:14px'>A sensible <b>approach</b> is to treat employment data as information rather than as an instruction, and to ask how a subject can be combined with skills that employers value, such as writing clearly, analysing data or speaking another language.</span>","n./v. ★方法,途径 / 接近,着手处理<br>明智的做法是把就业数据当作信息而不是指令，并思考如何把一个专业与雇主看重的能力结合起来，比如写得清楚、会分析数据或会说一门外语。<br><i>2021年6月 第1套 · 仔细阅读 · Passage Two</i><br>an approach to 解决…的方法",A
"attitude<br><span style='font-size:14px'>Where villagers are employed as guides, or where a proportion of the entrance fee is returned to the community, <b>attitudes</b> change within a few years, and local residents begin to report illegal hunting themselves.</span>","n. ★态度,看法<br>在村民被雇来做导游、或门票收入有一部分返还给社区的地方，几年之内态度就会转变，当地居民甚至会主动举报非法狩猎。<br><i>2021年12月 第1套 · 仔细阅读 · Passage Two</i><br>attitude towards 对…的态度",A
"be<br><span style='font-size:14px'>Trust, it seems, depends less on <b>being</b> right than on being understood.</span>",v./aux. ★是 / 成为 / 存在<br>看来，信任与其说取决于说得准，不如说取决于说得让人懂。<br><i>2023年3月 第1套 · 仔细阅读 · Passage Two</i><br>be able to 能够,A
"bicycles<br><span style='font-size:14px'><b>Bicycles</b> are returning to city streets, and the reasons are not difficult to understand.</span>",n. ★自行车(bicycle 的复数)<br>自行车正在回到城市街道上，原因并不难理解。<br><i>2022年12月 第1套 · 选词填空 · The Return of the Bicycle</i><br>—,A
"bike<br><span style='font-size:14px'>Five years ago, the city of Queens, New York, announced that it would be putting <b>bike</b> lanes onto a stretch of Skillman Ave, and removing 116 parking spots.</span>",n. ★自行车<br>五年前，纽约市皇后区宣布要在 Skillman 大道的一段路上划出自行车道，同时取消一百一十六个停车位。<br><i>2025年12月 第1套 · 长篇阅读 · The Battle over Bike Lanes</i><br>—,A
"brain<br><span style='font-size:14px'>Psychologists warn that repeated exposure to this pattern trains the <b>brain</b> to expect constant novelty, which makes slower activities, such as reading a book or listening to a lecture, feel uncomfortable by comparison.</span>","n. ★脑,大脑 / 智力 / 头脑 / 脑力 / 聪明的人 / 智者 / 脑髓<br>心理学家警告说，反复接触这种模式会训练大脑期待持续的新鲜感，相比之下，读书或听讲座这类较慢的活动就会让人觉得不舒服。<br><i>2023年6月 第1套 · 仔细阅读 · Passage One</i><br>brain power 脑力",A
"cash<br><span style='font-size:14px'>Sellers, for their part, discover that items occupying space in their flats can be converted into <b>cash</b>.</span>",n./v. ★现金 / 兑现<br>对卖家来说，他们发现占着自家地方的东西可以换成现金。<br><i>2021年12月 第1套 · 长篇阅读 · Second-hand Markets</i><br>in cash 用现金,A
"cause<br><span style='font-size:14px'>People who already value exercise may choose to live near parks, which means the park itself may not be the <b>cause</b> of their better health.</span>",n./v. ★原因 / 理由 / 事业 / 引起 / 导致<br>本来就重视锻炼的人可能选择住在公园附近，这意味着公园本身未必是他们更健康的原因。<br><i>2023年12月 第1套 · 仔细阅读 · Passage Two</i><br>the cause of …的原因,A
"claim<br><span style='font-size:14px'>They propose continuous assessment instead: essays, projects and short tests spread across the term, which they <b>claim</b> give a fairer picture of a student's ability.</span>","v./n. ★声称,主张 / 索取 / 索赔<br>他们主张改用持续性评估：论文、项目和分散在整个学期的小测验，他们认为这样能更公平地反映学生的能力。<br><i>2023年12月 第1套 · 仔细阅读 · Passage One</i><br>claim to do 声称做",A
"classes<br><span style='font-size:14px'>Teachers who work with adults recommend short daily sessions rather than long weekly <b>classes</b>, and they emphasise that progress becomes visible only after several months of consistent effort.</span>",n. ★班级 / 课程(class 的复数)<br>教成年人的老师建议，与其每周上一次长课，不如每天学一小段，他们强调只有经过几个月持续的努力，进步才会显现出来。<br><i>2022年6月 第1套 · 选词填空 · Learning a Second Language</i><br>—,A
"created<br><span style='font-size:14px'>When a reserve is <b>created</b>, those residents may suddenly find that the activities which fed their families are now forbidden, while the animals they were asked to protect destroy their crops.</span>",v. ★创造(create 的过去式/过去分词)<br>保护区一设立，这些居民可能突然发现，养活一家人的营生现在被禁止了，而他们被要求保护的动物却毁了他们的庄稼。<br><i>2021年12月 第1套 · 仔细阅读 · Passage Two</i><br>—,A
"critics<br><span style='font-size:14px'><b>Critics</b> reply that the layout is designed to defeat self-control, and several countries have discussed regulations requiring stores to place healthy food in prominent positions.</span>",n. ★批评家 / 评论家(critic 的复数)<br>批评者则反驳说，这种布局就是设计来打败自制力的，一些国家已经在讨论立法，要求商店把健康食品放在显眼位置。<br><i>2022年12月 第1套 · 仔细阅读 · Passage One</i><br>—,A
damage<br><span style='font-size:14px'>A more serious objection is that crowded galleries <b>damage</b> the experience of those who come to study a particular object in silence.</span>,"n./v. ★损害,损坏 / 赔偿金<br>一个更严肃的反对意见是，拥挤的展厅会损害那些想安静研究某件展品的人的体验。<br><i>2023年6月 第1套 · 仔细阅读 · Passage Two</i><br>cause damage to 对…造成损害",A
"data<br><span style='font-size:14px'>A sensible approach is to treat employment <b>data</b> as information rather than as an instruction, and to ask how a subject can be combined with skills that employers value, such as writing clearly, analysing data or speaking another language.</span>","n. ★数据,资料<br>明智的做法是把就业数据当作信息而不是指令，并思考如何把一个专业与雇主看重的能力结合起来，比如写得清楚、会分析数据或会说一门外语。<br><i>2021年6月 第1套 · 仔细阅读 · Passage Two</i><br>data analysis 数据分析",A
delay<br><span style='font-size:14px'>Students who <b>delay</b> an assignment are not usually lazy; they are avoiding the unpleasant feeling that the task produces.</span>,"n./v. ★延误,推迟<br>拖延作业的学生通常并不懒，他们是在逃避这项任务带来的不愉快感受。<br><i>2021年12月 第1套 · 选词填空 · Procrastination</i><br>delay doing 推迟做",A
"diet<br><span style='font-size:14px'>Psychologists suggest that users should treat online activity like any other part of their <b>diet</b>: a moderate amount, chosen deliberately, is far healthier than an endless stream of whatever appears on the screen.</span>",n. ★饮食 / 节食 / 日常饮食<br>心理学家建议，用户应当像对待饮食里的其他部分一样对待线上活动：有节制、经过选择的量，比屏幕上无休止涌来的东西要健康得多。<br><i>2024年6月 第1套 · 仔细阅读 · Passage Two</i><br>balanced diet 均衡饮食,A
"digital<br><span style='font-size:14px'>Many readers now rely on <b>digital</b> devices, and a growing number of them say they prefer short articles to long books.</span>","adj. ★数字的,数码的 / 数字显示的 / 手指的<br>如今许多读者依赖电子设备，而且越来越多的人表示，比起长篇书籍他们更喜欢短文。<br><i>2024年6月 第1套 · 选词填空 · Reading Habits</i><br>digital device 数码设备",A
"easy<br><span style='font-size:14px'>Interest, meanwhile, has a practical value that is <b>easy</b> to overlook: students who are genuinely curious study harder, absorb material faster, and are more willing to persist when a course becomes difficult.</span>",adj. ★容易的 / 轻松的 / 安逸的<br>与此同时，兴趣有一种容易被忽视的实用价值：真正好奇的学生学得更投入、吸收更快，也更愿意在课程变难时坚持下去。<br><i>2021年6月 第1套 · 仔细阅读 · Passage Two</i><br>it is easy to 容易做,A
"electricity<br><span style='font-size:14px'>As electric vehicles become common, engineers have begun to worry about the network that supplies the <b>electricity</b>.</span>",n. ★电 / 电力 / 电流<br>随着电动汽车普及，工程师开始担心供电网络。<br><i>2022年6月 第1套 · 长篇阅读 · Electric Cars and the Power Grid</i><br>—,A
"entrance<br><span style='font-size:14px'>Where villagers are employed as guides, or where a proportion of the <b>entrance</b> fee is returned to the community, attitudes change within a few years, and local residents begin to report illegal hunting themselves.</span>",n. ★入口 / 进入 / 入学<br>在村民被雇来做导游、或门票收入有一部分返还给社区的地方，几年之内态度就会转变，当地居民甚至会主动举报非法狩猎。<br><i>2021年12月 第1套 · 仔细阅读 · Passage Two</i><br>entrance exam 入学考试,A
"environmental<br><span style='font-size:14px'>Surveys repeatedly show that customers understand the <b>environmental</b> cost of single-use plastic, and that they still choose it when they stand at the checkout.</span>",adj. ★环境的 / 有关环境的<br>调查反复显示，顾客明白一次性塑料的环境代价，可站在收银台前时他们依然选择它。<br><i>2024年6月 第1套 · 仔细阅读 · Passage One</i><br>environmental protection 环境保护,A
"essays<br><span style='font-size:14px'>They propose continuous assessment instead: <b>essays</b>, projects and short tests spread across the term, which they claim give a fairer picture of a student's ability.</span>",n. ★文章 / 论文(essay 的复数)<br>他们主张改用持续性评估：论文、项目和分散在整个学期的小测验，他们认为这样能更公平地反映学生的能力。<br><i>2023年12月 第1套 · 仔细阅读 · Passage One</i><br>—,A
"eventually<br><span style='font-size:14px'>The mechanism is straightforward: the body reacts to sudden sound as if it were a threat, and repeated activation of this response <b>eventually</b> damages the cardiovascular system.</span>","adv. ★最终,终于<br>机制并不复杂：身体把突然的声音当成威胁来反应，而这种反应被反复激活，最终会损害心血管系统。<br><i>2021年6月 第1套 · 选词填空 · Noise in Cities</i>",A
explanation<br><span style='font-size:14px'>The <b>explanation</b> is not that people are foolish.</span>,n. ★解释 / 说明 / 辩解<br>解释并不是人们愚蠢。<br><i>2021年6月 第1套 · 仔细阅读 · Passage One</i><br>—,A
fruit<br><span style='font-size:14px'><b>Fruit</b> juice is different from whole fruit in that it contains much less fibre.</span>,n. ★水果 / 成果 / 果实<br>果汁与完整水果的不同之处在于，它所含的膳食纤维要少得多。<br><i>2025年6月 第1套 · 长篇阅读 · Is Juicing Actually Good for You（第2套）</i><br>—,A
"good<br><span style='font-size:14px'>City planners have long suspected that parks are <b>good</b> for residents, and a growing body of research now supports that intuition.</span>",adj. ★好的 / 擅长的 / 有益的<br>城市规划者早就怀疑公园对居民有益，现在越来越多的研究支持这种直觉。<br><i>2023年12月 第1套 · 仔细阅读 · Passage Two</i><br>be good at 擅长,A
goods<br><span style='font-size:14px'>Anyone who has entered a supermarket for a litre of milk and left with a basket full of <b>goods</b> has experienced the most carefully studied layout in retail.</span>,n. ★商品 / 货物<br>任何一位为了一升牛奶走进超市、最后拎着满满一篮子商品出来的人，都体验过零售业里研究得最透彻的布局。<br><i>2022年12月 第1套 · 仔细阅读 · Passage One</i><br>—,A
"hobby<br><span style='font-size:14px'>A <b>hobby</b> may seem like a small thing in a busy life, but I believe it matters more than many people realise.</span>",n. ★爱好 / 业余爱好<br>在忙碌的生活里，爱好似乎是件小事，但我认为它的意义比许多人以为的要大。<br><i>2023年6月 第1套 · 写作 · 范文</i><br>—,A
"ignore<br><span style='font-size:14px'>Shoppers who would <b>ignore</b> an item at its original price suddenly want it, not because they need it but because they feel they would be foolish to miss the opportunity.</span>","v. ★忽视,不顾<br>按原价时根本不会看一眼的购物者，突然就想要了，不是因为需要，而是因为觉得错过这个机会太蠢。<br><i>2021年12月 第1套 · 仔细阅读 · Passage One</i>",A
"important<br><span style='font-size:14px'>Volunteering has become increasingly popular among young people, and universities now regard it as an <b>important</b> part of education.</span>",adj. ★重要的 / 有影响力的 / 重大的<br>志愿服务在年轻人中越来越流行，大学如今也把它视为教育的重要组成部分。<br><i>2023年12月 第1套 · 选词填空 · Volunteering among Young People</i><br>it is important to 重要的是,A
insist<br><span style='font-size:14px'>Residents who <b>insist</b> that they no longer notice the traffic often show the same physical signs of stress as those who complain.</span>,"v. ★坚持,坚决主张<br>那些坚称自己已经听不见车流的居民，往往表现出与抱怨者相同的压力体征。<br><i>2021年6月 第1套 · 选词填空 · Noise in Cities</i><br>insist on 坚持",A
"item<br><span style='font-size:14px'>Shoppers who would ignore an <b>item</b> at its original price suddenly want it, not because they need it but because they feel they would be foolish to miss the opportunity.</span>","n. ★项目,条款 / 一件(商品)<br>按原价时根本不会看一眼的购物者，突然就想要了，不是因为需要，而是因为觉得错过这个机会太蠢。<br><i>2021年12月 第1套 · 仔细阅读 · Passage One</i>",A
"journey<br><span style='font-size:14px'>Telemedicine expanded rapidly when patients could not visit clinics, and many of them discovered that a consultation conducted from home was more convenient than a <b>journey</b> across the city followed by an hour in a waiting room.</span>",n. ★旅程 / 行程 / 旅行<br>当病人无法到诊所时，远程医疗迅速铺开，许多病人发现在家问诊，比横穿城市再在候诊室坐上一小时要方便得多。<br><i>2022年12月 第1套 · 仔细阅读 · Passage Two</i><br>—,A
juice<br><span style='font-size:14px'>Fruit <b>juice</b> is different from whole fruit in that it contains much less fibre.</span>,n. ★果汁 / 汁液<br>果汁与完整水果的不同之处在于，它所含的膳食纤维要少得多。<br><i>2025年6月 第1套 · 长篇阅读 · Is Juicing Actually Good for You（第2套）</i><br>—,A
"later<br><span style='font-size:14px'>In one study, pupils who were told they were clever after solving a simple puzzle <b>later</b> chose easier tasks, apparently because they wished to protect the reputation they had just been given.</span>","adv./adj. ★后来 / 较晚的 / 稍后<br>在一项研究中，因解出一道简单谜题而被夸""聪明""的学生，后来选择了更简单的任务，显然是想保护刚刚获得的那个名声。<br><i>2022年6月 第1套 · 仔细阅读 · Passage One</i><br>sooner or later 早晚",A
lesson<br><span style='font-size:14px'>The <b>lesson</b> is uncomfortable but useful: people are more likely to protect the environment when the easier choice is also the better one.</span>,n. ★课 / 教训 / 课程<br>这个教训让人不舒服却很有用：当更容易的那个选择同时也是更好的选择时，人们才更可能去保护环境。<br><i>2024年6月 第1套 · 仔细阅读 · Passage One</i><br>learn a lesson 吸取教训,A
"look<br><span style='font-size:14px'>Items that generate the highest profit are positioned at eye level, while cheaper alternatives are placed on the lowest shelves, where adults rarely <b>look</b> and children do.</span>",v./n. ★看 / 看起来 / 神情<br>利润最高的商品被摆在视线高度，而便宜的替代品被放在最低一层，成年人很少往那里看，孩子倒是看得到。<br><i>2022年12月 第1套 · 仔细阅读 · Passage One</i><br>look after 照顾,A
"lower<br><span style='font-size:14px'>Those who scroll passively through other people's posts tend to report <b>lower</b> satisfaction, while those who send messages, share opinions and maintain contact with friends they rarely meet seem to benefit.</span>",adj./v. ★较低的 / 降低<br>被动地刷别人动态的人往往满意度更低，而那些发消息、分享观点、与难得见面的朋友保持联系的人似乎能从中受益。<br><i>2024年6月 第1套 · 仔细阅读 · Passage Two</i><br>lower the cost 降低成本,A
"machines<br><span style='font-size:14px'>Bike-sharing schemes, in particular, expanded with extraordinary speed: companies placed millions of bicycles on the streets of cities that had no infrastructure for them, and for a while the pavements were blocked by <b>machines</b> nobody was using.</span>",n. ★机器(machine 的复数)<br>共享单车计划尤其以惊人的速度扩张：企业把数以百万计的自行车投放到根本没有相应基础设施的城市街道上，有一阵子人行道被没人使用的车子堵死。<br><i>2023年12月 第1套 · 长篇阅读 · The Sharing Economy</i><br>—,A
"memory<br><span style='font-size:14px'>Critics argue that this ritual measures <b>memory</b> under pressure rather than genuine understanding, and that a single afternoon should not determine a student's grade.</span>","n. ★记忆力 / 回忆,记忆 / 记忆中的人或事 / 存储 / 存储器 / 纪念<br>批评者认为，这种仪式考的是压力下的记忆力，而不是真正的理解，一个下午也不该决定学生的成绩。<br><i>2023年12月 第1套 · 仔细阅读 · Passage One</i><br>in memory of 纪念",A
merely<br><span style='font-size:14px'>Researchers have found that the most effective remedy is not a stricter schedule but a smaller first step: students who were asked <b>merely</b> to open the document and write one sentence frequently continued for an hour.</span>,"adv. ★仅仅,只不过<br>研究人员发现，最有效的补救办法不是更严格的日程，而是更小的第一步：那些只被要求打开文档写一句话的学生，往往会接着写上整整一个小时。<br><i>2021年12月 第1套 · 选词填空 · Procrastination</i>",A
"mistakes<br><span style='font-size:14px'>Teachers who have adopted this approach report that students become more willing to attempt questions they cannot immediately answer, and that classrooms become quieter places where <b>mistakes</b> are discussed rather than hidden.</span>",n. ★错误 / 失误(mistake 的复数)<br>采用这种做法的教师反映，学生更愿意去尝试不能立刻答出的问题，课堂也变得更安静，错误被拿出来讨论，而不是被藏起来。<br><i>2022年6月 第1套 · 仔细阅读 · Passage One</i><br>make mistakes 犯错,A
mood<br><span style='font-size:14px'>Recent surveys suggest that the <b>mood</b> has shifted.</span>,"n. ★心情,情绪 / 语气<br>最近的调查显示，风向变了。<br><i>2023年3月 第1套 · 仔细阅读 · Passage One</i><br>in a good mood 心情好",A
"music<br><span style='font-size:14px'><b>Music</b> is slower at weekends, when shoppers are less hurried and therefore more likely to buy things they had not planned.</span>",n. ★音乐 / 乐曲 / 乐谱<br>周末的音乐节奏更慢，因为那时购物者不赶时间，更容易买下原本没打算买的东西。<br><i>2022年12月 第1套 · 仔细阅读 · Passage One</i><br>listen to music 听音乐,A
network<br><span style='font-size:14px'>The human brain has the ability to constantly form new <b>networks</b>.</span>,n./v. ★网络 / 人际关系网 / 建立网络<br>人类大脑具有不断形成新神经网络的能力。<br><i>2025年6月 第1套 · 选词填空 · The Human Brain（第3套）</i><br>social network 社交网络,A
"next<br><span style='font-size:14px'>Short videos have become the dominant form of online entertainment, and their appeal is easy to explain: they require almost no effort, they deliver a reward within seconds, and the <b>next</b> one begins before you have decided whether you want it.</span>",adj./adv. ★下一个的 / 接下来 / 紧邻的<br>短视频已经成为网络娱乐的主要形式，它的吸引力不难解释：几乎不费力气，几秒钟内就给到回报，而且你还没决定要不要看，下一条已经开始了。<br><i>2023年6月 第1套 · 仔细阅读 · Passage One</i><br>next to 紧挨着,A
notice<br><span style='font-size:14px'>They simply fail to <b>notice</b> that the money saved on an unwanted object is still money spent.</span>,v./n. ★注意到 / 通知 / 注意 / 布告<br>他们只是没注意到，在一件不需要的东西上省下的钱，仍然是花出去的钱。<br><i>2021年12月 第1套 · 仔细阅读 · Passage One</i><br>take notice of 注意,A
"original<br><span style='font-size:14px'>Shoppers who would ignore an item at its <b>original</b> price suddenly want it, not because they need it but because they feel they would be foolish to miss the opportunity.</span>","adj./n. ★最初的,原始的 / 独创的 / 原作<br>按原价时根本不会看一眼的购物者，突然就想要了，不是因为需要，而是因为觉得错过这个机会太蠢。<br><i>2021年12月 第1套 · 仔细阅读 · Passage One</i><br>original plan 原计划",A
"owners<br><span style='font-size:14px'>City governments encouraged the trend by painting lanes on roads that had previously belonged almost entirely to cars, though in some districts these lanes were removed after complaints from shop <b>owners</b> and taxi drivers.</span>",n. ★所有者(owner 的复数)<br>市政府也鼓励这一趋势，在原本几乎完全属于汽车的道路上画出车道，尽管在一些街区，这些车道因为店主和出租车司机的投诉被取消了。<br><i>2022年12月 第1套 · 选词填空 · The Return of the Bicycle</i><br>—,A
patience<br><span style='font-size:14px'>They argue that deep reading requires <b>patience</b> and that constant interruptions make it harder for the brain to process difficult ideas.</span>,"n. ★耐心,忍耐力 / 忍耐 / 毅力 / 容忍 / 耐心行为<br>他们认为，深度阅读需要耐心，而不断的打断会让大脑更难处理有难度的思想。<br><i>2024年6月 第1套 · 选词填空 · Reading Habits</i><br>patience with 对…的耐心",A
"payment<br><span style='font-size:14px'>The local government has announced a package of measures intended to encourage couples to have children, including a monthly <b>payment</b> for each child under three and a longer period of paid leave for both parents.</span>",n. ★支付 / 付款 / 报酬<br>当地政府宣布了一揽子鼓励夫妻生育的措施，其中包括为每个三岁以下儿童发放月度补贴，以及延长父母双方的带薪假期。<br><i>2022年12月 第1套 · 听力 · News Report One</i><br>mobile payment 移动支付,A
"platform<br><span style='font-size:14px'><b>Platforms</b> have tried various responses, from warnings to removing content, but the most effective measure appears to be slower: teaching users to check the source before sharing.</span>",n. ★平台 / 站台 / 纲领<br>平台尝试过各种应对手段，从贴警告到下架内容，但最有效的办法似乎更慢：教用户在转发前先核实来源。<br><i>2021年6月 第1套 · 仔细阅读 · Passage One</i><br>online platform 在线平台,A
"popular<br><span style='font-size:14px'>Volunteering has become increasingly <b>popular</b> among young people, and universities now regard it as an important part of education.</span>",adj. ★流行的 / 受欢迎的 / 大众的<br>志愿服务在年轻人中越来越流行，大学如今也把它视为教育的重要组成部分。<br><i>2023年12月 第1套 · 选词填空 · Volunteering among Young People</i><br>be popular with 受…欢迎,A
"present<br><span style='font-size:14px'>The debate is usually <b>presented</b> as a choice between idealism and realism, but the evidence does not support such a sharp distinction.</span>",n./adj./v. ★礼物 / 目前 / 出席的 / 现在的 / 呈现 / 提出 / 颁发<br>这场争论通常被描述为理想主义与现实主义之间的选择，但证据并不支持如此泾渭分明的划分。<br><i>2021年6月 第1套 · 仔细阅读 · Passage Two</i><br>at present 目前,A
process<br><span style='font-size:14px'>They argue that deep reading requires patience and that constant interruptions make it harder for the brain to <b>process</b> difficult ideas.</span>,"n./v. ★过程,进程 / 工序 / 加工 / 处理<br>他们认为，深度阅读需要耐心，而不断的打断会让大脑更难处理有难度的思想。<br><i>2024年6月 第1套 · 选词填空 · Reading Habits</i><br>in the process of 在…过程中",A
quality<br><span style='font-size:14px'>Yet there are limits that no improvement in video <b>quality</b> will remove.</span>,"n./adj. ★质量,品质 / 性质 / 优质的<br>然而有些局限是视频画质再怎么改善也消除不了的。<br><i>2022年12月 第1套 · 仔细阅读 · Passage Two</i><br>quality of life 生活质量",A
"rapid<br><span style='font-size:14px'>Telemedicine expanded <b>rapidly</b> when patients could not visit clinics, and many of them discovered that a consultation conducted from home was more convenient than a journey across the city followed by an hour in a waiting room.</span>","adj. ★迅速的,快的<br>当病人无法到诊所时，远程医疗迅速铺开，许多病人发现在家问诊，比横穿城市再在候诊室坐上一小时要方便得多。<br><i>2022年12月 第1套 · 仔细阅读 · Passage Two</i><br>rapid growth 快速增长",A
"read<br><span style='font-size:14px'>Researchers found that the number of people who <b>read</b> at least one book a month has remained relatively stable over the past decade, but the way they read has changed dramatically.</span>",v. ★阅读 / 读懂 / 标明<br>研究人员发现，每月至少读一本书的人数在过去十年里相对稳定，但人们的阅读方式发生了巨大变化。<br><i>2024年6月 第1套 · 选词填空 · Reading Habits</i><br>read aloud 朗读,A
"recommend<br><span style='font-size:14px'>Teachers who work with adults <b>recommend</b> short daily sessions rather than long weekly classes, and they emphasise that progress becomes visible only after several months of consistent effort.</span>","v. ★推荐,建议 / 劝告<br>教成年人的老师建议，与其每周上一次长课，不如每天学一小段，他们强调只有经过几个月持续的努力，进步才会显现出来。<br><i>2022年6月 第1套 · 选词填空 · Learning a Second Language</i><br>recommend doing 建议做",A
"recorded<br><span style='font-size:14px'>Countries that abolished entrance fees <b>recorded</b> a sharp increase in visitors, and, crucially, the new visitors were not the usual audience.</span>",v. ★记录(record 的过去式/过去分词)<br>取消门票的国家录得访客量急剧上升，而且关键是，新增的访客并不是原来那批老观众。<br><i>2023年6月 第1套 · 仔细阅读 · Passage Two</i><br>—,A
relationship<br><span style='font-size:14px'>What is less clear is the direction of the <b>relationship</b>.</span>,n. ★关系 / 关联 / 亲属关系<br>不那么清楚的是因果方向。<br><i>2023年12月 第1套 · 仔细阅读 · Passage Two</i><br>—,A
"response<br><span style='font-size:14px'>Platforms have tried various <b>responses</b>, from warnings to removing content, but the most effective measure appears to be slower: teaching users to check the source before sharing.</span>","n. ★回答 / 反应,响应 / 回应<br>平台尝试过各种应对手段，从贴警告到下架内容，但最有效的办法似乎更慢：教用户在转发前先核实来源。<br><i>2021年6月 第1套 · 仔细阅读 · Passage One</i><br>in response to 作为对…的回应",A
route<br><span style='font-size:14px'>The <b>route</b> is not random.</span>,n. ★路线 / 途径 / 航线<br>这条路线不是随机的。<br><i>2022年12月 第1套 · 仔细阅读 · Passage One</i><br>bus route 公交线路,A
"screen<br><span style='font-size:14px'>A physician cannot examine an abdomen, feel a lump or observe how a patient walks down a corridor through a <b>screen</b>, and these physical signs are often what reveal a serious condition.</span>",n./v. ★屏幕 / 屏风 / 帘 / 筛子 / 掩蔽 / 放映 / 遮蔽 / 筛查 / 甄别<br>医生无法隔着屏幕按压腹部、摸到肿块，或观察病人如何走过走廊，而这些体征往往正是发现重病的线索。<br><i>2022年12月 第1套 · 仔细阅读 · Passage Two</i><br>on screen 在屏幕上;screen out 筛除,A
"send<br><span style='font-size:14px'>When a museum charges for admission, it <b>sends</b> a message about who the institution is for.</span>",v. ★发送 / 寄 / 派遣<br>当一座博物馆收取门票时，它其实传递了一个信息：这个机构是为谁而设的。<br><i>2023年6月 第1套 · 仔细阅读 · Passage Two</i><br>send for 派人去请,A
"serious<br><span style='font-size:14px'>A physician cannot examine an abdomen, feel a lump or observe how a patient walks down a corridor through a screen, and these physical signs are often what reveal a <b>serious</b> condition.</span>",adj. ★严肃的 / 严重的 / 认真的<br>医生无法隔着屏幕按压腹部、摸到肿块，或观察病人如何走过走廊，而这些体征往往正是发现重病的线索。<br><i>2022年12月 第1套 · 仔细阅读 · Passage Two</i><br>—,A
"set<br><span style='font-size:14px'>Some schools have responded by <b>setting</b> aside a fixed period each morning for silent reading, hoping that students will rediscover the pleasure of finishing a whole chapter without checking a phone.</span>",v./n. ★设置 / 放置 / 一套 / 确定<br>一些学校的应对办法是每天早上留出固定的时间进行默读，希望学生能重新找回不碰手机、读完一整章的乐趣。<br><i>2024年6月 第1套 · 选词填空 · Reading Habits</i><br>set up 建立,A
"sharp<br><span style='font-size:14px'>The debate is usually presented as a choice between idealism and realism, but the evidence does not support such a <b>sharp</b> distinction.</span>",adj. ★锐利的 / 急剧的 / 敏锐的<br>这场争论通常被描述为理想主义与现实主义之间的选择，但证据并不支持如此泾渭分明的划分。<br><i>2021年6月 第1套 · 仔细阅读 · Passage Two</i><br>a sharp rise 急剧上升,A
"similar<br><span style='font-size:14px'>In a study that compared districts with <b>similar</b> income levels, residents who lived within a ten-minute walk of a park reported fewer symptoms of anxiety and were more likely to exercise regularly.</span>","adj. ★相似的,类似的<br>在一项比较了收入水平相近街区的研究中，住在离公园步行十分钟范围内的居民报告说焦虑症状更少，也更可能经常锻炼。<br><i>2023年12月 第1套 · 仔细阅读 · Passage Two</i><br>be similar to 与…相似",A
"smaller<br><span style='font-size:14px'>Researchers who tried to control for this factor still found a measurable benefit, though a <b>smaller</b> one.</span>",adj. ★更小的<br>试图控制这一因素的研究人员仍然发现了可测量的好处，只是幅度更小一些。<br><i>2023年12月 第1套 · 仔细阅读 · Passage Two</i><br>—,A
"start<br><span style='font-size:14px'>Companies point out that the system allows anyone to <b>start</b> earning within a day, and that attempts to regulate the industry have reduced the number of available jobs.</span>",v./n. ★开始 / 启动 / 起点<br>企业指出，这套体系让任何人一天之内就能开始挣钱，而试图监管这个行业反而减少了可提供的岗位。<br><i>2021年6月 第1套 · 长篇阅读 · Gig Work and Delivery Riders</i><br>to start with 首先,A
"streets<br><span style='font-size:14px'>Now images of waste in rivers and on city <b>streets</b> have made the issue personal, and governments in dozens of countries have responded with taxes, bans and recycling programmes.</span>",n. ★街道(street 的复数)<br>如今河流和城市街道上的垃圾画面让这个问题变得切身，数十个国家的政府以征税、禁令和回收计划作出回应。<br><i>2024年6月 第1套 · 仔细阅读 · Passage One</i><br>—,A
stress<br><span style='font-size:14px'>Residents who insist that they no longer notice the traffic often show the same physical signs of <b>stress</b> as those who complain.</span>,n./v. ★压力 / 强调 / 重音 / 强调 / 重读 / 使紧张<br>那些坚称自己已经听不见车流的居民，往往表现出与抱怨者相同的压力体征。<br><i>2021年6月 第1套 · 选词填空 · Noise in Cities</i><br>under stress 处于压力下,A
"surprising<br><span style='font-size:14px'>It is that a rumour is usually more <b>surprising</b> than the truth, and surprise is what makes something worth passing on.</span>",adj. ★令人惊讶的<br>而是谣言通常比真相更让人意外，而意外正是值得转发出去的东西。<br><i>2021年6月 第1套 · 仔细阅读 · Passage One</i><br>—,A
"then<br><span style='font-size:14px'>They are the ones who found something they were willing to work at, and <b>then</b> made sure that other people could see the value of it.</span>",adv. ★然后 / 那时 / 那么<br>他们是找到了自己愿意下功夫的事，又确保别人能看到这件事的价值的人。<br><i>2021年6月 第1套 · 仔细阅读 · Passage Two</i><br>by then 到那时,A
"things<br><span style='font-size:14px'>Music is slower at weekends, when shoppers are less hurried and therefore more likely to buy <b>things</b> they had not planned.</span>",n. ★东西 / 事情(thing 的复数)<br>周末的音乐节奏更慢，因为那时购物者不赶时间，更容易买下原本没打算买的东西。<br><i>2022年12月 第1套 · 仔细阅读 · Passage One</i><br>—,A
"thirty<br><span style='font-size:14px'>A large proportion of employees under <b>thirty</b> now say they prefer to remain with their current employer, even when they receive offers that pay more.</span>",num. ★三十<br>如今三十岁以下员工中有很大一部分表示，即使收到薪水更高的录用通知，他们也愿意留在现在的雇主这里。<br><i>2023年3月 第1套 · 仔细阅读 · Passage One</i><br>—,A
"through<br><span style='font-size:14px'>A physician cannot examine an abdomen, feel a lump or observe how a patient walks down a corridor <b>through</b> a screen, and these physical signs are often what reveal a serious condition.</span>",prep./adv. ★穿过 / 通过 / 从头到尾<br>医生无法隔着屏幕按压腹部、摸到肿块，或观察病人如何走过走廊，而这些体征往往正是发现重病的线索。<br><i>2022年12月 第1套 · 仔细阅读 · Passage Two</i><br>go through 经历,A
"until<br><span style='font-size:14px'>Forecasters have been slow to explain probability in ordinary language, and television presenters often simplify the information <b>until</b> the uncertainty disappears.</span>",prep./conj. ★直到 / 在…以前<br>预报员一直不擅长用日常语言解释概率，电视主持人又常常把信息简化得连不确定性都消失了。<br><i>2023年3月 第1套 · 仔细阅读 · Passage Two</i><br>not...until 直到…才,A
very<br><span style='font-size:14px'>Watching a video that requires you to think is <b>very</b> different from passively consuming an endless stream of clips chosen by an algorithm.</span>,"adv./adj. ★很,非常 / 完全,正是 / 恰好的 / 同一的 / 极端的 / 真正的<br>观看一个需要你动脑的视频，与被动消费由算法推送的无尽片段，完全是两回事。<br><i>2023年6月 第1套 · 仔细阅读 · Passage One</i><br>the very best 最好的",A
"why<br><span style='font-size:14px'>Retailers understand the mechanism perfectly, which is <b>why</b> the original price is almost always displayed beside the reduced one.</span>",adv. ★为什么 / …的原因<br>零售商对这套机制了如指掌，所以降价旁边几乎总会标出原价。<br><i>2021年12月 第1套 · 仔细阅读 · Passage One</i><br>why not 为什么不,A
"willing<br><span style='font-size:14px'>Interest, meanwhile, has a practical value that is easy to overlook: students who are genuinely curious study harder, absorb material faster, and are more <b>willing</b> to persist when a course becomes difficult.</span>","adj./v. ★愿意的,乐意的 / 自愿的 / 积极肯干的 / 情愿的 / 自愿提供<br>与此同时，兴趣有一种容易被忽视的实用价值：真正好奇的学生学得更投入、吸收更快，也更愿意在课程变难时坚持下去。<br><i>2021年6月 第1套 · 仔细阅读 · Passage Two</i><br>be willing to 愿意",A
wrong<br><span style='font-size:14px'>Yet a series of experiments suggests that the <b>wrong</b> kind of praise can make children more fragile rather than more confident.</span>,"adj./adv./n. ★错误的,不正确的 / 不道德的 / 有毛病的 / 错误地 / 不公正 / 冤枉<br>然而一系列实验表明，错误的表扬方式会让孩子更脆弱，而不是更自信。<br><i>2022年6月 第1套 · 仔细阅读 · Passage One</i><br>go wrong 出错",A
"accurate<br><span style='font-size:14px'>A study that examined millions of messages shared online reached an uncomfortable conclusion: false information travels faster, further and deeper than <b>accurate</b> information.</span>","adj. ★准确的,精确的 / 正确无误的<br>一项研究了数百万条网络转发信息的研究，得出了一个令人不安的结论：虚假信息比真实信息传得更快、更远、更深。<br><i>2021年6月 第1套 · 仔细阅读 · Passage One</i><br>accurate data 准确的数据",A
"across<br><span style='font-size:14px'>Telemedicine expanded rapidly when patients could not visit clinics, and many of them discovered that a consultation conducted from home was more convenient than a journey <b>across</b> the city followed by an hour in a waiting room.</span>",prep./adv. ★穿过 / 横过 / 在…对面<br>当病人无法到诊所时，远程医疗迅速铺开，许多病人发现在家问诊，比横穿城市再在候诊室坐上一小时要方便得多。<br><i>2022年12月 第1套 · 仔细阅读 · Passage Two</i><br>come across 偶遇,A
"advice<br><span style='font-size:14px'>Parents and teachers are constantly advised to praise children, and the <b>advice</b> is seldom questioned.</span>",n. ★建议 / 忠告 / 意见<br>家长和老师不断被建议要多表扬孩子，而这条建议很少被质疑。<br><i>2022年6月 第1套 · 仔细阅读 · Passage One</i><br>a piece of advice 一条建议,A
"afford<br><span style='font-size:14px'>Where buses are frequent, predictable and clean, people use them regardless of income; where services are irregular, even passengers who cannot <b>afford</b> a car will borrow money to avoid them.</span>",v. ★负担得起 / 提供<br>在公交班次密集、准点、干净的地方，无论收入高低人们都会坐；在服务不稳定的地方，连买不起车的人也会借钱躲开公交。<br><i>2022年6月 第1套 · 仔细阅读 · Passage Two</i><br>can afford to do 有能力做,A
"air<br><span style='font-size:14px'>There is also evidence that green space reduces the temperature of dense urban areas during heat waves, and that trees filter pollutants from the <b>air</b>.</span>",n. ★空气 / 天空 / 气氛<br>也有证据表明，绿地能在热浪期间降低密集城区的温度，树木还能过滤空气中的污染物。<br><i>2023年12月 第1套 · 仔细阅读 · Passage Two</i><br>by air 乘飞机,A
announce<br><span style='font-size:14px'>A label that <b>announces</b> fifty percent off does something strange to the human mind.</span>,"v. ★宣布,宣告<br>一张写着五折的标签，会对人的心智产生奇怪的作用。<br><i>2021年12月 第1套 · 仔细阅读 · Passage One</i>",A
"area<br><span style='font-size:14px'>There is also evidence that green space reduces the temperature of dense urban <b>areas</b> during heat waves, and that trees filter pollutants from the air.</span>",n. ★地区 / 面积 / 领域 / 范围<br>也有证据表明，绿地能在热浪期间降低密集城区的温度，树木还能过滤空气中的污染物。<br><i>2023年12月 第1套 · 仔细阅读 · Passage Two</i><br>rural area 农村地区,A
"around<br><span style='font-size:14px'>Reliability is the decisive factor, because a journey that may take twenty minutes or fifty cannot be planned <b>around</b>, and an unplannable journey is useless for anyone who must arrive at a fixed time.</span>",prep./adv. ★在…周围 / 大约 / 到处<br>可靠性是决定性因素，因为一段可能二十分钟也可能五十分钟的旅程无法用来安排事情，而凡是必须按时到达的人，都用不上一趟无法计划的行程。<br><i>2022年6月 第1套 · 仔细阅读 · Passage Two</i><br>around the world 全世界,A
"assessment<br><span style='font-size:14px'>They propose continuous <b>assessment</b> instead: essays, projects and short tests spread across the term, which they claim give a fairer picture of a student's ability.</span>",n. ★评估 / 评价 / 评定<br>他们主张改用持续性评估：论文、项目和分散在整个学期的小测验，他们认为这样能更公平地反映学生的能力。<br><i>2023年12月 第1套 · 仔细阅读 · Passage One</i><br>continuous assessment 持续评估,A
"attention<br><span style='font-size:14px'>A discount that ends tonight produces a mild panic, and panic is a poor adviser: it shifts <b>attention</b> from the question ""do I want this?</span>","n. ★注意,注意力 / 照料 / 关注<br>今晚就结束的折扣会引发轻微的恐慌，而恐慌是个糟糕的顾问：它把注意力从""我想要这个吗""转移到""不买会不会后悔""。<br><i>2021年12月 第1套 · 仔细阅读 · Passage One</i><br>pay attention to 注意",A
"audience<br><span style='font-size:14px'>A story about an ordinary event produces no desire to share it, while a story that seems incredible demands an <b>audience</b>.</span>",n. ★观众 / 听众 / 读者<br>一件平常事不会产生分享的欲望，而一个听起来不可思议的故事却非要有人听不可。<br><i>2021年6月 第1套 · 仔细阅读 · Passage One</i><br>target audience 目标受众,A
"available<br><span style='font-size:14px'>Critics object that free admission reduces the income <b>available</b> for maintaining collections, and there is some truth in this.</span>","adj. ★可获得的,可用的 / 有空的<br>批评者反对说，免费入场会减少用于维护藏品的收入，这话有一定道理。<br><i>2023年6月 第1套 · 仔细阅读 · Passage Two</i><br>be available to/for 可供…使用",A
away<br><span style='font-size:14px'>Environmental concerns play a part as well: customers who would not describe themselves as activists still feel uneasy about throwing <b>away</b> objects that others could use.</span>,adv. ★离开 / 在远处 / 消失<br>环保顾虑也起了作用：那些不会自称环保人士的顾客，仍然对把别人还能用的东西扔掉感到不安。<br><i>2021年12月 第1套 · 长篇阅读 · Second-hand Markets</i><br>far away 遥远,A
behaviour<br><span style='font-size:14px'>Yet <b>behaviour</b> has proved stubborn.</span>,n. ★行为 / 举止 / 表现<br>然而行为本身却十分顽固。<br><i>2024年6月 第1套 · 仔细阅读 · Passage One</i><br>consumer behaviour 消费行为,A
behind<br><span style='font-size:14px'>Convenience follows closely <b>behind</b>: a route that requires two changes and a long walk is rejected even by commuters who describe themselves as environmentally conscious.</span>,prep./adv. ★在…后面 / 迟于 / 落后<br>紧随其后的是便利性：一条要换乘两次再走很长一段路的线路，连自称有环保意识的上班族都会拒绝。<br><i>2022年6月 第1套 · 仔细阅读 · Passage Two</i><br>leave behind 留下,A
"chopsticks<br><span style='font-size:14px'>A single order typically arrives with a plastic container, a paper bag, a set of disposable <b>chopsticks</b> and several small packets of sauce, most of which are used for a few minutes and then thrown away.</span>",n. ★筷子<br>一份订单通常送到一个塑料盒、一个纸袋、一套一次性筷子和几小包调料，其中大部分用上几分钟就被扔掉。<br><i>2023年3月 第1套 · 长篇阅读 · Food Delivery and Packaging Waste</i><br>—,A
"collection<br><span style='font-size:14px'>Critics object that free admission reduces the income available for maintaining <b>collections</b>, and there is some truth in this.</span>",n. ★收藏 / 收集 / 作品集<br>批评者反对说，免费入场会减少用于维护藏品的收入，这话有一定道理。<br><i>2023年6月 第1套 · 仔细阅读 · Passage Two</i><br>—,A
"common<br><span style='font-size:14px'>As electric vehicles become <b>common</b>, engineers have begun to worry about the network that supplies the electricity.</span>",adj. ★常见的 / 共同的 / 普通的 / 平常的<br>随着电动汽车普及，工程师开始担心供电网络。<br><i>2022年6月 第1套 · 长篇阅读 · Electric Cars and the Power Grid</i><br>in common 共同,A
communicate<br><span style='font-size:14px'>Employers who joined the programme said graduates were generally well prepared in theory but often lacked the ability to <b>communicate</b> with clients.</span>,v. ★交流 / 沟通 / 传达<br>参加该项目的雇主表示，毕业生在理论上普遍准备充分，但往往缺乏与客户沟通的能力。<br><i>2023年12月 第1套 · 听力 · News Report One</i><br>communicate with 与…交流,A
concern<br><span style='font-size:14px'>Environmental <b>concerns</b> play a part as well: customers who would not describe themselves as activists still feel uneasy about throwing away objects that others could use.</span>,"n./v. ★关心,担忧 / 涉及 / 事项<br>环保顾虑也起了作用：那些不会自称环保人士的顾客，仍然对把别人还能用的东西扔掉感到不安。<br><i>2021年12月 第1套 · 长篇阅读 · Second-hand Markets</i><br>be concerned about 关心/担忧",A
"condition<br><span style='font-size:14px'>A physician cannot examine an abdomen, feel a lump or observe how a patient walks down a corridor through a screen, and these physical signs are often what reveal a serious <b>condition</b>.</span>",n. ★条件 / 状况 / 环境 / 前提<br>医生无法隔着屏幕按压腹部、摸到肿块，或观察病人如何走过走廊，而这些体征往往正是发现重病的线索。<br><i>2022年12月 第1套 · 仔细阅读 · Passage Two</i><br>under the condition 在…条件下,A
"consider<br><span style='font-size:14px'>During the pandemic, public transport was regarded as risky, and millions of people who had never <b>considered</b> cycling bought a bicycle instead.</span>",v. ★考虑 / 认为<br>疫情期间，公共交通被视为有风险，数以百万计从未考虑过骑车的人转而买了自行车。<br><i>2022年12月 第1套 · 选词填空 · The Return of the Bicycle</i><br>consider doing 考虑做,A
contain<br><span style='font-size:14px'>Fruit juice is different from whole fruit in that it <b>contains</b> much less fibre.</span>,"v. ★包含,容纳 / 控制<br>果汁与完整水果的不同之处在于，它所含的膳食纤维要少得多。<br><i>2025年6月 第1套 · 长篇阅读 · Is Juicing Actually Good for You（第2套）</i><br>contain oneself 克制自己",A
"control<br><span style='font-size:14px'>Researchers who tried to <b>control</b> for this factor still found a measurable benefit, though a smaller one.</span>",n./v. ★控制 / 支配<br>试图控制这一因素的研究人员仍然发现了可测量的好处，只是幅度更小一些。<br><i>2023年12月 第1套 · 仔细阅读 · Passage Two</i><br>under control 得到控制,A
"convenient<br><span style='font-size:14px'>Telemedicine expanded rapidly when patients could not visit clinics, and many of them discovered that a consultation conducted from home was more <b>convenient</b> than a journey across the city followed by an hour in a waiting room.</span>","adj. ★方便的,便利的 / 近便的 / 合适的 / 省事的<br>当病人无法到诊所时，远程医疗迅速铺开，许多病人发现在家问诊，比横穿城市再在候诊室坐上一小时要方便得多。<br><i>2022年12月 第1套 · 仔细阅读 · Passage Two</i><br>be convenient for 对…方便",A
"defeat<br><span style='font-size:14px'>Critics reply that the layout is designed to <b>defeat</b> self-control, and several countries have discussed regulations requiring stores to place healthy food in prominent positions.</span>",v./n. ★击败 / 失败<br>批评者则反驳说，这种布局就是设计来打败自制力的，一些国家已经在讨论立法，要求商店把健康食品放在显眼位置。<br><i>2022年12月 第1套 · 仔细阅读 · Passage One</i>,A
"deliver<br><span style='font-size:14px'>Short videos have become the dominant form of online entertainment, and their appeal is easy to explain: they require almost no effort, they <b>deliver</b> a reward within seconds, and the next one begins before you have decided whether you want it.</span>",v. ★递送 / 发表 / 接生 / 实现(承诺)<br>短视频已经成为网络娱乐的主要形式，它的吸引力不难解释：几乎不费力气，几秒钟内就给到回报，而且你还没决定要不要看，下一条已经开始了。<br><i>2023年6月 第1套 · 仔细阅读 · Passage One</i><br>deliver a speech 发表演讲,A
"differ<br><span style='font-size:14px'>Because how the body responds to a drug can <b>differ</b> depending on the time it is taken, it logically follows that taking medicines at specific times could help increase their effectiveness and reduce unwanted side effects.</span>",v. ★不同 / 相异 / 意见不合<br>既然身体对药物的反应会因服药时间的不同而有所差异，那么在特定的时间服药，按理说就能提高药效、减少不必要的副作用。<br><i>2025年12月 第1套 · 仔细阅读 · Passage One（昼夜节律）</i><br>differ from 与…不同,A
"discuss<br><span style='font-size:14px'>Critics reply that the layout is designed to defeat self-control, and several countries have <b>discussed</b> regulations requiring stores to place healthy food in prominent positions.</span>","v. ★讨论,商议<br>批评者则反驳说，这种布局就是设计来打败自制力的，一些国家已经在讨论立法，要求商店把健康食品放在显眼位置。<br><i>2022年12月 第1套 · 仔细阅读 · Passage One</i>",A
discussion<br><span style='font-size:14px'>Plastic pollution has moved from the edge of public <b>discussion</b> to the centre of it.</span>,n. ★讨论 / 商议 / 论述<br>塑料污染已经从公众讨论的边缘走到了中心。<br><i>2024年6月 第1套 · 仔细阅读 · Passage One</i><br>under discussion 在讨论中,A
doctors<br><span style='font-size:14px'><b>Doctors</b> also report that some patients speak more frankly in their own living rooms than they do in a consulting room.</span>,n. ★医生(doctor 的复数)<br>医生还反映，有些病人在自家客厅里说得比在诊室里更坦率。<br><i>2022年12月 第1套 · 仔细阅读 · Passage Two</i><br>—,A
"down<br><span style='font-size:14px'>A physician cannot examine an abdomen, feel a lump or observe how a patient walks <b>down</b> a corridor through a screen, and these physical signs are often what reveal a serious condition.</span>",adv./prep. ★向下 / 沿着 / 减少<br>医生无法隔着屏幕按压腹部、摸到肿块，或观察病人如何走过走廊，而这些体征往往正是发现重病的线索。<br><i>2022年12月 第1套 · 仔细阅读 · Passage Two</i><br>down to 直到,A
"drivers<br><span style='font-size:14px'>City governments encouraged the trend by painting lanes on roads that had previously belonged almost entirely to cars, though in some districts these lanes were removed after complaints from shop owners and taxi <b>drivers</b>.</span>",n. ★司机 / 驱动因素(driver 的复数)<br>市政府也鼓励这一趋势，在原本几乎完全属于汽车的道路上画出车道，尽管在一些街区，这些车道因为店主和出租车司机的投诉被取消了。<br><i>2022年12月 第1套 · 选词填空 · The Return of the Bicycle</i><br>—,A
"drug<br><span style='font-size:14px'>Many <b>drug</b> targets in the body follow a 24-hour cycle, too.</span>",n. ★药物 / 毒品<br>人体内的许多药物靶点同样遵循二十四小时的循环。<br><i>2025年12月 第1套 · 仔细阅读 · Passage One（昼夜节律）</i><br>drug store 药店,A
"easier<br><span style='font-size:14px'>In one study, pupils who were told they were clever after solving a simple puzzle later chose <b>easier</b> tasks, apparently because they wished to protect the reputation they had just been given.</span>","adj./adv. ★更容易的 / 更容易地<br>在一项研究中，因解出一道简单谜题而被夸""聪明""的学生，后来选择了更简单的任务，显然是想保护刚刚获得的那个名声。<br><i>2022年6月 第1套 · 仔细阅读 · Passage One</i><br>—",A
"easily<br><span style='font-size:14px'>A reusable bag works only if you remember to carry it, and a paper bag costs more and tears <b>easily</b> when it rains.</span>",adv. ★容易地 / 无疑地<br>可重复使用的袋子只有在你记得带上它时才起作用，而纸袋更贵，下雨时还容易破。<br><i>2024年6月 第1套 · 仔细阅读 · Passage One</i><br>—,A
"eating<br><span style='font-size:14px'>For example, <b>eating</b> at night can lead to weight gain over time because food intake at night leads to increased fat storage.</span>",v. ★吃(eat 的现在分词)<br>例如，夜里吃东西久而久之会导致体重增加，因为夜间摄入食物会带来更多的脂肪堆积。<br><i>2025年12月 第1套 · 仔细阅读 · Passage One（昼夜节律）</i><br>eating habits 饮食习惯,A
economists<br><span style='font-size:14px'><b>Economists</b> call this the transaction utility: the pleasure comes not from the object but from the bargain itself.</span>,"n. ★经济学家(economist 的复数)<br>经济学家称之为交易效用：快感不来自商品本身，而来自""捡了便宜""这件事。<br><i>2021年12月 第1套 · 仔细阅读 · Passage One</i><br>—",A
"elderly<br><span style='font-size:14px'>There is also the question of who is excluded: <b>elderly</b> patients without a smartphone, and those whose hearing or sight makes a screen impractical, are precisely the people who need medical attention most.</span>","adj. ★年长的 / 上了年纪的<br>还有一个""谁被排除在外""的问题：没有智能手机的老年患者，以及视力听力让他们用不了屏幕的人，恰恰是最需要医疗关注的群体。<br><i>2022年12月 第1套 · 仔细阅读 · Passage Two</i><br>the elderly 老年人",A
"everything<br><span style='font-size:14px'>Every summer, students sit in crowded halls and try to recall, in three hours, <b>everything</b> they were supposed to have learned in a semester.</span>",pron. ★一切 / 所有事物<br>每年夏天，学生们挤在考场里，试图用三个小时回忆起一整个学期本该学会的所有东西。<br><i>2023年12月 第1套 · 仔细阅读 · Passage One</i><br>—,A
"exchange<br><span style='font-size:14px'>In traditional Chinese culture, <b>exchanging</b> gifts among relatives and friends is an important etiquette in interpersonal communication.</span>","n./v. ★交换,交流 / 兑换<br>在中国传统文化中，亲朋好友之间互赠礼物是人际交往中的一种重要礼节。<br><i>2026年6月 第1套 · 翻译 · 礼尚往来</i><br>in exchange for 交换",A
face<br><span style='font-size:14px'>We should stay persistent even in the <b>face</b> of failures.</span>,n./v. ★脸 / 表面 / 面对 / 面临<br>即使面对失败，我们也应该坚持下去。<br><i>2025年6月 第1套 · 仔细阅读 · Passage Two（天赋）</i><br>face up to 勇敢面对,A
fail<br><span style='font-size:14px'>They simply <b>fail</b> to notice that the money saved on an unwanted object is still money spent.</span>,v. ★失败 / 不及格 / 未能 / 衰退<br>他们只是没注意到，在一件不需要的东西上省下的钱，仍然是花出去的钱。<br><i>2021年12月 第1套 · 仔细阅读 · Passage One</i><br>fail to do 未能做,A
"fee<br><span style='font-size:14px'>Where villagers are employed as guides, or where a proportion of the entrance <b>fee</b> is returned to the community, attitudes change within a few years, and local residents begin to report illegal hunting themselves.</span>","n. ★费用,酬金<br>在村民被雇来做导游、或门票收入有一部分返还给社区的地方，几年之内态度就会转变，当地居民甚至会主动举报非法狩猎。<br><i>2021年12月 第1套 · 仔细阅读 · Passage Two</i><br>tuition fee 学费",A
"foolish<br><span style='font-size:14px'>Shoppers who would ignore an item at its original price suddenly want it, not because they need it but because they feel they would be <b>foolish</b> to miss the opportunity.</span>",adj. ★愚蠢的 / 傻的<br>按原价时根本不会看一眼的购物者，突然就想要了，不是因为需要，而是因为觉得错过这个机会太蠢。<br><i>2021年12月 第1套 · 仔细阅读 · Passage One</i><br>—,A
"frequent<br><span style='font-size:14px'>Where buses are <b>frequent</b>, predictable and clean, people use them regardless of income; where services are irregular, even passengers who cannot afford a car will borrow money to avoid them.</span>",adj./v. ★频繁的 / 常去 / 频繁的<br>在公交班次密集、准点、干净的地方，无论收入高低人们都会坐；在服务不稳定的地方，连买不起车的人也会借钱躲开公交。<br><i>2022年6月 第1套 · 仔细阅读 · Passage Two</i><br>frequent visitor 常客,A
front<br><span style='font-size:14px'>Participants say the classes help not only because of the skills but because they reduce the fear of appearing foolish in <b>front</b> of younger people.</span>,n./adj. ★前面 / 正面 / 前部的<br>学员们说这些课有用，不只是因为学会了技能，还因为它减轻了在年轻人面前显得笨拙的恐惧。<br><i>2023年6月 第1套 · 长篇阅读 · The Digital Divide among Older People</i><br>in front of 在…前面,A
"fund<br><span style='font-size:14px'>A modest fee may seem harmless, but research consistently shows that it discourages precisely the visitors that public <b>funding</b> was intended to attract: families with low incomes, students, and people who have never visited a museum before and are unsure whether they would enjoy it.</span>","n./v. ★资金,基金 / 资助<br>不算高的票价看起来无伤大雅，但研究一致表明，它劝退的恰恰是公共资金本想吸引的那批访客：低收入家庭、学生，以及那些从未进过博物馆、不确定自己会不会喜欢的人。<br><i>2023年6月 第1套 · 仔细阅读 · Passage Two</i><br>raise funds 筹集资金",A
"green<br><span style='font-size:14px'>There is also evidence that <b>green</b> space reduces the temperature of dense urban areas during heat waves, and that trees filter pollutants from the air.</span>",adj./n. ★绿色的 / 环保的 / 绿色<br>也有证据表明，绿地能在热浪期间降低密集城区的温度，树木还能过滤空气中的污染物。<br><i>2023年12月 第1套 · 仔细阅读 · Passage Two</i><br>green energy 绿色能源,A
group<br><span style='font-size:14px'>Environmental <b>groups</b> estimate that the volume of this waste has increased several times over in the past five years.</span>,"n./v. ★组,群 / 团体 / 分组 / 归类<br>环保团体估计，这类垃圾的总量在过去五年里翻了几番。<br><i>2023年3月 第1套 · 长篇阅读 · Food Delivery and Packaging Waste</i><br>a group of 一群",A
"growing<br><span style='font-size:14px'>City planners have long suspected that parks are good for residents, and a <b>growing</b> body of research now supports that intuition.</span>",adj./v. ★增长的 / 生长(grow 的现在分词)<br>城市规划者早就怀疑公园对居民有益，现在越来越多的研究支持这种直觉。<br><i>2023年12月 第1套 · 仔细阅读 · Passage Two</i><br>growing demand 日益增长的需求,A
"high<br><span style='font-size:14px'>Workers still care about pay, but they also weigh the cost of constant uncertainty, and increasingly they conclude that the price is too <b>high</b>.</span>",adj./adv. ★高的 / 高度的 / 高级的 / 高地<br>员工仍然在意薪水，但他们也会衡量持续不确定性带来的代价，而且越来越多的人认为这个代价太高。<br><i>2023年3月 第1套 · 仔细阅读 · Passage One</i><br>high school 高中,A
"home<br><span style='font-size:14px'>Telemedicine expanded rapidly when patients could not visit clinics, and many of them discovered that a consultation conducted from <b>home</b> was more convenient than a journey across the city followed by an hour in a waiting room.</span>",n./adv. ★家 / 家乡 / 住所 / 在家 / 回家<br>当病人无法到诊所时，远程医疗迅速铺开，许多病人发现在家问诊，比横穿城市再在候诊室坐上一小时要方便得多。<br><i>2022年12月 第1套 · 仔细阅读 · Passage Two</i><br>at home 在家,A
ideas<br><span style='font-size:14px'>They argue that deep reading requires patience and that constant interruptions make it harder for the brain to process difficult <b>ideas</b>.</span>,n. ★主意 / 想法(idea 的复数)<br>他们认为，深度阅读需要耐心，而不断的打断会让大脑更难处理有难度的思想。<br><i>2024年6月 第1套 · 选词填空 · Reading Habits</i><br>—,A
"image<br><span style='font-size:14px'>Now <b>images</b> of waste in rivers and on city streets have made the issue personal, and governments in dozens of countries have responded with taxes, bans and recycling programmes.</span>",n. ★形象 / 图像 / 印象 / 比喻<br>如今河流和城市街道上的垃圾画面让这个问题变得切身，数十个国家的政府以征税、禁令和回收计划作出回应。<br><i>2024年6月 第1套 · 仔细阅读 · Passage One</i><br>public image 公众形象,A
"include<br><span style='font-size:14px'>The local government has announced a package of measures intended to encourage couples to have children, <b>including</b> a monthly payment for each child under three and a longer period of paid leave for both parents.</span>","v. ★包括,包含<br>当地政府宣布了一揽子鼓励夫妻生育的措施，其中包括为每个三岁以下儿童发放月度补贴，以及延长父母双方的带薪假期。<br><i>2022年12月 第1套 · 听力 · News Report One</i>",A
"inconvenience<br><span style='font-size:14px'>Online platforms have removed the <b>inconvenience</b> that once made second-hand shopping slow and uncertain, since buyers can now compare prices and check the reputation of a seller within seconds.</span>",n. ★不便 / 麻烦<br>线上平台消除了过去让二手交易又慢又没把握的不便，因为买家现在几秒钟内就能比价、查看卖家的信誉。<br><i>2021年12月 第1套 · 长篇阅读 · Second-hand Markets</i><br>—,A
"influence<br><span style='font-size:14px'>Consequently, all human body functions also follow this daily rhythm, and the timing of behaviors like exercise or food intake can significantly <b>influence</b> your health.</span>",n./v. ★影响 / 影响力 / 感化<br>因此，人体所有的机能也都遵循这种日常节律，而运动、进食这类行为发生的时机，会对你的健康产生显著影响。<br><i>2025年12月 第1套 · 仔细阅读 · Passage One（昼夜节律）</i><br>have influence on 对…有影响,A
"intelligence<br><span style='font-size:14px'>Praise for <b>intelligence</b> teaches that ability is a fixed quantity that can be lost at any moment, so failure becomes a threat to identity.</span>",n. ★智力 / 智慧 / 情报<br>夸聪明，是在教他能力是固定的量，随时可能失去，于是失败就成了对自我的威胁。<br><i>2022年6月 第1套 · 仔细阅读 · Passage One</i><br>artificial intelligence 人工智能,A
"intend<br><span style='font-size:14px'>A modest fee may seem harmless, but research consistently shows that it discourages precisely the visitors that public funding was <b>intended</b> to attract: families with low incomes, students, and people who have never visited a museum before and are unsure whether they would enjoy it.</span>","v. ★打算,意图 / 意指<br>不算高的票价看起来无伤大雅，但研究一致表明，它劝退的恰恰是公共资金本想吸引的那批访客：低收入家庭、学生，以及那些从未进过博物馆、不确定自己会不会喜欢的人。<br><i>2023年6月 第1套 · 仔细阅读 · Passage Two</i><br>be intended for 专为…而设",A
"interview<br><span style='font-size:14px'>Researchers who <b>interviewed</b> riders found a more complicated picture: most of them accepted the arrangement for a period, but very few expected to remain in it for years, and almost none had any form of insurance.</span>",n./v. ★面试 / 采访 / 接见<br>采访过骑手的研究人员看到的是更复杂的图景：多数人只是在一段时间内接受这种安排，但很少有人打算长干，而且几乎没有人有任何形式的保险。<br><i>2021年6月 第1套 · 长篇阅读 · Gig Work and Delivery Riders</i><br>job interview 求职面试,A
invest<br><span style='font-size:14px'>Cities <b>invest</b> heavily in public transport and then wonder why residents continue to drive.</span>,v. ★投资 / 投入(时间精力)<br>城市在公共交通上投入巨资，随后又纳闷居民为什么还在开车。<br><i>2022年6月 第1套 · 仔细阅读 · Passage Two</i><br>invest in 投资于,A
kind<br><span style='font-size:14px'>Yet a series of experiments suggests that the wrong <b>kind</b> of praise can make children more fragile rather than more confident.</span>,n./adj. ★种类 / 友好的 / 善良的<br>然而一系列实验表明，错误的表扬方式会让孩子更脆弱，而不是更自信。<br><i>2022年6月 第1套 · 仔细阅读 · Passage One</i><br>kind of 有点儿,A
"knowledge<br><span style='font-size:14px'>Defenders of the medium reply that short videos have their own value: they can spread <b>knowledge</b> quickly, and a well-made clip can explain a difficult concept more clearly than a page of prose.</span>",n. ★知识 / 学问 / 了解 / 认识<br>为这种媒介辩护的人回应说，短视频自有其价值：它能快速传播知识，一个制作精良的短片能把难懂的概念讲得比一页文字更清楚。<br><i>2023年6月 第1套 · 仔细阅读 · Passage One</i><br>a good knowledge of 对…很了解,A
"known<br><span style='font-size:14px'>In such circumstances, a familiar job where the rules are <b>known</b> feels less like a trap and more like a form of security.</span>",adj./v. ★已知的 / 知名的(know 的过去分词)<br>在这种情况下，一份规则清楚的熟悉工作，感觉就不像牢笼，而像一种安全感。<br><i>2023年3月 第1套 · 仔细阅读 · Passage One</i><br>be known as 被称为,A
"late<br><span style='font-size:14px'>Many describe a working environment that has become unpredictable: projects appear without warning, meetings are scheduled <b>late</b> in the evening, and the boundary between work and private life has almost disappeared.</span>",adj./adv. ★晚的 / 迟到的 / 已故的 / 晚地<br>许多人描述的工作环境变得难以预测：项目说来就来，会议安排在深夜，工作与私人生活之间的界限几乎消失。<br><i>2023年3月 第1套 · 仔细阅读 · Passage One</i><br>be late for 迟到,A
"level<br><span style='font-size:14px'>Items that generate the highest profit are positioned at eye <b>level</b>, while cheaper alternatives are placed on the lowest shelves, where adults rarely look and children do.</span>",n./adj. ★水平 / 级别 / 层次 / 高度 / 水平的<br>利润最高的商品被摆在视线高度，而便宜的替代品被放在最低一层，成年人很少往那里看，孩子倒是看得到。<br><i>2022年12月 第1套 · 仔细阅读 · Passage One</i><br>at the same level 在同一水平,A
"lived<br><span style='font-size:14px'>Nature reserves are usually drawn on maps as if the land were empty, but in most cases people have <b>lived</b> on it for generations.</span>",v. ★居住(live 的过去式)<br>自然保护区在地图上画出来时，那片土地仿佛是空的，但在多数情况下，人们已经在那里世代居住。<br><i>2021年12月 第1套 · 仔细阅读 · Passage Two</i><br>—,A
living<br><span style='font-size:14px'>Doctors also report that some patients speak more frankly in their own <b>living</b> rooms than they do in a consulting room.</span>,n./adj. ★生活 / 生计 / 活着的<br>医生还反映，有些病人在自家客厅里说得比在诊室里更坦率。<br><i>2022年12月 第1套 · 仔细阅读 · Passage Two</i><br>make a living 谋生,A
"lost<br><span style='font-size:14px'>Praise for intelligence teaches that ability is a fixed quantity that can be <b>lost</b> at any moment, so failure becomes a threat to identity.</span>",v./adj. ★丢失(lose 的过去式) / 迷失的<br>夸聪明，是在教他能力是固定的量，随时可能失去，于是失败就成了对自我的威胁。<br><i>2022年6月 第1套 · 仔细阅读 · Passage One</i><br>get lost 迷路,A
"maintain<br><span style='font-size:14px'>Critics object that free admission reduces the income available for <b>maintaining</b> collections, and there is some truth in this.</span>","v. ★维持,保持 / 维修 / 坚持认为<br>批评者反对说，免费入场会减少用于维护藏品的收入，这话有一定道理。<br><i>2023年6月 第1套 · 仔细阅读 · Passage Two</i><br>maintain balance 保持平衡",A
manage<br><span style='font-size:14px'>This problem can be <b>managed</b> by reserving certain hours for research.</span>,"v. ★管理,经营 / 设法做到 / 应付<br>这个问题可以通过保留某些时段专供研究来解决。<br><i>2023年6月 第1套 · 仔细阅读 · Passage Two</i><br>manage to do 设法做成",A
"management<br><span style='font-size:14px'>Procrastination is often described as a failure of time <b>management</b>, but psychologists argue that it is really a failure of mood management.</span>",n. ★管理 / 经营 / 管理层<br>拖延常被说成是时间管理的失败，但心理学家认为它其实是情绪管理的失败。<br><i>2021年12月 第1套 · 选词填空 · Procrastination</i><br>time management 时间管理,A
"manager<br><span style='font-size:14px'>Yet a significant number report feeling isolated, and <b>managers</b> complain that it is harder to train new staff when nobody is in the same room.</span>",n. ★经理 / 管理者 / 主教练<br>然而有相当数量的人表示感到孤立，管理者则抱怨没人同处一室时更难培养新员工。<br><i>2024年6月 第1套 · 长篇阅读 · Remote Work and City Life</i><br>sales manager 销售经理,A
"market<br><span style='font-size:14px'>That said, it would be dishonest to ignore the <b>market</b>.</span>",n./v. ★市场 / 集市 / 需求 / 销售 / 推销<br>话虽如此，无视市场也不诚实。<br><i>2021年6月 第1套 · 仔细阅读 · Passage Two</i><br>on the market 在市场上,A
"medical<br><span style='font-size:14px'>There is also the question of who is excluded: elderly patients without a smartphone, and those whose hearing or sight makes a screen impractical, are precisely the people who need <b>medical</b> attention most.</span>","adj./n. ★医学的,医疗的 / 内科的 / 体检 / 医生 / 病历<br>还有一个""谁被排除在外""的问题：没有智能手机的老年患者，以及视力听力让他们用不了屏幕的人，恰恰是最需要医疗关注的群体。<br><i>2022年12月 第1套 · 仔细阅读 · Passage Two</i><br>medical care 医疗护理",A
morning<br><span style='font-size:14px'>Students who planned their week in advance reported far less stress than those who simply reacted to whatever appeared each <b>morning</b>.</span>,n. ★早晨 / 上午<br>提前规划好一周的学生，压力明显小于那些每天早上只是被动应付眼前事情的学生。<br><i>2023年6月 第1套 · 选词填空 · Time Management</i><br>in the morning 在早上,A
"necessary<br><span style='font-size:14px'>Attitudes have changed with remarkable speed, and young consumers in particular now describe it as a sensible choice rather than a <b>necessary</b> one.</span>",adj. ★必要的 / 必需的<br>人们的态度变化之快令人瞩目，尤其是年轻消费者，如今他们把买二手货描述为明智的选择，而不是无奈之举。<br><i>2021年12月 第1套 · 长篇阅读 · Second-hand Markets</i><br>if necessary 如有必要,A
"neighbourhood<br><span style='font-size:14px'>Critics warn, however, that new parks can raise property prices and push poorer residents out of the <b>neighbourhood</b> they were meant to serve.</span>","n. ★街区,城区 / 附近 / 邻里 / 邻近地区 / 街坊 / 社区关系<br>然而批评者提醒，新建公园会推高房价，把本该受益的较贫穷居民挤出这个街区。<br><i>2023年12月 第1套 · 仔细阅读 · Passage Two</i><br>in the neighbourhood 在附近",A
"nobody<br><span style='font-size:14px'>Bike-sharing schemes, in particular, expanded with extraordinary speed: companies placed millions of bicycles on the streets of cities that had no infrastructure for them, and for a while the pavements were blocked by machines <b>nobody</b> was using.</span>",pron. ★没有人 / 无人<br>共享单车计划尤其以惊人的速度扩张：企业把数以百万计的自行车投放到根本没有相应基础设施的城市街道上，有一阵子人行道被没人使用的车子堵死。<br><i>2023年12月 第1套 · 长篇阅读 · The Sharing Economy</i><br>—,A
"official<br><span style='font-size:14px'><b>Officials</b> say the policy is a response to a sharp decline in the birth rate over the past decade, which has already forced several primary schools in rural districts to close.</span>","n./adj. ★官员 / 官方的,正式的<br>官员说，这项政策是对过去十年出生率急剧下降的回应，出生率下降已经迫使农村地区的几所小学关闭。<br><i>2022年12月 第1套 · 听力 · News Report One</i><br>official language 官方语言",A
"opportunity<br><span style='font-size:14px'>Shoppers who would ignore an item at its original price suddenly want it, not because they need it but because they feel they would be foolish to miss the <b>opportunity</b>.</span>","n. ★机会,时机<br>按原价时根本不会看一眼的购物者，突然就想要了，不是因为需要，而是因为觉得错过这个机会太蠢。<br><i>2021年12月 第1套 · 仔细阅读 · Passage One</i><br>take the opportunity 抓住机会",A
option<br><span style='font-size:14px'>Companies have discovered that appealing to conscience is less effective than changing the default <b>option</b>.</span>,"n. ★选择,选项 / 选修课 / 期权<br>企业发现，诉诸良知不如改变默认选项有效。<br><i>2024年6月 第1套 · 仔细阅读 · Passage One</i><br>have no option but to 别无选择只能",A
"packaging<br><span style='font-size:14px'>The rapid growth of food delivery has created an enormous amount of <b>packaging</b> waste, and cities are struggling to deal with it.</span>",n. ★包装 / 包装材料<br>外卖行业的快速增长制造了数量惊人的包装垃圾，各城市正为此发愁。<br><i>2023年3月 第1套 · 长篇阅读 · Food Delivery and Packaging Waste</i><br>—,A
"passenger<br><span style='font-size:14px'>Where buses are frequent, predictable and clean, people use them regardless of income; where services are irregular, even <b>passengers</b> who cannot afford a car will borrow money to avoid them.</span>","n. ★乘客,旅客 / 过路人 / 不干活的白吃饭的人<br>在公交班次密集、准点、干净的地方，无论收入高低人们都会坐；在服务不稳定的地方，连买不起车的人也会借钱躲开公交。<br><i>2022年6月 第1套 · 仔细阅读 · Passage Two</i><br>passenger seat 副驾驶座",A
"picture<br><span style='font-size:14px'>They propose continuous assessment instead: essays, projects and short tests spread across the term, which they claim give a fairer <b>picture</b> of a student's ability.</span>",n./v. ★图片 / 照片 / 想象<br>他们主张改用持续性评估：论文、项目和分散在整个学期的小测验，他们认为这样能更公平地反映学生的能力。<br><i>2023年12月 第1套 · 仔细阅读 · Passage One</i><br>take a picture 拍照,A
"planned<br><span style='font-size:14px'>Music is slower at weekends, when shoppers are less hurried and therefore more likely to buy things they had not <b>planned</b>.</span>",v./adj. ★计划(plan 的过去式) / 有计划的<br>周末的音乐节奏更慢，因为那时购物者不赶时间，更容易买下原本没打算买的东西。<br><i>2022年12月 第1套 · 仔细阅读 · Passage One</i><br>—,A
"planner<br><span style='font-size:14px'>City <b>planners</b> have long suspected that parks are good for residents, and a growing body of research now supports that intuition.</span>",n. ★规划者 / 计划表 / 设计者<br>城市规划者早就怀疑公园对居民有益，现在越来越多的研究支持这种直觉。<br><i>2023年12月 第1套 · 仔细阅读 · Passage Two</i><br>daily planner 日程本,A
policy<br><span style='font-size:14px'>The school has promised to review the <b>policy</b> at the end of the term.</span>,"n. ★政策,方针 / 保险单<br>学校承诺在学期结束时复查这项政策。<br><i>2021年12月 第1套 · 听力 · News Report One</i><br>foreign policy 外交政策",A
"practice<br><span style='font-size:14px'>In <b>practice</b>, they are the only arrangement that survives contact with the people who live beside the animals.</span>","n./v. ★练习 / 实践 / 惯例 / 开业 / 从事<br>而在实践中，这是唯一能经得起与""住在动物旁边的人""打交道的安排。<br><i>2021年12月 第1套 · 仔细阅读 · Passage Two</i><br>put into practice 付诸实践",A
"prepare<br><span style='font-size:14px'>Since the new schedule began, evening visits have grown steadily, and the majority of these visitors are young people <b>preparing</b> for examinations.</span>","v. ★准备,预备 / 配制<br>新时间表实行以来，晚间到馆人数稳步增长，其中大多数是准备考试的年轻人。<br><i>2022年6月 第1套 · 听力 · News Report One</i><br>prepare for 为…做准备",A
"previous<br><span style='font-size:14px'>Another useful strategy is to forgive oneself for <b>previous</b> delays, since guilt tends to produce further delay rather than renewed effort.</span>","adj. ★以前的,先前的<br>另一个有用的策略是原谅自己此前的拖延，因为内疚往往带来更多拖延，而不是重新努力。<br><i>2021年12月 第1套 · 选词填空 · Procrastination</i><br>previous experience 以往经验",A
"private<br><span style='font-size:14px'>Many describe a working environment that has become unpredictable: projects appear without warning, meetings are scheduled late in the evening, and the boundary between work and <b>private</b> life has almost disappeared.</span>","adj. ★私人的,私有的 / 秘密的 / 私营的<br>许多人描述的工作环境变得难以预测：项目说来就来，会议安排在深夜，工作与私人生活之间的界限几乎消失。<br><i>2023年3月 第1套 · 仔细阅读 · Passage One</i><br>private sector 私营部门",A
"promise<br><span style='font-size:14px'>When a forecast states that there is a thirty percent chance of rain, many listeners interpret this as a <b>promise</b> that it will not rain, and feel cheated if it does.</span>","n./v. ★承诺,诺言 / 希望,前途 / 允诺<br>当预报说有百分之三十的概率下雨时，许多听众把它理解成""不会下雨""的承诺，一旦下了雨就觉得被骗了。<br><i>2023年3月 第1套 · 仔细阅读 · Passage Two</i><br>show promise 有前途",A
"quiet<br><span style='font-size:14px'>City authorities have begun to measure sound levels in the same way they measure air quality, and a few of them have introduced <b>quiet</b> zones where vehicles are restricted.</span>",adj./n. ★安静的 / 平静的 / 安静<br>市政当局已经开始像测量空气质量那样测量噪音水平，其中一些还设立了限制车辆通行的安静区。<br><i>2021年6月 第1套 · 选词填空 · Noise in Cities</i><br>keep quiet 保持安静,A
"railway<br><span style='font-size:14px'>A <b>railway</b> line that had been abandoned for more than twenty years has been converted into a public park, and local residents have welcomed the change.</span>","n. ★铁路,铁道 / 铁路系统 / 铁路公司 / 轨道<br>一条已经废弃二十多年的铁路线被改造成了公园，当地居民对这一变化表示欢迎。<br><i>2023年6月 第1套 · 听力 · News Report One</i><br>railway station 火车站",A
"raise<br><span style='font-size:14px'>Critics warn, however, that new parks can <b>raise</b> property prices and push poorer residents out of the neighbourhood they were meant to serve.</span>","v./n. ★提高,增加 / 提出 / 筹集 / 养育 / 举起 / 加薪<br>然而批评者提醒，新建公园会推高房价，把本该受益的较贫穷居民挤出这个街区。<br><i>2023年12月 第1套 · 仔细阅读 · Passage Two</i><br>raise a question 提出问题",A
"rate<br><span style='font-size:14px'>Researchers measured this by comparing how novel each message was, and found that falsehoods were consistently <b>rated</b> as more unexpected.</span>","n./v. ★比率,率 / 速度 / 价格 / 评估 / 定级<br>研究人员通过衡量每条信息的新奇程度测出了这一点，发现虚假信息一贯被评为更出人意料。<br><i>2021年6月 第1套 · 仔细阅读 · Passage One</i><br>at a rate of 以…的速度",A
react<br><span style='font-size:14px'>This means that the specific proteins a drug is designed to modify can <b>react</b> differently to the medicine over the course of a 24-hour time period.</span>,"v. ★反应,作出反应 / 反抗 / 起化学反应<br>这意味着，药物本来要去作用的那些特定蛋白质，在一天的不同时间里对药物的反应可能是不一样的。<br><i>2025年12月 第1套 · 仔细阅读 · Passage One（昼夜节律）</i><br>react to 对…作出反应",A
"readers<br><span style='font-size:14px'>Many <b>readers</b> now rely on digital devices, and a growing number of them say they prefer short articles to long books.</span>",n. ★读者 / 读物(reader 的复数)<br>如今许多读者依赖电子设备，而且越来越多的人表示，比起长篇书籍他们更喜欢短文。<br><i>2024年6月 第1套 · 选词填空 · Reading Habits</i><br>—,A
"really<br><span style='font-size:14px'>With those born with natural talents, it feels as if they excel without <b>really</b> trying.</span>",adv. ★真正地 / 确实 / 非常<br>那些天生有才华的人，似乎不费吹灰之力就能出类拔萃。<br><i>2025年6月 第1套 · 仔细阅读 · Passage Two（天赋）</i><br>—,A
"region<br><span style='font-size:14px'>A university in the <b>region</b> has launched a programme to help graduates find suitable jobs, and the response has been positive.</span>","n. ★地区,区域 / 范围,领域<br>该地区一所大学推出了一项帮助毕业生找到合适工作的计划，反响良好。<br><i>2023年12月 第1套 · 听力 · News Report One</i><br>in the region of 大约",A
"regulations<br><span style='font-size:14px'>Critics reply that the layout is designed to defeat self-control, and several countries have discussed <b>regulations</b> requiring stores to place healthy food in prominent positions.</span>",n. ★规章 / 条例(regulation 的复数)<br>批评者则反驳说，这种布局就是设计来打败自制力的，一些国家已经在讨论立法，要求商店把健康食品放在显眼位置。<br><i>2022年12月 第1套 · 仔细阅读 · Passage One</i><br>—,A
"relatively<br><span style='font-size:14px'>Researchers found that the number of people who read at least one book a month has remained <b>relatively</b> stable over the past decade, but the way they read has changed dramatically.</span>","adv. ★相对地,比较地<br>研究人员发现，每月至少读一本书的人数在过去十年里相对稳定，但人们的阅读方式发生了巨大变化。<br><i>2024年6月 第1套 · 选词填空 · Reading Habits</i><br>relatively speaking 相对而言",A
"repeatedly<br><span style='font-size:14px'>Yet surveys <b>repeatedly</b> show that a large part of the public does not trust the forecast, and the reasons have less to do with science than with communication.</span>",adv. ★反复地 / 再三地<br>然而调查反复显示，相当一部分公众并不相信预报，原因与其说和科学有关，不如说和表达有关。<br><i>2023年3月 第1套 · 仔细阅读 · Passage Two</i><br>—,A
"reply<br><span style='font-size:14px'>Critics <b>reply</b> that the layout is designed to defeat self-control, and several countries have discussed regulations requiring stores to place healthy food in prominent positions.</span>","n./v. ★回答,答复 / 回应<br>批评者则反驳说，这种布局就是设计来打败自制力的，一些国家已经在讨论立法，要求商店把健康食品放在显眼位置。<br><i>2022年12月 第1套 · 仔细阅读 · Passage One</i><br>reply to 回复",A
"reusable<br><span style='font-size:14px'>A <b>reusable</b> bag works only if you remember to carry it, and a paper bag costs more and tears easily when it rains.</span>",adj. ★可重复使用的<br>可重复使用的袋子只有在你记得带上它时才起作用，而纸袋更贵，下雨时还容易破。<br><i>2024年6月 第1套 · 仔细阅读 · Passage One</i><br>reusable bag 可重复使用的袋子,A
"rice<br><span style='font-size:14px'>For example, they should not be stood upright in a bowl of <b>rice</b>, because this resembles the incense burned for the dead, and it is considered unlucky.</span>",n. ★米 / 米饭 / 稻<br>比如，不能把筷子竖着插在饭碗里，因为这像为逝者所燃的香，被认为不吉利。<br><i>2021年6月 第1套 · 翻译 · 筷子与餐桌礼仪</i><br>—,A
"robots<br><span style='font-size:14px'>A city hospital has introduced a small fleet of <b>robots</b> to deliver medicine and meals to patients, and staff say the experiment has been successful.</span>",n. ★机器人(robot 的复数)<br>市内一家医院引进了一小批机器人，为病人送药送餐，员工说这次尝试很成功。<br><i>2023年3月 第1套 · 听力 · News Report One</i><br>—,A
"saves<br><span style='font-size:14px'>For routine matters, such as renewing a prescription or discussing test results, the telephone or a video call is clearly sufficient, and it <b>saves</b> both the patient and the hospital a great deal of time.</span>",v. ★节省(save 的第三人称单数)<br>对于续方、讨论检查结果这类常规事务，电话或视频显然已经足够，而且为病人和医院都省下大量时间。<br><i>2022年12月 第1套 · 仔细阅读 · Passage Two</i><br>—,A
saw<br><span style='font-size:14px'>Supermarkets that simply stopped offering free bags <b>saw</b> a sharper decline in plastic use than those that spent money on advertising campaigns.</span>,v. ★看见(see 的过去式) / 锯<br>那些干脆停止提供免费袋子的超市，比花大钱做广告的超市在塑料使用量上下降得更明显。<br><i>2024年6月 第1套 · 仔细阅读 · Passage One</i><br>—,A
"separate<br><span style='font-size:14px'>Lecturers can help by dividing large projects into parts that must be submitted <b>separately</b>, which removes the possibility of leaving everything until the last week.</span>","adj./v. ★分开的,各自的 / 分开,分离 / 区分 / 分居<br>任课教师可以帮忙把大项目拆成必须分次提交的部分，这样就没可能把一切都拖到最后一周。<br><i>2021年12月 第1套 · 选词填空 · Procrastination</i><br>separate A from B 把A与B分开",A
"simple<br><span style='font-size:14px'>Studies suggest that even a brief pause, prompted by a <b>simple</b> question, reduces the number of false stories people forward.</span>",adj. ★简单的 / 朴素的 / 单纯的<br>研究表明，哪怕只是由一个简单问题引发的短暂停顿，就能减少人们转发的假消息数量。<br><i>2021年6月 第1套 · 仔细阅读 · Passage One</i><br>simple and clear 简单明了,A
"someone<br><span style='font-size:14px'>Recorded lectures work reasonably well for students who are disciplined and have a quiet place to study, but they fail precisely where schools matter most: with children who need encouragement, structure and <b>someone</b> to notice when they have stopped understanding.</span>",pron. ★某人 / 有人<br>录播课对自律、又有安静地方学习的学生还算管用，但它恰恰在学校最关键的地方失灵了：那些需要鼓励、需要有人管束、需要有人发现他们已经听不懂的孩子。<br><i>2022年12月 第1套 · 长篇阅读 · Online Education after the Pandemic</i><br>—,A
sometimes<br><span style='font-size:14px'>Conservationists <b>sometimes</b> regard such arrangements as a compromise with principle.</span>,adv. ★有时 / 间或<br>环保人士有时认为这种安排是对原则的妥协。<br><i>2021年12月 第1套 · 仔细阅读 · Passage Two</i><br>—,A
"sound<br><span style='font-size:14px'>The mechanism is straightforward: the body reacts to sudden <b>sound</b> as if it were a threat, and repeated activation of this response eventually damages the cardiovascular system.</span>",n./v. ★声音 / 听起来 / 合理的<br>机制并不复杂：身体把突然的声音当成威胁来反应，而这种反应被反复激活，最终会损害心血管系统。<br><i>2021年6月 第1套 · 选词填空 · Noise in Cities</i><br>sound like 听起来像,A
specific<br><span style='font-size:14px'>This means that the <b>specific</b> proteins a drug is designed to modify can react differently to the medicine over the course of a 24-hour time period.</span>,"adj. ★具体的,明确的 / 特定的 / 特有的<br>这意味着，药物本来要去作用的那些特定蛋白质，在一天的不同时间里对药物的反应可能是不一样的。<br><i>2025年12月 第1套 · 仔细阅读 · Passage One（昼夜节律）</i><br>be specific about 对…具体说明",A
"spread<br><span style='font-size:14px'>They propose continuous assessment instead: essays, projects and short tests <b>spread</b> across the term, which they claim give a fairer picture of a student's ability.</span>",v./n. ★传播 / 展开 / 蔓延<br>他们主张改用持续性评估：论文、项目和分散在整个学期的小测验，他们认为这样能更公平地反映学生的能力。<br><i>2023年12月 第1套 · 仔细阅读 · Passage One</i><br>spread out 散开,A
"standard<br><span style='font-size:14px'>For decades, the <b>standard</b> advice given to ambitious young workers was to change jobs every few years, since moving was the fastest way to raise a salary.</span>","n./adj. ★标准,水准 / 规范 / 标准的 / 普通的<br>几十年来，给有抱负的年轻人的标准建议是每隔几年换一次工作，因为跳槽是涨薪最快的途径。<br><i>2023年3月 第1套 · 仔细阅读 · Passage One</i><br>living standard 生活水平",A
step<br><span style='font-size:14px'>Researchers have found that the most effective remedy is not a stricter schedule but a smaller first <b>step</b>: students who were asked merely to open the document and write one sentence frequently continued for an hour.</span>,n./v. ★步骤 / 台阶 / 措施 / 踏<br>研究人员发现，最有效的补救办法不是更严格的日程，而是更小的第一步：那些只被要求打开文档写一句话的学生，往往会接着写上整整一个小时。<br><i>2021年12月 第1套 · 选词填空 · Procrastination</i><br>step by step 逐步,A
"strategy<br><span style='font-size:14px'>Another useful <b>strategy</b> is to forgive oneself for previous delays, since guilt tends to produce further delay rather than renewed effort.</span>","n. ★策略,战略 / 策划<br>另一个有用的策略是原谅自己此前的拖延，因为内疚往往带来更多拖延，而不是重新努力。<br><i>2021年12月 第1套 · 选词填空 · Procrastination</i><br>marketing strategy 营销策略",A
"taste<br><span style='font-size:14px'>It may sound surprising, but people who are supersensitive to coffee's bitter <b>taste</b> actually drink more of it, a new study finds.</span>",n./v. ★味道 / 品味 / 品尝<br>一项新研究发现，对咖啡苦味特别敏感的人反而喝得更多，这听起来可能有些出人意料。<br><i>2026年6月 第1套 · 选词填空 · Sensitivity to Coffee</i><br>—,A
"tests<br><span style='font-size:14px'>They propose continuous assessment instead: essays, projects and short <b>tests</b> spread across the term, which they claim give a fairer picture of a student's ability.</span>",n. ★测试 / 考试(test 的复数)<br>他们主张改用持续性评估：论文、项目和分散在整个学期的小测验，他们认为这样能更公平地反映学生的能力。<br><i>2023年12月 第1套 · 仔细阅读 · Passage One</i><br>—,A
"thing<br><span style='font-size:14px'>Whether such rules would work is uncertain, but the debate has made one <b>thing</b> clear: the modern supermarket is not a neutral space.</span>",n. ★东西 / 事情 / 物品<br>这类规定是否有效尚不确定，但这场争论把一件事说清楚了：现代超市不是一个中立的空间。<br><i>2022年12月 第1套 · 仔细阅读 · Passage One</i><br>—,A
"training<br><span style='font-size:14px'>Several cities have responded with free <b>training</b> classes, where volunteers teach basic skills at a slow pace.</span>",n. ★训练 / 培训 / 培养<br>一些城市的应对办法是开设免费培训班，由志愿者以很慢的节奏教基本操作。<br><i>2023年6月 第1套 · 长篇阅读 · The Digital Divide among Older People</i><br>on-the-job training 在职培训,A
transport<br><span style='font-size:14px'>Cities invest heavily in public <b>transport</b> and then wonder why residents continue to drive.</span>,"n./v. ★运输,运送 / 交通工具 / 运输系统 / 流放 / 使狂喜<br>城市在公共交通上投入巨资，随后又纳闷居民为什么还在开车。<br><i>2022年6月 第1套 · 仔细阅读 · Passage Two</i><br>public transport 公共交通",A
"trees<br><span style='font-size:14px'>There is also evidence that green space reduces the temperature of dense urban areas during heat waves, and that <b>trees</b> filter pollutants from the air.</span>",n. ★树(tree 的复数)<br>也有证据表明，绿地能在热浪期间降低密集城区的温度，树木还能过滤空气中的污染物。<br><i>2023年12月 第1套 · 仔细阅读 · Passage Two</i><br>—,A
"tried<br><span style='font-size:14px'>Platforms have <b>tried</b> various responses, from warnings to removing content, but the most effective measure appears to be slower: teaching users to check the source before sharing.</span>",v. ★尝试(try 的过去式) / 努力<br>平台尝试过各种应对手段，从贴警告到下架内容，但最有效的办法似乎更慢：教用户在转发前先核实来源。<br><i>2021年6月 第1套 · 仔细阅读 · Passage One</i><br>—,A
"trust<br><span style='font-size:14px'>Yet surveys repeatedly show that a large part of the public does not <b>trust</b> the forecast, and the reasons have less to do with science than with communication.</span>","n./v. ★信任,信赖 / 委托 / 托拉斯 / 相信 / 希望 / 确信<br>然而调查反复显示，相当一部分公众并不相信预报，原因与其说和科学有关，不如说和表达有关。<br><i>2023年3月 第1套 · 仔细阅读 · Passage Two</i><br>trust in 信赖",A
"twenty<br><span style='font-size:14px'>Reliability is the decisive factor, because a journey that may take <b>twenty</b> minutes or fifty cannot be planned around, and an unplannable journey is useless for anyone who must arrive at a fixed time.</span>",num. ★二十<br>可靠性是决定性因素，因为一段可能二十分钟也可能五十分钟的旅程无法用来安排事情，而凡是必须按时到达的人，都用不上一趟无法计划的行程。<br><i>2022年6月 第1套 · 仔细阅读 · Passage Two</i><br>—,A
"typical<br><span style='font-size:14px'>A single order <b>typically</b> arrives with a plastic container, a paper bag, a set of disposable chopsticks and several small packets of sauce, most of which are used for a few minutes and then thrown away.</span>","adj. ★典型的,有代表性的 / 一贯的 / 特有的<br>一份订单通常送到一个塑料盒、一个纸袋、一套一次性筷子和几小包调料，其中大部分用上几分钟就被扔掉。<br><i>2023年3月 第1套 · 长篇阅读 · Food Delivery and Packaging Waste</i><br>be typical of 是…的典型",A
"uncomfortable<br><span style='font-size:14px'>A study that examined millions of messages shared online reached an <b>uncomfortable</b> conclusion: false information travels faster, further and deeper than accurate information.</span>",adj. ★不舒服的 / 不自在的<br>一项研究了数百万条网络转发信息的研究，得出了一个令人不安的结论：虚假信息比真实信息传得更快、更远、更深。<br><i>2021年6月 第1套 · 仔细阅读 · Passage One</i><br>—,A
"unexpected<br><span style='font-size:14px'>Researchers measured this by comparing how novel each message was, and found that falsehoods were consistently rated as more <b>unexpected</b>.</span>","adj. ★出乎意料的,意外的<br>研究人员通过衡量每条信息的新奇程度测出了这一点，发现虚假信息一贯被评为更出人意料。<br><i>2021年6月 第1套 · 仔细阅读 · Passage One</i><br>unexpected result 意外结果",A
"user<br><span style='font-size:14px'>Platforms have tried various responses, from warnings to removing content, but the most effective measure appears to be slower: teaching <b>users</b> to check the source before sharing.</span>","n. ★用户,使用者 / 吸毒者<br>平台尝试过各种应对手段，从贴警告到下架内容，但最有效的办法似乎更慢：教用户在转发前先核实来源。<br><i>2021年6月 第1套 · 仔细阅读 · Passage One</i><br>end user 终端用户",A
"vehicle<br><span style='font-size:14px'>City authorities have begun to measure sound levels in the same way they measure air quality, and a few of them have introduced quiet zones where <b>vehicles</b> are restricted.</span>","n. ★车辆,交通工具 / 媒介,工具 / 传播媒介 / 载体<br>市政当局已经开始像测量空气质量那样测量噪音水平，其中一些还设立了限制车辆通行的安静区。<br><i>2021年6月 第1套 · 选词填空 · Noise in Cities</i><br>motor vehicle 机动车",A
"warn<br><span style='font-size:14px'>Critics <b>warn</b>, however, that new parks can raise property prices and push poorer residents out of the neighbourhood they were meant to serve.</span>","v. ★警告,提醒 / 告诫 / 预告 / 通知 / 示警<br>然而批评者提醒，新建公园会推高房价，把本该受益的较贫穷居民挤出这个街区。<br><i>2023年12月 第1套 · 仔细阅读 · Passage Two</i><br>warn sb of 警告某人",A
able<br><span style='font-size:14px'>Some researchers go further and propose that cars should be <b>able</b> to sell electricity back to the grid during periods of high demand.</span>,adj. ★能够的 / 有能力的<br>一些研究者更进一步，提出汽车应该能在用电高峰时把电卖回给电网。<br><i>2022年6月 第1套 · 长篇阅读 · Electric Cars and the Power Grid</i><br>be able to 能够,A
achieve<br><span style='font-size:14px'>It lets us reconsider the goals to <b>achieve</b>.</span>,"v. ★实现,达到,取得<br>它让我们重新思考要达成的目标。<br><i>2025年6月 第1套 · 仔细阅读 · Passage Two（天赋）</i><br>achieve success 取得成功",A
"admit<br><span style='font-size:14px'>Some projects last only a few days, which is too short to produce any lasting effect, and a few students <b>admit</b> that they join merely to add a line to their résumé.</span>",v. ★承认 / 准许进入<br>有些项目只持续几天，短得产生不了任何持久效果；少数学生承认，他们参加只是为了给简历添一行字。<br><i>2023年12月 第1套 · 选词填空 · Volunteering among Young People</i><br>admit doing 承认做过,A
"advantage<br><span style='font-size:14px'>In fact, adults have <b>advantages</b> that children do not: they understand grammar more quickly and they can rely on strategies they have developed from reading.</span>","n. ★优势,好处<br>事实上，成年人有孩子没有的优势：他们掌握语法更快，也能借助从阅读中培养出来的学习策略。<br><i>2022年6月 第1套 · 选词填空 · Learning a Second Language</i><br>take advantage of 利用",A
"ancient<br><span style='font-size:14px'>A library has begun a project to photograph its collection of <b>ancient</b> books, and the first stage is expected to take three years.</span>","adj. ★古代的,古老的<br>一座图书馆启动了一个为古籍藏书拍照的项目，第一阶段预计要花三年时间。<br><i>2021年6月 第1套 · 听力 · News Report One</i>",A
artificial<br><span style='font-size:14px'><b>Artificial</b> intelligence has entered the classroom more quickly than most teachers expected.</span>,adj. ★人造的 / 人工的 / 虚假的<br>人工智能进入课堂的速度比大多数教师预期的要快。<br><i>2023年6月 第1套 · 听力 · Passage Two</i><br>artificial intelligence 人工智能,A
assistant<br><span style='font-size:14px'>Schools should teach students to treat these tools as <b>assistants</b> rather than substitutes for thinking.</span>,"n./adj. ★助手,助理 / 助教 / 店员 / 辅助的 / 助理的<br>学校应当教会学生把这些工具当作助手，而不是思维的替代品。<br><i>2024年6月 第1套 · 写作 · 范文</i><br>teaching assistant 助教",A
"attempt<br><span style='font-size:14px'>Teachers who have adopted this approach report that students become more willing to <b>attempt</b> questions they cannot immediately answer, and that classrooms become quieter places where mistakes are discussed rather than hidden.</span>","n./v. ★尝试,努力<br>采用这种做法的教师反映，学生更愿意去尝试不能立刻答出的问题，课堂也变得更安静，错误被拿出来讨论，而不是被藏起来。<br><i>2022年6月 第1套 · 仔细阅读 · Passage One</i><br>attempt to do 试图做",A
"balance<br><span style='font-size:14px'>It treats the human body as a whole, and it emphasises the <b>balance</b> between different parts of the system rather than a single symptom.</span>",n./v. ★平衡 / 余额 / 使平衡<br>它把人体当作一个整体来看待，强调系统各部分之间的平衡，而不是只盯着某一个症状。<br><i>2021年12月 第1套 · 翻译 · 中医</i><br>strike a balance 取得平衡,A
"challenge<br><span style='font-size:14px'>The <b>challenge</b> for planners, therefore, is not simply to plant more trees but to ensure that the people who need green space most can afford to stay near it.</span>",n./v. ★挑战 / 质疑<br>因此规划者面临的挑战不只是种更多的树，而是确保最需要绿地的人还能住得起附近的地方。<br><i>2023年12月 第1套 · 仔细阅读 · Passage Two</i><br>pose a challenge 构成挑战,A
"combination<br><span style='font-size:14px'>Perhaps the sensible conclusion is that both methods have weaknesses, and that a <b>combination</b>, carefully designed for each subject, serves students better than any single system.</span>",n. ★结合 / 组合 / 联合<br>或许合理的结论是：两种方法都有弱点，针对每门课精心设计出来的组合，比任何单一制度都更能服务学生。<br><i>2023年12月 第1套 · 仔细阅读 · Passage One</i><br>a combination of 两者的结合,A
"combine<br><span style='font-size:14px'>A sensible approach is to treat employment data as information rather than as an instruction, and to ask how a subject can be <b>combined</b> with skills that employers value, such as writing clearly, analysing data or speaking another language.</span>","v. ★结合,联合<br>明智的做法是把就业数据当作信息而不是指令，并思考如何把一个专业与雇主看重的能力结合起来，比如写得清楚、会分析数据或会说一门外语。<br><i>2021年6月 第1套 · 仔细阅读 · Passage Two</i><br>combine A with B 把A与B结合",A
connect<br><span style='font-size:14px'>Researchers describe this as the difference between consuming and <b>connecting</b>.</span>,"v. ★连接,联系<br>研究人员把这描述为""消费""与""连接""之间的差别。<br><i>2024年6月 第1套 · 仔细阅读 · Passage Two</i><br>be connected to/with 与…相连",A
connection<br><span style='font-size:14px'>Several large studies have found only a weak <b>connection</b> between the amount of time people spend online and how lonely they feel.</span>,n. ★联系 / 连接 / 关联<br>几项大型研究发现，人们上网时间的长短与孤独感之间只有微弱的联系。<br><i>2024年6月 第1套 · 仔细阅读 · Passage Two</i><br>in connection with 与…有关,A
"development<br><span style='font-size:14px'>Papermaking and printing made it possible to record and spread knowledge at a much lower cost, which promoted the <b>development</b> of education.</span>",n. ★发展 / 开发 / 进展 / 成长<br>造纸术和印刷术使知识的记录与传播成本大大降低，推动了教育的发展。<br><i>2022年12月 第1套 · 翻译 · 四大发明</i><br>economic development 经济发展,A
do<br><span style='font-size:14px'>It means that education works best when it is combined with measures that remove the obstacles to <b>doing</b> the right thing.</span>,"v./aux. ★做 / 干 / 助动词 / 行<br>而是说，教育只有与消除""做正确的事""障碍的措施结合起来，才最有效。<br><i>2024年6月 第1套 · 仔细阅读 · Passage One</i><br>do without 没有…也行",A
economic<br><span style='font-size:14px'>There is a rising amount of data showing that installing bike lanes and making streets more pedestrian-friendly boosts the <b>economic</b> fortunes of a place.</span>,"adj. ★经济的,经济上的<br>越来越多的数据表明，修建自行车道、让街道对行人更友好，会提升一个地方的经济景气程度。<br><i>2025年12月 第1套 · 长篇阅读 · The Battle over Bike Lanes</i><br>economic growth 经济增长",A
"environment<br><span style='font-size:14px'>Many describe a working <b>environment</b> that has become unpredictable: projects appear without warning, meetings are scheduled late in the evening, and the boundary between work and private life has almost disappeared.</span>","n. ★环境,自然环境<br>许多人描述的工作环境变得难以预测：项目说来就来，会议安排在深夜，工作与私人生活之间的界限几乎消失。<br><i>2023年3月 第1套 · 仔细阅读 · Passage One</i><br>protect the environment 保护环境",A
estimate<br><span style='font-size:14px'>Environmental groups <b>estimate</b> that the volume of this waste has increased several times over in the past five years.</span>,"n./v. ★估计,估算<br>环保团体估计，这类垃圾的总量在过去五年里翻了几番。<br><i>2023年3月 第1套 · 长篇阅读 · Food Delivery and Packaging Waste</i>",A
"expand<br><span style='font-size:14px'>Telemedicine <b>expanded</b> rapidly when patients could not visit clinics, and many of them discovered that a consultation conducted from home was more convenient than a journey across the city followed by an hour in a waiting room.</span>","v. ★扩大,膨胀 / 详述<br>当病人无法到诊所时，远程医疗迅速铺开，许多病人发现在家问诊，比横穿城市再在候诊室坐上一小时要方便得多。<br><i>2022年12月 第1套 · 仔细阅读 · Passage Two</i><br>expand on 详述",A
"expert<br><span style='font-size:14px'>Researchers also found that students who ordered frequently consumed far more oil and salt than the amount recommended by health <b>experts</b>, and that they were less likely to eat vegetables regularly.</span>",n./adj. ★专家 / 熟练的<br>研究人员还发现，经常点外卖的学生摄入的油盐远远超过健康专家推荐的分量，而且他们不太可能经常吃蔬菜。<br><i>2023年12月 第1套 · 听力 · Passage Two</i><br>an expert on 某方面的专家,A
"exposure<br><span style='font-size:14px'>Psychologists warn that repeated <b>exposure</b> to this pattern trains the brain to expect constant novelty, which makes slower activities, such as reading a book or listening to a lecture, feel uncomfortable by comparison.</span>",n. ★暴露 / 接触 / 曝光<br>心理学家警告说，反复接触这种模式会训练大脑期待持续的新鲜感，相比之下，读书或听讲座这类较慢的活动就会让人觉得不舒服。<br><i>2023年6月 第1套 · 仔细阅读 · Passage One</i><br>exposure to 接触,A
"finally<br><span style='font-size:14px'><b>Finally</b>, it is worth remembering that difficulties at university are temporary.</span>",adv. ★最后 / 终于 / 最终<br>最后，值得记住的是，大学里的困难是暂时的。<br><i>2022年12月 第1套 · 写作 · 范文</i><br>finally arrive 最终到达,A
"go<br><span style='font-size:14px'>When everything <b>goes</b> well, we rarely examine our method, because the result seems to prove that the method was correct.</span>",v. ★去 / 变得 / 进行 / 运转<br>一切顺利时，我们很少去检视自己的方法，因为结果似乎已经证明方法是对的。<br><i>2021年12月 第1套 · 写作 · 范文</i><br>go on 继续,A
gradually<br><span style='font-size:14px'>Researchers questioned more than two thousand residents and found that a large proportion of them had <b>gradually</b> changed their shopping habits.</span>,"adv. ★逐渐地,逐步地 / 渐进地 / 缓慢地<br>研究人员访问了两千多名居民，发现其中很大一部分人已经逐渐改变了购物习惯。<br><i>2024年6月 第1套 · 听力 · News Report One</i><br>gradually change 逐渐变化",A
"handle<br><span style='font-size:14px'>The reasonable conclusion is that telemedicine works best as an addition to the health service rather than a substitute for it, <b>handling</b> the simple cases so that the difficult ones receive the time they require.</span>","v./n. ★处理,应对 / 把手 / 柄<br>合理的结论是：远程医疗最好作为医疗服务的一种补充而非替代，由它处理简单的病例，好让复杂的病例获得所需的时间。<br><i>2022年12月 第1套 · 仔细阅读 · Passage Two</i><br>handle a problem 处理问题",A
hard<br><span style='font-size:14px'>They seem to outdo others without <b>hard</b> work.</span>,adj./adv. ★困难的 / 硬的 / 努力的 / 努力地 / 猛烈地<br>他们看起来用不着刻苦努力就能胜过别人。<br><i>2025年6月 第1套 · 仔细阅读 · Passage Two（天赋）</i><br>work hard 努力工作,A
history<br><span style='font-size:14px'>Traditional Chinese medicine has a <b>history</b> of several thousand years.</span>,n. ★历史 / 来历 / 病史<br>中医有几千年的历史。<br><i>2021年12月 第1套 · 翻译 · 中医</i><br>in history 在历史上,A
"increasingly<br><span style='font-size:14px'>Workers still care about pay, but they also weigh the cost of constant uncertainty, and <b>increasingly</b> they conclude that the price is too high.</span>","adv. ★越来越多地,日益 / 逐渐增加地 / 愈发<br>员工仍然在意薪水，但他们也会衡量持续不确定性带来的代价，而且越来越多的人认为这个代价太高。<br><i>2023年3月 第1套 · 仔细阅读 · Passage One</i><br>increasingly popular 越来越流行",A
indicate<br><span style='font-size:14px'>Early results <b>indicate</b> that even a modest reduction in noise produces measurable health benefits within a few years.</span>,"v. ★表明,指示 / 暗示<br>初步结果表明，哪怕只是适度降低噪音，几年之内也能带来可测量的健康收益。<br><i>2021年6月 第1套 · 选词填空 · Noise in Cities</i><br>indicate that 表明",A
"issue<br><span style='font-size:14px'>Now images of waste in rivers and on city streets have made the <b>issue</b> personal, and governments in dozens of countries have responded with taxes, bans and recycling programmes.</span>","n./v. ★问题,议题 / 发行 / 发布 / 期号<br>如今河流和城市街道上的垃圾画面让这个问题变得切身，数十个国家的政府以征税、禁令和回收计划作出回应。<br><i>2024年6月 第1套 · 仔细阅读 · Passage One</i><br>raise an issue 提出问题",A
"lack<br><span style='font-size:14px'>Many adults give up learning a second language after a few months, and researchers say the reason is rarely a <b>lack</b> of ability.</span>","n./v. ★缺乏,不足<br>许多成年人学外语几个月后就放弃了，研究人员说原因很少是能力不够。<br><i>2022年6月 第1套 · 选词填空 · Learning a Second Language</i><br>lack of 缺乏",A
lonely<br><span style='font-size:14px'>It is often claimed that social media makes people <b>lonely</b>.</span>,adj. ★孤独的 / 偏僻的<br>人们常说社交媒体让人孤独。<br><i>2024年6月 第1套 · 仔细阅读 · Passage Two</i>,A
"majority<br><span style='font-size:14px'>Parents were consulted before the rule took effect, and the <b>majority</b> of them supported it, although a few argued that phones are useful in an emergency.</span>","n. ★大多数,多数<br>规定生效前征求过家长意见，多数家长表示支持，尽管少数人认为手机在紧急情况下是有用的。<br><i>2021年12月 第1套 · 听力 · News Report One</i><br>the majority of 大多数",A
"meanwhile<br><span style='font-size:14px'>Interest, <b>meanwhile</b>, has a practical value that is easy to overlook: students who are genuinely curious study harder, absorb material faster, and are more willing to persist when a course becomes difficult.</span>",adv. ★与此同时 / 期间<br>与此同时，兴趣有一种容易被忽视的实用价值：真正好奇的学生学得更投入、吸收更快，也更愿意在课程变难时坚持下去。<br><i>2021年6月 第1套 · 仔细阅读 · Passage Two</i>,A
media<br><span style='font-size:14px'>It is often claimed that social <b>media</b> makes people lonely.</span>,"n. ★媒体,传媒 / 媒介<br>人们常说社交媒体让人孤独。<br><i>2024年6月 第1套 · 仔细阅读 · Passage Two</i><br>social media 社交媒体",A
"nature<br><span style='font-size:14px'><b>Nature</b> reserves are usually drawn on maps as if the land were empty, but in most cases people have lived on it for generations.</span>",n. ★自然 / 本性 / 性质 / 种类<br>自然保护区在地图上画出来时，那片土地仿佛是空的，但在多数情况下，人们已经在那里世代居住。<br><i>2021年12月 第1套 · 仔细阅读 · Passage Two</i><br>in nature 本质上,A
"obvious<br><span style='font-size:14px'>At the same time, city life has <b>obvious</b> drawbacks.</span>","adj. ★明显的,显而易见的<br>与此同时，城市生活的弊端也很明显。<br><i>2022年6月 第1套 · 写作 · 范文</i><br>it is obvious that 显然",A
"otherwise<br><span style='font-size:14px'>In rural schools, for example, volunteer teachers have helped to reduce the shortage of staff and have introduced courses that the schools could not <b>otherwise</b> offer.</span>",adv./conj. ★否则 / 除此以外 / 以别的方式<br>例如在乡村学校，志愿教师帮助缓解了师资短缺，还开设了这些学校原本无法提供的课程。<br><i>2023年12月 第1套 · 选词填空 · Volunteering among Young People</i><br>or otherwise 或其他,A
"pace<br><span style='font-size:14px'>Several cities have responded with free training classes, where volunteers teach basic skills at a slow <b>pace</b>.</span>","n./v. ★速度,节奏 / 步速 / 踱步<br>一些城市的应对办法是开设免费培训班，由志愿者以很慢的节奏教基本操作。<br><i>2023年6月 第1套 · 长篇阅读 · The Digital Divide among Older People</i><br>keep pace with 跟上",A
"page<br><span style='font-size:14px'>Defenders of the medium reply that short videos have their own value: they can spread knowledge quickly, and a well-made clip can explain a difficult concept more clearly than a <b>page</b> of prose.</span>",n. ★页 / 页面 / 时期<br>为这种媒介辩护的人回应说，短视频自有其价值：它能快速传播知识，一个制作精良的短片能把难懂的概念讲得比一页文字更清楚。<br><i>2023年6月 第1套 · 仔细阅读 · Passage One</i><br>front page 头版,A
"pattern<br><span style='font-size:14px'>Psychologists warn that repeated exposure to this <b>pattern</b> trains the brain to expect constant novelty, which makes slower activities, such as reading a book or listening to a lecture, feel uncomfortable by comparison.</span>","n./v. ★模式,方式 / 图案 / 模范 / 仿制<br>心理学家警告说，反复接触这种模式会训练大脑期待持续的新鲜感，相比之下，读书或听讲座这类较慢的活动就会让人觉得不舒服。<br><i>2023年6月 第1套 · 仔细阅读 · Passage One</i><br>behavior pattern 行为模式",A
pleasure<br><span style='font-size:14px'>Economists call this the transaction utility: the <b>pleasure</b> comes not from the object but from the bargain itself.</span>,"n. ★愉快,高兴 / 乐事,乐趣 / 意愿 / 娱乐<br>经济学家称之为交易效用：快感不来自商品本身，而来自""捡了便宜""这件事。<br><i>2021年12月 第1套 · 仔细阅读 · Passage One</i><br>for pleasure 为了消遣",A
"position<br><span style='font-size:14px'>Items that generate the highest profit are <b>positioned</b> at eye level, while cheaper alternatives are placed on the lowest shelves, where adults rarely look and children do.</span>",n./v. ★位置 / 职位 / 立场 / 姿态 / 安置<br>利润最高的商品被摆在视线高度，而便宜的替代品被放在最低一层，成年人很少往那里看，孩子倒是看得到。<br><i>2022年12月 第1套 · 仔细阅读 · Passage One</i><br>in a position to 能够,A
"possibility<br><span style='font-size:14px'>Lecturers can help by dividing large projects into parts that must be submitted separately, which removes the <b>possibility</b> of leaving everything until the last week.</span>",n. ★可能性 / 可能的事<br>任课教师可以帮忙把大项目拆成必须分次提交的部分，这样就没可能把一切都拖到最后一周。<br><i>2021年12月 第1套 · 选词填空 · Procrastination</i><br>there is a possibility that 有可能,A
possible<br><span style='font-size:14px'>People tend to want as many choices as <b>possible</b>.</span>,adj. ★可能的 / 可行的 / 潜在的<br>人们往往希望自己的选择越多越好。<br><i>2025年12月 第1套 · 选词填空 · Too Many Choices</i><br>as soon as possible 尽快,A
"predict<br><span style='font-size:14px'>The industry is now more stable, though far smaller than its promoters <b>predicted</b>.</span>","v. ★预测,预言<br>这个行业如今更稳定了，尽管规模远小于推广者当初的预测。<br><i>2023年12月 第1套 · 长篇阅读 · The Sharing Economy</i><br>predict the future 预测未来",A
"prefer<br><span style='font-size:14px'>A large proportion of employees under thirty now say they <b>prefer</b> to remain with their current employer, even when they receive offers that pay more.</span>","v. ★更喜欢,宁愿<br>如今三十岁以下员工中有很大一部分表示，即使收到薪水更高的录用通知，他们也愿意留在现在的雇主这里。<br><i>2023年3月 第1套 · 仔细阅读 · Passage One</i><br>prefer A to B 比起B更喜欢A",A
"prevent<br><span style='font-size:14px'>Adult learners are reluctant to make mistakes in public, and this reluctance <b>prevents</b> them from practising the skill that matters most.</span>","v. ★阻止,防止 / 预防<br>成年学习者不愿在别人面前犯错，而这种不情愿恰恰使他们无法练习最关键的那项技能。<br><i>2022年6月 第1套 · 选词填空 · Learning a Second Language</i><br>prevent sb from doing 阻止某人做",A
"product<br><span style='font-size:14px'>Essentials such as milk, bread and eggs are deliberately placed at the back or on opposite sides of the store, so that customers must walk past hundreds of other <b>products</b> in order to reach them.</span>","n. ★产品,产物 / 乘积<br>牛奶、面包和鸡蛋这类必需品被有意放在商店最里面或相对的两侧，顾客为了拿到它们，必须经过几百种其他商品。<br><i>2022年12月 第1套 · 仔细阅读 · Passage One</i><br>dairy product 乳制品",A
"progress<br><span style='font-size:14px'>Long-term exposure to traffic noise has been linked to high blood pressure, disturbed sleep and, in children, slower <b>progress</b> in reading.</span>","n./v. ★进步,进展 / 前进 / 进展<br>长期暴露在交通噪音中已经与高血压、睡眠受扰，以及儿童阅读进度变慢联系在一起。<br><i>2021年6月 第1套 · 选词填空 · Noise in Cities</i><br>make progress 取得进步",A
"promote<br><span style='font-size:14px'>Papermaking and printing made it possible to record and spread knowledge at a much lower cost, which <b>promoted</b> the development of education.</span>","v. ★促进,推动 / 提升 / 推销,宣传<br>造纸术和印刷术使知识的记录与传播成本大大降低，推动了教育的发展。<br><i>2022年12月 第1套 · 翻译 · 四大发明</i><br>promote growth 促进增长",A
provide<br><span style='font-size:14px'>It costs the schools nothing to participate in Design Ventura; the professional designers <b>provide</b> their services for free.</span>,v. ★提供 / 供给 / 规定<br>学校参加 Design Ventura 不需要花一分钱，专业设计师提供的服务是免费的。<br><i>2025年6月 第1套 · 长篇阅读 · Getting Young Minds into Design</i><br>provide sb with 为某人提供,A
"recover<br><span style='font-size:14px'>Several firms collapsed, leaving behind piles of damaged bicycles and angry customers who could not <b>recover</b> their deposits.</span>","v. ★恢复,痊愈 / 找回 / 重新获得<br>几家公司倒闭，留下一堆堆损坏的自行车和拿不回押金的愤怒用户。<br><i>2023年12月 第1套 · 长篇阅读 · The Sharing Economy</i><br>recover from 从…恢复",A
"reflect<br><span style='font-size:14px'>Researchers were careful to note that the relationship is not simply one of cause and effect: people who are already depressed tend to stop exercising, so part of the difference may <b>reflect</b> the illness rather than the cure.</span>","v. ★反映 / 反射 / 反思,思考<br>研究人员谨慎地指出，这并不只是简单的因果关系：已经抑郁的人往往会停止锻炼，所以部分差异也许反映的是疾病本身，而不是疗效。<br><i>2022年12月 第1套 · 听力 · Passage Two</i><br>reflect on 反思",A
"regret<br><span style='font-size:14px'>to the question ""will I <b>regret</b> leaving it? People are not irrational to enjoy a bargain.</span>","n./v. ★后悔,遗憾 / 抱歉 / 懊悔<br>人们喜欢捡便宜并不算不理性。<br><i>2021年12月 第1套 · 仔细阅读 · Passage One</i><br>regret doing 后悔做过",A
"rent<br><span style='font-size:14px'>The sharing economy was once described as the future of consumption, and in a few years it has indeed transformed the way many people travel and <b>rent</b> accommodation.</span>","n./v. ★租金 / 租用,出租 / 租借 / 地租 / 房租 / 裂缝 / 撕裂<br>共享经济一度被描述为消费的未来，几年之内它确实改变了许多人的出行和租房方式。<br><i>2023年12月 第1套 · 长篇阅读 · The Sharing Economy</i><br>rent an apartment 租公寓",A
"repeat<br><span style='font-size:14px'>Psychologists warn that <b>repeated</b> exposure to this pattern trains the brain to expect constant novelty, which makes slower activities, such as reading a book or listening to a lecture, feel uncomfortable by comparison.</span>",v./n. ★重复 / 重说 / 重做 / 重播<br>心理学家警告说，反复接触这种模式会训练大脑期待持续的新鲜感，相比之下，读书或听讲座这类较慢的活动就会让人觉得不舒服。<br><i>2023年6月 第1套 · 仔细阅读 · Passage One</i><br>repeat after 跟读,A
"road<br><span style='font-size:14px'>City governments encouraged the trend by painting lanes on <b>roads</b> that had previously belonged almost entirely to cars, though in some districts these lanes were removed after complaints from shop owners and taxi drivers.</span>","n. ★路,道路 / 途径 / 公路<br>市政府也鼓励这一趋势，在原本几乎完全属于汽车的道路上画出车道，尽管在一些街区，这些车道因为店主和出租车司机的投诉被取消了。<br><i>2022年12月 第1套 · 选词填空 · The Return of the Bicycle</i><br>on the road 在路上",A
"salary<br><span style='font-size:14px'>For decades, the standard advice given to ambitious young workers was to change jobs every few years, since moving was the fastest way to raise a <b>salary</b>.</span>","n. ★薪水,薪金(多指月薪/年薪)<br>几十年来，给有抱负的年轻人的标准建议是每隔几年换一次工作，因为跳槽是涨薪最快的途径。<br><i>2023年3月 第1套 · 仔细阅读 · Passage One</i><br>annual salary 年薪",A
"shortage<br><span style='font-size:14px'>In rural schools, for example, volunteer teachers have helped to reduce the <b>shortage</b> of staff and have introduced courses that the schools could not otherwise offer.</span>","n. ★不足,短缺<br>例如在乡村学校，志愿教师帮助缓解了师资短缺，还开设了这些学校原本无法提供的课程。<br><i>2023年12月 第1套 · 选词填空 · Volunteering among Young People</i>",A
"solution<br><span style='font-size:14px'>When schools closed, online education was praised as the <b>solution</b> that would keep learning alive.</span>",n. ★解决办法 / 解答 / 溶液 / 溶解<br>学校停课时，在线教育被誉为能让学习延续下去的解决方案。<br><i>2022年12月 第1套 · 长篇阅读 · Online Education after the Pandemic</i><br>solution to 解决…的办法,A
"spot<br><span style='font-size:14px'>Five years ago, the city of Queens, New York, announced that it would be putting bike lanes onto a stretch of Skillman Ave, and removing 116 parking <b>spots</b>.</span>",n./v. ★地点 / 斑点 / 污点 / 少量 / 发现 / 认出 / 沾污<br>五年前，纽约市皇后区宣布要在 Skillman 大道的一段路上划出自行车道，同时取消一百一十六个停车位。<br><i>2025年12月 第1套 · 长篇阅读 · The Battle over Bike Lanes</i><br>on the spot 当场,A
"stable<br><span style='font-size:14px'>Researchers found that the number of people who read at least one book a month has remained relatively <b>stable</b> over the past decade, but the way they read has changed dramatically.</span>","adj./n. ★稳定的,稳固的 / 沉稳的 / 马厩 / 一群赛马<br>研究人员发现，每月至少读一本书的人数在过去十年里相对稳定，但人们的阅读方式发生了巨大变化。<br><i>2024年6月 第1套 · 选词填空 · Reading Habits</i><br>stable relationship 稳定的关系",A
"stage<br><span style='font-size:14px'>A library has begun a project to photograph its collection of ancient books, and the first <b>stage</b> is expected to take three years.</span>",n. ★阶段 / 舞台 / 时期<br>一座图书馆启动了一个为古籍藏书拍照的项目，第一阶段预计要花三年时间。<br><i>2021年6月 第1套 · 听力 · News Report One</i><br>at this stage 在这个阶段,A
stream<br><span style='font-size:14px'>Watching a video that requires you to think is very different from passively consuming an endless <b>stream</b> of clips chosen by an algorithm.</span>,"n./v. ★小河,溪流 / 流,一股 / 潮流 / 流动 / 流出 / 飘扬 / 按能力分班<br>观看一个需要你动脑的视频，与被动消费由算法推送的无尽片段，完全是两回事。<br><i>2023年6月 第1套 · 仔细阅读 · Passage One</i><br>a stream of 一连串",A
"supply<br><span style='font-size:14px'>Riders are usually classified as independent contractors, which means they are not covered by labour regulations and must <b>supply</b> their own equipment.</span>","n./v. ★供应,供给 / 补给 / 供应量 / 提供<br>骑手通常被归类为独立承包人，这意味着他们不受劳动法规保护，还必须自备装备。<br><i>2021年6月 第1套 · 长篇阅读 · Gig Work and Delivery Riders</i><br>supply sb with 向某人提供",A
talent<br><span style='font-size:14px'>Companies that wish to attract young <b>talent</b> would do better to offer predictable schedules and genuine opportunities to learn than to compete on salary alone.</span>,"n. ★天赋,才能 / 人才,天才<br>想吸引年轻人才的公司，与其只在薪资上竞争，不如提供可预期的作息和真正的学习机会。<br><i>2023年3月 第1套 · 仔细阅读 · Passage One</i><br>talent show 才艺表演",A
"target<br><span style='font-size:14px'>Many drug <b>targets</b> in the body follow a 24-hour cycle, too.</span>","n./v. ★目标,靶子 / 对象 / 指标 / 把…作为目标 / 瞄准<br>人体内的许多药物靶点同样遵循二十四小时的循环。<br><i>2025年12月 第1套 · 仔细阅读 · Passage One（昼夜节律）</i><br>target audience 目标受众",A
"temporary<br><span style='font-size:14px'>Unfortunately, the relief they obtain is <b>temporary</b>, and the anxiety returns with greater force as the deadline approaches.</span>","adj. ★临时的,暂时的 / 短暂的<br>不幸的是，他们得到的解脱是暂时的，随着截止日期临近，焦虑会以更大的力度回来。<br><i>2021年12月 第1套 · 选词填空 · Procrastination</i><br>temporary job 临时工作",A
"therefore<br><span style='font-size:14px'>Music is slower at weekends, when shoppers are less hurried and <b>therefore</b> more likely to buy things they had not planned.</span>","adv. ★因此,所以<br>周末的音乐节奏更慢，因为那时购物者不赶时间，更容易买下原本没打算买的东西。<br><i>2022年12月 第1套 · 仔细阅读 · Passage One</i><br>therefore, 因此",A
"threat<br><span style='font-size:14px'>Praise for intelligence teaches that ability is a fixed quantity that can be lost at any moment, so failure becomes a <b>threat</b> to identity.</span>","n. ★威胁,恐吓 / 凶兆 / 构成威胁的人或事<br>夸聪明，是在教他能力是固定的量，随时可能失去，于是失败就成了对自我的威胁。<br><i>2022年6月 第1套 · 仔细阅读 · Passage One</i><br>pose a threat to 对…构成威胁",A
"track<br><span style='font-size:14px'>Cities that invested in separate <b>tracks</b>, rather than painted lines, recorded both a sharp increase in cycling and a decline in accidents.</span>",n./v. ★小路 / 跑道 / 轨道 / 足迹 / 踪迹 / 跟踪 / 追踪 / 留下足迹<br>那些投资建设独立车道而不只是画线的城市，骑车人数急剧上升，事故则有所下降。<br><i>2022年12月 第1套 · 选词填空 · The Return of the Bicycle</i><br>keep track of 记录/掌握…动态,A
"transform<br><span style='font-size:14px'>The sharing economy was once described as the future of consumption, and in a few years it has indeed <b>transformed</b> the way many people travel and rent accommodation.</span>","v. ★转变,改变 / 改造 / 变换 / 变压<br>共享经济一度被描述为消费的未来，几年之内它确实改变了许多人的出行和租房方式。<br><i>2023年12月 第1套 · 长篇阅读 · The Sharing Economy</i><br>transform A into B 把A变成B",A
"trend<br><span style='font-size:14px'>City governments encouraged the <b>trend</b> by painting lanes on roads that had previously belonged almost entirely to cars, though in some districts these lanes were removed after complaints from shop owners and taxi drivers.</span>","n. ★趋势,倾向 / 时尚,潮流 / 走向<br>市政府也鼓励这一趋势，在原本几乎完全属于汽车的道路上画出车道，尽管在一些街区，这些车道因为店主和出租车司机的投诉被取消了。<br><i>2022年12月 第1套 · 选词填空 · The Return of the Bicycle</i><br>a growing trend 日益增长的趋势",A
"usual<br><span style='font-size:14px'>The <b>usual</b> explanation is cost, but surveys consistently show something else.</span>","adj. ★通常的,惯例的 / 平常的<br>通常的解释是成本，但调查一致指向别的东西。<br><i>2022年6月 第1套 · 仔细阅读 · Passage Two</i><br>as usual 照例",A
"valuable<br><span style='font-size:14px'>Although keyboards have replaced pens in most offices, researchers argue that handwriting still has a <b>valuable</b> role in education.</span>","adj./n. ★有价值的,宝贵的 / 贵重的 / 贵重物品<br>尽管键盘在大多数办公室已经取代了笔，研究人员认为手写在教育中仍有宝贵的价值。<br><i>2023年3月 第1套 · 选词填空 · The Value of Handwriting</i><br>valuable experience 宝贵经验",A
"view<br><span style='font-size:14px'>In my <b>view</b>, a part-time job is beneficial provided that it does not interfere with study.</span>","n./v. ★视野 / 景色 / 观点,看法 / 视图 / 看待,考虑 / 观看 / 查看 / 视察<br>在我看来，只要不耽误学习，兼职是有益的。<br><i>2023年3月 第1套 · 写作 · 范文</i><br>in view of 鉴于/考虑到",A
volume<br><span style='font-size:14px'>Environmental groups estimate that the <b>volume</b> of this waste has increased several times over in the past five years.</span>,"n. ★音量 / 体积,容积 / 容量 / 卷,册 / 大量,许多 / 总量 / 书卷<br>环保团体估计，这类垃圾的总量在过去五年里翻了几番。<br><i>2023年3月 第1套 · 长篇阅读 · Food Delivery and Packaging Waste</i><br>the volume of …的量",A
"water<br><span style='font-size:14px'>Air, bottled <b>water</b> and seafood.</span>",n./v. ★水 / 水域 / 水面 / 水位 / 海域 / 给…浇水 / 流口水 / 加水 / 泪水<br>空气、瓶装水和海鲜。<br><i>2026年6月 第1套 · 听力 · Plastic in the Diet</i><br>water supply 供水,A
weather<br><span style='font-size:14px'><b>Weather</b> forecasting has improved dramatically.</span>,"n./v. ★天气,气象 / 处境 / 气候 / 经历 / 度过 / 经受住 / 风化 / 侵蚀<br>天气预报的准确性已经大幅提高。<br><i>2023年3月 第1套 · 仔细阅读 · Passage Two</i><br>weather forecast 天气预报",A
welcome<br><span style='font-size:14px'>Young couples interviewed by reporters said they <b>welcomed</b> the payment but were more concerned about whether they could find affordable childcare near their workplace.</span>,v./adj./n./int. ★欢迎 / 迎接 / 乐意接受 / 受欢迎的 / 令人愉快的 / 欢迎 / 迎接 / 欢迎辞<br>接受记者采访的年轻夫妇表示，他们欢迎补贴，但更关心工作地点附近能否找到负担得起的托儿服务。<br><i>2022年12月 第1套 · 听力 · News Report One</i><br>welcome to 欢迎来到,A
"worth<br><span style='font-size:14px'>It is that a rumour is usually more surprising than the truth, and surprise is what makes something <b>worth</b> passing on.</span>","adj./n. ★值得的,有…价值的 / 价值 / 财产 / 效用<br>而是谣言通常比真相更让人意外，而意外正是值得转发出去的东西。<br><i>2021年6月 第1套 · 仔细阅读 · Passage One</i><br>be worth doing 值得做",A
"absence<br><span style='font-size:14px'>The problem, the report suggests, is not a shortage of time but the <b>absence</b> of a schedule.</span>","n. ★缺席,不在 / 缺乏<br>报告指出，问题不在于时间不够，而在于没有计划。<br><i>2023年6月 第1套 · 选词填空 · Time Management</i><br>in the absence of 在缺乏…的情况下",A
"account<br><span style='font-size:14px'>As of the end of March 2025, the number of private enterprises in China had exceeded 57 million, <b>accounting</b> for 92.3 percent of the total.</span>","n./v. ★账户 / 解释,说明 / 占比<br>截至2025年3月底，中国民营企业数量已超过五千七百万户，占企业总数的百分之九十二点三。<br><i>2025年12月 第1套 · 翻译 · 民营经济</i><br>account for 解释;占(比例);take into account 考虑到",A
"adjust<br><span style='font-size:14px'>The team suggests that universities should treat sleep as part of their health education, instead of assuming that students will <b>adjust</b> their schedules on their own.</span>","v. ★调整,适应<br>研究团队建议，大学应当把睡眠纳入健康教育，而不是想当然地认为学生会自己调整作息。<br><i>2024年6月 第1套 · 听力 · Passage Two</i><br>adjust to 适应",A
advance<br><span style='font-size:14px'>Students who planned their week in <b>advance</b> reported far less stress than those who simply reacted to whatever appeared each morning.</span>,"n./v. ★进步,进展 / 提前 / 推进<br>提前规划好一周的学生，压力明显小于那些每天早上只是被动应付眼前事情的学生。<br><i>2023年6月 第1套 · 选词填空 · Time Management</i><br>in advance 提前",A
"always<br><span style='font-size:14px'>Retailers understand the mechanism perfectly, which is why the original price is almost <b>always</b> displayed beside the reduced one.</span>",adv. ★总是 / 一直 / 永远<br>零售商对这套机制了如指掌，所以降价旁边几乎总会标出原价。<br><i>2021年12月 第1套 · 仔细阅读 · Passage One</i><br>as always 一如往常,A
"apply<br><span style='font-size:14px'>Local governments have tried to regulate the industry, yet rules that <b>apply</b> to restaurants are difficult to enforce when the meal is assembled in a different district from the one where it is eaten.</span>",v. ★申请 / 应用 / 涂抹<br>地方政府试图规范这个行业，然而当一顿饭是在与食用地不同的城区里装配出来时，适用于餐馆的规定很难执行。<br><i>2023年3月 第1套 · 长篇阅读 · Food Delivery and Packaging Waste</i><br>apply for 申请;apply to 适用于,A
"association<br><span style='font-size:14px'>Nevertheless, the <b>association</b> remained strong after the team had controlled for income, education and physical health.</span>",n. ★协会 / 联想 / 关联<br>不过，在控制了收入、教育程度和身体健康状况之后，这种关联依然很强。<br><i>2022年12月 第1套 · 听力 · Passage Two</i><br>—,A
"aware<br><span style='font-size:14px'>Whether these measures will change behaviour remains to be seen, but nutritionists insist that the first step is simply to make students <b>aware</b> of what they are eating.</span>","adj. ★意识到的,知道的<br>这些措施能否改变行为还有待观察，但营养学家坚持认为，第一步只是让学生意识到自己在吃什么。<br><i>2023年12月 第1套 · 听力 · Passage Two</i><br>be aware of 意识到",A
"beach<br><span style='font-size:14px'>For years the problem seemed remote, something that happened on distant <b>beaches</b> and in the stomachs of seabirds.</span>","n./v. ★海滩,沙滩 / 湖滨 / 上岸 / 搁浅 / 把…拖上岸<br>多年来这个问题似乎很遥远，像是发生在遥远海滩上和海鸟胃里的事。<br><i>2024年6月 第1套 · 仔细阅读 · Passage One</i><br>on the beach 在海滩上",A
"blame<br><span style='font-size:14px'>They tended to <b>blame</b> poor grades on stress or on the difficulty of the course, and they rarely connected their tiredness with the hours they spent on social media late at night.</span>","v./n. ★责备,归咎 / 责任<br>他们往往把成绩差归咎于压力或者课程太难，很少把自己白天的疲惫和深夜刷社交媒体联系起来。<br><i>2024年6月 第1套 · 听力 · Passage Two</i><br>be to blame 应受责备;blame sb for 因…责怪某人",A
"brief<br><span style='font-size:14px'>Studies suggest that even a <b>brief</b> pause, prompted by a simple question, reduces the number of false stories people forward.</span>",adj./v. ★简短的 / 简要介绍<br>研究表明，哪怕只是由一个简单问题引发的短暂停顿，就能减少人们转发的假消息数量。<br><i>2021年6月 第1套 · 仔细阅读 · Passage One</i><br>in brief 简言之,A
"chapter<br><span style='font-size:14px'>Some schools have responded by setting aside a fixed period each morning for silent reading, hoping that students will rediscover the pleasure of finishing a whole <b>chapter</b> without checking a phone.</span>","n. ★章,回,篇 / 篇章 / 时期 / 分会<br>一些学校的应对办法是每天早上留出固定的时间进行默读，希望学生能重新找回不碰手机、读完一整章的乐趣。<br><i>2024年6月 第1套 · 选词填空 · Reading Habits</i><br>a new chapter 新篇章",A
"checkout<br><span style='font-size:14px'>Surveys repeatedly show that customers understand the environmental cost of single-use plastic, and that they still choose it when they stand at the <b>checkout</b>.</span>","n. ★结账台,收银台 / 结账 / 检验 / 签出<br>调查反复显示，顾客明白一次性塑料的环境代价，可站在收银台前时他们依然选择它。<br><i>2024年6月 第1套 · 仔细阅读 · Passage One</i>",A
climate<br><span style='font-size:14px'>The effect was modest but remarkably consistent across different cities and <b>climates</b>.</span>,n. ★气候 / 氛围<br>这种效应不算大，但在不同城市和气候条件下都出奇地一致。<br><i>2023年12月 第1套 · 仔细阅读 · Passage Two</i><br>climate change 气候变化,A
"confidence<br><span style='font-size:14px'>Gunpowder changed the nature of warfare, while the compass enabled sailors to travel far from the coast with <b>confidence</b>.</span>","n. ★信心,信任<br>火药改变了战争的性质，而指南针让航海者能够放心地远离海岸航行。<br><i>2022年12月 第1套 · 翻译 · 四大发明</i><br>have confidence in 对…有信心",A
"confuse<br><span style='font-size:14px'>Many elderly people still find digital payment <b>confusing</b>, and they would be excluded from ordinary shopping if notes and coins were abolished.</span>",v. ★使困惑 / 混淆<br>许多老年人仍然觉得数字支付难以理解，如果纸币和硬币被废除，他们连日常购物都会被排除在外。<br><i>2021年6月 第1套 · 写作 · 范文</i><br>confuse A with B 把A与B混淆,A
conscience<br><span style='font-size:14px'>Companies have discovered that appealing to <b>conscience</b> is less effective than changing the default option.</span>,"n. ★良心,良知 / 内疚 / 道德心<br>企业发现，诉诸良知不如改变默认选项有效。<br><i>2024年6月 第1套 · 仔细阅读 · Passage One</i>",A
"construction<br><span style='font-size:14px'>Engineers continue to improve the technology, and several new lines are now under <b>construction</b>.</span>","n. ★建造,建设 / 建筑物 / 结构 / 构造 / 解释<br>工程师们不断改进这项技术，目前还有几条新线路正在建设之中。<br><i>2024年6月 第1套 · 翻译 · 中国高铁</i><br>under construction 在建设中",A
"consumption<br><span style='font-size:14px'>The sharing economy was once described as the future of <b>consumption</b>, and in a few years it has indeed transformed the way many people travel and rent accommodation.</span>",n. ★消费 / 消耗 / 消耗量<br>共享经济一度被描述为消费的未来，几年之内它确实改变了许多人的出行和租房方式。<br><i>2023年12月 第1套 · 长篇阅读 · The Sharing Economy</i><br>energy consumption 能源消耗,A
"content<br><span style='font-size:14px'>Platforms have tried various responses, from warnings to removing <b>content</b>, but the most effective measure appears to be slower: teaching users to check the source before sharing.</span>",n./adj. ★内容 / 含量 / 满意<br>平台尝试过各种应对手段，从贴警告到下架内容，但最有效的办法似乎更慢：教用户在转发前先核实来源。<br><i>2021年6月 第1套 · 仔细阅读 · Passage One</i><br>be content with 对…满意,A
"curious<br><span style='font-size:14px'>Interest, meanwhile, has a practical value that is easy to overlook: students who are genuinely <b>curious</b> study harder, absorb material faster, and are more willing to persist when a course becomes difficult.</span>",adj. ★好奇的 / 奇怪的<br>与此同时，兴趣有一种容易被忽视的实用价值：真正好奇的学生学得更投入、吸收更快，也更愿意在课程变难时坚持下去。<br><i>2021年6月 第1套 · 仔细阅读 · Passage Two</i><br>be curious about 对…好奇,A
"current<br><span style='font-size:14px'>A large proportion of employees under thirty now say they prefer to remain with their <b>current</b> employer, even when they receive offers that pay more.</span>","adj./n. ★当前的 / 流行的 / 水流,电流<br>如今三十岁以下员工中有很大一部分表示，即使收到薪水更高的录用通知，他们也愿意留在现在的雇主这里。<br><i>2023年3月 第1套 · 仔细阅读 · Passage One</i><br>current situation 现状",A
"desire<br><span style='font-size:14px'>A story about an ordinary event produces no <b>desire</b> to share it, while a story that seems incredible demands an audience.</span>","n./v. ★渴望,欲望<br>一件平常事不会产生分享的欲望，而一个听起来不可思议的故事却非要有人听不可。<br><i>2021年6月 第1套 · 仔细阅读 · Passage One</i><br>a desire for 对…的渴望",A
"despite<br><span style='font-size:14px'><b>Despite</b> these changes, the festival remains a moment when family ties are renewed.</span>","prep. ★尽管,虽然<br>尽管有这些变化，春节依然是家人重续亲情的时刻。<br><i>2023年3月 第1套 · 翻译 · 春节</i><br>despite the fact that 尽管",A
"determine<br><span style='font-size:14px'>Critics argue that this ritual measures memory under pressure rather than genuine understanding, and that a single afternoon should not <b>determine</b> a student's grade.</span>","v. ★决定,确定 / 下决心<br>批评者认为，这种仪式考的是压力下的记忆力，而不是真正的理解，一个下午也不该决定学生的成绩。<br><i>2023年12月 第1套 · 仔细阅读 · Passage One</i><br>be determined to do 决心做",A
"distant<br><span style='font-size:14px'>For years the problem seemed remote, something that happened on <b>distant</b> beaches and in the stomachs of seabirds.</span>",adj. ★遥远的 / 久远的 / 冷淡的 / 远亲的 / 恍惚的<br>多年来这个问题似乎很遥远，像是发生在遥远海滩上和海鸟胃里的事。<br><i>2024年6月 第1套 · 仔细阅读 · Passage One</i><br>distant future 遥远的未来,A
"eager<br><span style='font-size:14px'>For someone <b>eager</b> to learn and to meet people from different backgrounds, the city is probably the better choice.</span>","adj. ★渴望的,热切的<br>对渴望学习、想结识不同背景的人来说，城市大概是更好的选择。<br><i>2022年6月 第1套 · 写作 · 范文</i><br>be eager to do 渴望做",A
"earn<br><span style='font-size:14px'>Companies point out that the system allows anyone to start <b>earning</b> within a day, and that attempts to regulate the industry have reduced the number of available jobs.</span>","v. ★赚得,挣得 / 赢得<br>企业指出，这套体系让任何人一天之内就能开始挣钱，而试图监管这个行业反而减少了可提供的岗位。<br><i>2021年6月 第1套 · 长篇阅读 · Gig Work and Delivery Riders</i><br>earn a living 谋生",A
"employ<br><span style='font-size:14px'>Where villagers are <b>employed</b> as guides, or where a proportion of the entrance fee is returned to the community, attitudes change within a few years, and local residents begin to report illegal hunting themselves.</span>",v./n. ★雇用 / 使用<br>在村民被雇来做导游、或门票收入有一部分返还给社区的地方，几年之内态度就会转变，当地居民甚至会主动举报非法狩猎。<br><i>2021年12月 第1套 · 仔细阅读 · Passage Two</i><br>be employed in 受雇于,A
"entirely<br><span style='font-size:14px'>City governments encouraged the trend by painting lanes on roads that had previously belonged almost <b>entirely</b> to cars, though in some districts these lanes were removed after complaints from shop owners and taxi drivers.</span>","adv. ★完全地,彻底地 / 全部地 / 完整地 / 全然<br>市政府也鼓励这一趋势，在原本几乎完全属于汽车的道路上画出车道，尽管在一些街区，这些车道因为店主和出租车司机的投诉被取消了。<br><i>2022年12月 第1套 · 选词填空 · The Return of the Bicycle</i><br>entirely different 完全不同",A
"establish<br><span style='font-size:14px'>Similar projects in other countries suggest that the benefits last: once a green space is <b>established</b>, the surrounding neighbourhood tends to become more attractive to residents and investors alike.</span>","v. ★建立,创立 / 确定 / 查明<br>其他国家的类似项目表明，这些好处是持久的：一旦绿地建起来，周边街区对居民和投资者的吸引力往往都会提高。<br><i>2023年6月 第1套 · 听力 · News Report One</i><br>establish a system 建立制度",A
"extreme<br><span style='font-size:14px'>The books are <b>extremely</b> fragile, and some of them are so damaged that they cannot be opened without risk, which means ordinary readers have had no access to them for decades.</span>",adj./n. ★极端的 / 极度的 / 极端<br>这些书极为脆弱，有些已经破损到无法在不冒风险的情况下翻开，这意味着普通读者几十年来都无法接触它们。<br><i>2021年6月 第1套 · 听力 · News Report One</i><br>go to extremes 走极端,A
"familiar<br><span style='font-size:14px'>In such circumstances, a <b>familiar</b> job where the rules are known feels less like a trap and more like a form of security.</span>",adj. ★熟悉的 / 常见的 / 随便的<br>在这种情况下，一份规则清楚的熟悉工作，感觉就不像牢笼，而像一种安全感。<br><i>2023年3月 第1套 · 仔细阅读 · Passage One</i><br>be familiar with 熟悉,A
feature<br><span style='font-size:14px'>Projects that have succeeded tend to share one <b>feature</b>: the people who bear the cost also receive a share of the benefit.</span>,"n./v. ★特征,特点 / 特写 / 以…为特色<br>凡是成功的项目往往有一个共同点：承担代价的人也能分到好处。<br><i>2021年12月 第1套 · 仔细阅读 · Passage Two</i><br>main feature 主要特征",A
figure<br><span style='font-size:14px'>These <b>figures</b> showed that the number of pupils that sat exams in Design and Technology fell 10 percent from 204.788 to 185.279 last year.</span>,"n./v. ★数字 / 人物 / 身材 / 图形 / 认为,计算<br>这些数据显示，去年参加设计与技术课考试的学生人数下降了百分之十，从二十万四千七百八十八人降到十八万五千二百七十九人。<br><i>2025年6月 第1套 · 长篇阅读 · Getting Young Minds into Design</i><br>figure out 弄明白",A
"formal<br><span style='font-size:14px'>Second, it allows us to develop abilities that our <b>formal</b> education ignores, such as patience, creativity and the courage to fail in public.</span>",adj. ★正式的 / 形式上的<br>其次，它让我们发展正规教育所忽视的能力，比如耐心、创造力，以及当众出丑的勇气。<br><i>2023年6月 第1套 · 写作 · 范文</i><br>formal education 正规教育,A
"function<br><span style='font-size:14px'>Consequently, all human body <b>functions</b> also follow this daily rhythm, and the timing of behaviors like exercise or food intake can significantly influence your health.</span>","n./v. ★功能,作用 / 运转 / 函数<br>因此，人体所有的机能也都遵循这种日常节律，而运动、进食这类行为发生的时机，会对你的健康产生显著影响。<br><i>2025年12月 第1套 · 仔细阅读 · Passage One（昼夜节律）</i><br>function as 起…作用",A
goal<br><span style='font-size:14px'>It lets us reconsider the <b>goals</b> to achieve.</span>,"n. ★目标,目的 / 进球 / 球门<br>它让我们重新思考要达成的目标。<br><i>2025年6月 第1套 · 仔细阅读 · Passage Two（天赋）</i><br>achieve a goal 实现目标",A
highly<br><span style='font-size:14px'>A new study from Sweden shows that women who were <b>highly</b> fit in mid-life were nearly 90 percent less likely to get dementia decades later.</span>,"adv. ★非常,高度 / 很 / 赞许地 / 高价地 / 钦佩地 / 极为<br>瑞典的一项新研究表明，中年时期身体素质很高的女性，数十年后患痴呆症的概率要低将近百分之九十。<br><i>2026年6月 第1套 · 长篇阅读 · Exercise and Dementia</i><br>highly likely 极有可能",A
"household<br><span style='font-size:14px'>If millions of drivers charge their cars in the evening, when demand from <b>households</b> is already at its highest, the system could be overloaded in particular districts.</span>","n./adj. ★家庭,户 / 家用的<br>如果数百万车主都在傍晚充电，而那时家庭用电本来就处于高峰，某些区域的电网可能会过载。<br><i>2022年6月 第1套 · 长篇阅读 · Electric Cars and the Power Grid</i><br>household income 家庭收入",A
"huge<br><span style='font-size:14px'>The difference was not <b>huge</b>, but it was consistent and it appeared in almost every subject the students took.</span>","adj. ★巨大的,庞大的<br>差距不算大，但相当稳定，而且几乎出现在学生所学的每一门课上。<br><i>2024年6月 第1套 · 听力 · Passage Two</i>",A
"identify<br><span style='font-size:14px'>A program may <b>identify</b> that an answer is wrong, but it cannot explain why a student chose it, and it certainly cannot notice that a child is tired, anxious or simply bored.</span>","v. ★识别,确认 / 认同 / 发现<br>一个程序可以判断某个答案是错的，却解释不了学生为什么选它，更不可能注意到孩子是累了、焦虑还是单纯的厌烦。<br><i>2023年6月 第1套 · 听力 · Passage Two</i><br>identify with 认同",A
impact<br><span style='font-size:14px'>A recent survey has measured the <b>impact</b> of the plastic bag ban that the city introduced one year ago.</span>,"n./v. ★影响,冲击 / 撞击<br>最近的一项调查衡量了该市一年前实施的塑料袋禁令所产生的效果。<br><i>2024年6月 第1套 · 听力 · News Report One</i><br>have an impact on 对…有影响",A
"involve<br><span style='font-size:14px'>Economists point out that financial support alone rarely changes such decisions, because the cost of raising a child <b>involves</b> far more than money: it includes housing, education and, above all, time.</span>","v. ★涉及,包含 / 使参与 / 使卷入<br>经济学家指出，单靠资金支持很少能改变这类决定，因为养育一个孩子的成本远不止钱：它还包括住房、教育，尤其是时间。<br><i>2022年12月 第1套 · 听力 · News Report One</i><br>be involved in 参与/卷入",A
"link<br><span style='font-size:14px'>Long-term exposure to traffic noise has been <b>linked</b> to high blood pressure, disturbed sleep and, in children, slower progress in reading.</span>","n./v. ★联系,连接 / 环节,链接<br>长期暴露在交通噪音中已经与高血压、睡眠受扰，以及儿童阅读进度变慢联系在一起。<br><i>2021年6月 第1套 · 选词填空 · Noise in Cities</i><br>link A to B 把A与B联系",A
"low<br><span style='font-size:14px'>A modest fee may seem harmless, but research consistently shows that it discourages precisely the visitors that public funding was intended to attract: families with <b>low</b> incomes, students, and people who have never visited a museum before and are unsure whether they would enjoy it.</span>",adj./adv. ★低的 / 矮的 / 低级的 / 低声地<br>不算高的票价看起来无伤大雅，但研究一致表明，它劝退的恰恰是公共资金本想吸引的那批访客：低收入家庭、学生，以及那些从未进过博物馆、不确定自己会不会喜欢的人。<br><i>2023年6月 第1套 · 仔细阅读 · Passage Two</i><br>low income 低收入,A
"machine<br><span style='font-size:14px'>Experienced teachers insist that learning is a social process, and that no <b>machine</b> can replace the encouragement a student receives from a person who knows them.</span>",n. ★机器 / 机械装置<br>有经验的教师坚持认为，学习是一种社会过程，任何机器都无法取代学生从一个了解他们的人那里得到的鼓励。<br><i>2023年6月 第1套 · 听力 · Passage Two</i><br>by machine 用机器,A
"major<br><span style='font-size:14px'>The trains are fast, safe and relatively comfortable, and they have greatly reduced the time needed to travel between <b>major</b> cities.</span>",adj./n./v. ★主要的 / 专业 / 主修 / 少校<br>这些列车快捷、安全且相对舒适，大大缩短了往来于各大城市之间所需的时间。<br><i>2024年6月 第1套 · 翻译 · 中国高铁</i><br>major in 主修,A
"manner<br><span style='font-size:14px'>Parents teach these rules to their children from an early age, and visitors who observe them are usually praised for their <b>manners</b>.</span>","n. ★方式,方法 / 举止 / 礼貌<br>父母在孩子很小的时候就教这些规矩，而遵守这些规矩的客人通常会被称赞有教养。<br><i>2021年6月 第1套 · 翻译 · 筷子与餐桌礼仪</i><br>in a … manner 以…方式",A
"member<br><span style='font-size:14px'>The hospital director emphasised that the robots were not introduced to replace workers, and that no <b>member</b> of staff had lost their job as a result.</span>","n. ★成员,会员 / 组成部分<br>院长强调，引入机器人并不是为了取代员工，也没有任何员工因此失业。<br><i>2023年3月 第1套 · 听力 · News Report One</i><br>family member 家庭成员",A
"mental<br><span style='font-size:14px'><b>Mental</b> health has become a topic that universities can no longer ignore, and I believe students themselves can do a great deal to protect it.</span>","adj. ★心理的,精神的 / 智力的<br>心理健康已经成为大学无法再回避的话题，我认为学生自己可以做很多事来保护它。<br><i>2022年12月 第1套 · 写作 · 范文</i><br>mental health 心理健康",A
"mention<br><span style='font-size:14px'>The librarian explained that the idea came from a survey in which local residents repeatedly <b>mentioned</b> the same obstacle: by the time they finished work, the library had already closed.</span>","v./n. ★提到,提及<br>馆长解释说，这个点子来自一项调查，当地居民在调查中反复提到同一个障碍：等他们下班，图书馆早关门了。<br><i>2022年6月 第1套 · 听力 · News Report One</i><br>not to mention 更不用说",A
"natural<br><span style='font-size:14px'>With those born with <b>natural</b> talents, it feels as if they excel without really trying.</span>",adj. ★自然的 / 天生的 / 正常的<br>那些天生有才华的人，似乎不费吹灰之力就能出类拔萃。<br><i>2025年6月 第1套 · 仔细阅读 · Passage Two（天赋）</i><br>natural resources 自然资源,A
"novel<br><span style='font-size:14px'>Researchers measured this by comparing how <b>novel</b> each message was, and found that falsehoods were consistently rated as more unexpected.</span>","n./adj. ★小说 / 新颖的,新奇的<br>研究人员通过衡量每条信息的新奇程度测出了这一点，发现虚假信息一贯被评为更出人意料。<br><i>2021年6月 第1套 · 仔细阅读 · Passage One</i><br>a novel approach 新颖的方法",A
"operate<br><span style='font-size:14px'>City governments eventually intervened, limiting the number of bicycles each company could <b>operate</b> and requiring them to repair what they had abandoned.</span>","v. ★运转,操作 / 动手术 / 经营<br>市政府最终出面干预，限制每家公司可投放的单车数量，并要求它们修复自己丢弃的车辆。<br><i>2023年12月 第1套 · 长篇阅读 · The Sharing Economy</i><br>operate on 给…做手术",A
"origin<br><span style='font-size:14px'>According to the story, local people threw rice into the water so that the fish would not eat his body, and this custom is said to be the <b>origin</b> of zongzi, a kind of rice dumpling wrapped in leaves.</span>","n. ★起源,起因 / 出身,血统<br>传说当地百姓把米扔进江里，好让鱼不去啃食他的身体，这个习俗据说是粽子（一种用叶子包起来的米团）的由来。<br><i>2022年6月 第1套 · 翻译 · 端午节</i><br>origin of …的起源",A
"painful<br><span style='font-size:14px'>This is <b>painful</b>, but it is also honest.</span>",adj. ★痛苦的 / 费力的<br>这个过程很痛苦，但也很诚实。<br><i>2021年12月 第1套 · 写作 · 范文</i>,A
participate<br><span style='font-size:14px'>It costs the schools nothing to <b>participate</b> in Design Ventura; the professional designers provide their services for free.</span>,"v. ★参加,参与<br>学校参加 Design Ventura 不需要花一分钱，专业设计师提供的服务是免费的。<br><i>2025年6月 第1套 · 长篇阅读 · Getting Young Minds into Design</i><br>participate in 参加",A
"pause<br><span style='font-size:14px'>Studies suggest that even a brief <b>pause</b>, prompted by a simple question, reduces the number of false stories people forward.</span>","n./v. ★暂停,中止 / 犹豫<br>研究表明，哪怕只是由一个简单问题引发的短暂停顿，就能减少人们转发的假消息数量。<br><i>2021年6月 第1套 · 仔细阅读 · Passage One</i>",A
"personal<br><span style='font-size:14px'>Now images of waste in rivers and on city streets have made the issue <b>personal</b>, and governments in dozens of countries have responded with taxes, bans and recycling programmes.</span>",adj. ★个人的 / 私人的 / 亲自的<br>如今河流和城市街道上的垃圾画面让这个问题变得切身，数十个国家的政府以征税、禁令和回收计划作出回应。<br><i>2024年6月 第1套 · 仔细阅读 · Passage One</i><br>personal information 个人信息,A
"pile<br><span style='font-size:14px'>Several firms collapsed, leaving behind <b>piles</b> of damaged bicycles and angry customers who could not recover their deposits.</span>","n./v. ★堆,一堆 / 堆积 / 桩<br>几家公司倒闭，留下一堆堆损坏的自行车和拿不回押金的愤怒用户。<br><i>2023年12月 第1套 · 长篇阅读 · The Sharing Economy</i><br>a pile of 一堆",A
"positive<br><span style='font-size:14px'>A university in the region has launched a programme to help graduates find suitable jobs, and the response has been <b>positive</b>.</span>",adj. ★积极的 / 肯定的 / 阳性的 / 正的<br>该地区一所大学推出了一项帮助毕业生找到合适工作的计划，反响良好。<br><i>2023年12月 第1套 · 听力 · News Report One</i><br>positive attitude 积极态度,A
potential<br><span style='font-size:14px'>They will be fearful of <b>potential</b> consequences.</span>,"adj./n. ★潜在的,可能的 / 潜力,可能性<br>他们会害怕潜在的后果。<br><i>2026年6月 第1套 · 仔细阅读 · Passage One（冒名顶替现象）</i><br>potential risk 潜在风险",A
"primary<br><span style='font-size:14px'>Officials say the policy is a response to a sharp decline in the birth rate over the past decade, which has already forced several <b>primary</b> schools in rural districts to close.</span>","adj. ★主要的,首要的 / 初级的 / 基本的<br>官员说，这项政策是对过去十年出生率急剧下降的回应，出生率下降已经迫使农村地区的几所小学关闭。<br><i>2022年12月 第1套 · 听力 · News Report One</i><br>primary school 小学",A
principle<br><span style='font-size:14px'>Conservationists sometimes regard such arrangements as a compromise with <b>principle</b>.</span>,"n. ★原则,原理 / 准则 / 信念<br>环保人士有时认为这种安排是对原则的妥协。<br><i>2021年12月 第1套 · 仔细阅读 · Passage Two</i><br>in principle 原则上",A
"profit<br><span style='font-size:14px'>Items that generate the highest <b>profit</b> are positioned at eye level, while cheaper alternatives are placed on the lowest shelves, where adults rarely look and children do.</span>",n./v. ★利润 / 益处 / 获益<br>利润最高的商品被摆在视线高度，而便宜的替代品被放在最低一层，成年人很少往那里看，孩子倒是看得到。<br><i>2022年12月 第1套 · 仔细阅读 · Passage One</i><br>profit from 从…获益,A
"program<br><span style='font-size:14px'>A <b>program</b> may identify that an answer is wrong, but it cannot explain why a student chose it, and it certainly cannot notice that a child is tired, anxious or simply bored.</span>","n./v. ★计划,方案 / 节目 / 程序 / 编程<br>一个程序可以判断某个答案是错的，却解释不了学生为什么选它，更不可能注意到孩子是累了、焦虑还是单纯的厌烦。<br><i>2023年6月 第1套 · 听力 · Passage Two</i><br>TV program 电视节目",A
"proper<br><span style='font-size:14px'>In a word, <b>proper</b> use of AI tools requires balancing reliance and independence.</span>","adj. ★合适的,恰当的 / 真正的 / 规矩的<br>总而言之，正确使用人工智能工具需要在依赖与独立之间取得平衡。<br><i>2025年6月 第1套 · 写作 · 如何正确使用AI</i><br>proper way 恰当的方式",A
publish<br><span style='font-size:14px'>Several universities have responded by improving the quality of their canteens and by <b>publishing</b> the calorie information of each dish.</span>,"v. ★出版,发行 / 公布,发表<br>几所大学的应对方式是提升食堂质量，并公布每道菜的热量信息。<br><i>2023年12月 第1套 · 听力 · Passage Two</i><br>publish a report 发布报告",A
"puzzle<br><span style='font-size:14px'>In one study, pupils who were told they were clever after solving a simple <b>puzzle</b> later chose easier tasks, apparently because they wished to protect the reputation they had just been given.</span>","n./v. ★谜,难题 / 困惑 / 使迷惑<br>在一项研究中，因解出一道简单谜题而被夸""聪明""的学生，后来选择了更简单的任务，显然是想保护刚刚获得的那个名声。<br><i>2022年6月 第1套 · 仔细阅读 · Passage One</i><br>puzzle over 苦苦思索",A
"quantity<br><span style='font-size:14px'>Praise for intelligence teaches that ability is a fixed <b>quantity</b> that can be lost at any moment, so failure becomes a threat to identity.</span>","n. ★数量,量 / 大量<br>夸聪明，是在教他能力是固定的量，随时可能失去，于是失败就成了对自我的威胁。<br><i>2022年6月 第1套 · 仔细阅读 · Passage One</i><br>a large quantity of 大量",A
real<br><span style='font-size:14px'>The <b>real</b> difficulty is time and embarrassment.</span>,adj. ★真实的 / 真正的 / 实际的<br>真正的困难在于时间和难为情。<br><i>2022年6月 第1套 · 选词填空 · Learning a Second Language</i><br>—,A
"realize<br><span style='font-size:14px'>Nowadays, more people <b>realize</b> the importance of College Chinese in universities.</span>","v. ★意识到,认识到 / 实现<br>如今，越来越多的人意识到大学语文在高校中的重要性。<br><i>2025年6月 第1套 · 写作 · 大学语文是否必修</i><br>realize the importance 意识到重要性",A
"reasonable<br><span style='font-size:14px'>The <b>reasonable</b> conclusion is that telemedicine works best as an addition to the health service rather than a substitute for it, handling the simple cases so that the difficult ones receive the time they require.</span>",adj. ★合理的 / 公道的 / 通情达理的<br>合理的结论是：远程医疗最好作为医疗服务的一种补充而非替代，由它处理简单的病例，好让复杂的病例获得所需的时间。<br><i>2022年12月 第1套 · 仔细阅读 · Passage Two</i><br>reasonable price 合理价格,A
relate<br><span style='font-size:14px'>Some disadvantages <b>related</b> to pet ownership.</span>,"v. ★联系,关联 / 讲述 / 相处 / 涉及<br>与养宠物相关的一些缺点。<br><i>2026年6月 第1套 · 听力 · Pets and Well-being</i><br>relate to 与…有关/理解",A
"repair<br><span style='font-size:14px'>City governments eventually intervened, limiting the number of bicycles each company could operate and requiring them to <b>repair</b> what they had abandoned.</span>","n./v. ★修理,修补 / 修复 / 弥补<br>市政府最终出面干预，限制每家公司可投放的单车数量，并要求它们修复自己丢弃的车辆。<br><i>2023年12月 第1套 · 长篇阅读 · The Sharing Economy</i><br>under repair 在修理中",A
"resource<br><span style='font-size:14px'>Most institutions have now settled on a mixture, keeping online <b>resources</b> while insisting that the core of teaching happens in person.</span>",n. ★资源 / 财力 / 应变之才 / 资料<br>大多数院校现在选择了混合方式：保留线上资源，同时坚持教学的核心仍在线下发生。<br><i>2022年12月 第1套 · 长篇阅读 · Online Education after the Pandemic</i><br>natural resources 自然资源,A
"respect<br><span style='font-size:14px'>When guests arrive, the host usually serves them a cup of tea, and this gesture expresses <b>respect</b> and warmth.</span>",n./v. ★尊敬 / 尊重 / 方面 / 问候 / 遵守<br>客人到访时，主人通常会奉上一杯茶，这个举动表达的是尊重与热情。<br><i>2023年12月 第1套 · 翻译 · 中国茶文化</i><br>with respect to 关于,A
review<br><span style='font-size:14px'>The school has promised to <b>review</b> the policy at the end of the term.</span>,n./v. ★复习 / 评论 / 审查 / 回顾 / 检阅<br>学校承诺在学期结束时复查这项政策。<br><i>2021年12月 第1套 · 听力 · News Report One</i><br>review the lessons 复习功课,A
"reward<br><span style='font-size:14px'>Short videos have become the dominant form of online entertainment, and their appeal is easy to explain: they require almost no effort, they deliver a <b>reward</b> within seconds, and the next one begins before you have decided whether you want it.</span>","n./v. ★奖励,报酬 / 报答 / 奖赏<br>短视频已经成为网络娱乐的主要形式，它的吸引力不难解释：几乎不费力气，几秒钟内就给到回报，而且你还没决定要不要看，下一条已经开始了。<br><i>2023年6月 第1套 · 仔细阅读 · Passage One</i><br>reward sb for 因…奖励某人",A
"robot<br><span style='font-size:14px'>Each <b>robot</b> can carry up to thirty kilograms and moves along the corridors independently, stopping when a person or an object blocks its path.</span>",n. ★机器人 / 自动装置<br>每台机器人最多能载重三十公斤，可以独立在走廊里移动，遇到人或障碍物挡路时会停下。<br><i>2023年3月 第1套 · 听力 · News Report One</i><br>robot arm 机械臂,A
safety<br><span style='font-size:14px'><b>Safety</b> remains the main obstacle: surveys show that a large proportion of residents would cycle regularly if they felt protected from traffic.</span>,"n. ★安全,平安 / 安全场所<br>安全仍是主要障碍：调查显示，很大一部分居民表示，只要觉得能避开机动车，他们就会经常骑车。<br><i>2022年12月 第1套 · 选词填空 · The Return of the Bicycle</i><br>safety belt 安全带",A
"satisfy<br><span style='font-size:14px'>Yet several museums have found that visitors who enter for free spend more in the shop and café, and that donations from <b>satisfied</b> visitors partly replace the lost ticket revenue.</span>","v. ★满足,使满意 / 使确信 / 符合<br>不过几家博物馆发现，免费进来的访客在商店和咖啡馆消费更多，满意访客的捐赠也部分弥补了门票收入的损失。<br><i>2023年6月 第1套 · 仔细阅读 · Passage Two</i><br>be satisfied with 对…满意",A
"science<br><span style='font-size:14px'>Yet surveys repeatedly show that a large part of the public does not trust the forecast, and the reasons have less to do with <b>science</b> than with communication.</span>",n. ★科学 / 理科 / 学科<br>然而调查反复显示，相当一部分公众并不相信预报，原因与其说和科学有关，不如说和表达有关。<br><i>2023年3月 第1套 · 仔细阅读 · Passage Two</i><br>science and technology 科学技术,A
"seldom<br><span style='font-size:14px'>Parents and teachers are constantly advised to praise children, and the advice is <b>seldom</b> questioned.</span>","adv. ★很少,不常<br>家长和老师不断被建议要多表扬孩子，而这条建议很少被质疑。<br><i>2022年6月 第1套 · 仔细阅读 · Passage One</i>",A
"silent<br><span style='font-size:14px'>Some schools have responded by setting aside a fixed period each morning for <b>silent</b> reading, hoping that students will rediscover the pleasure of finishing a whole chapter without checking a phone.</span>","adj. ★沉默的,寂静的 / 不发音的 / 未提及的 / 无声的<br>一些学校的应对办法是每天早上留出固定的时间进行默读，希望学生能重新找回不碰手机、读完一整章的乐趣。<br><i>2024年6月 第1套 · 选词填空 · Reading Habits</i><br>keep silent 保持沉默",A
"slight<br><span style='font-size:14px'>Some clinics have begun to prescribe exercise alongside medication, and early reports suggest that patients who follow such advice recover <b>slightly</b> faster.</span>","adj./v./n. ★轻微的 / 纤细的 / 轻视 / 怠慢<br>一些诊所已经开始在开药的同时""开""运动，早期报告显示，遵从这类建议的患者康复得略快一些。<br><i>2022年12月 第1套 · 听力 · Passage Two</i><br>a slight change 细微变化",A
"strength<br><span style='font-size:14px'>It is not merely a way of writing characters but a form of artistic expression, in which the <b>strength</b> and rhythm of each stroke reveal the writer's mood and personality.</span>","n. ★力量,力气 / 强度 / 长处 / 实力 / 人数优势<br>它不仅仅是一种书写汉字的方式，更是一种艺术表达形式，每一笔的力度与节奏都透露出书写者的情绪与个性。<br><i>2023年6月 第1套 · 翻译 · 中国书法</i><br>strengths and weaknesses 优缺点",A
"stretch<br><span style='font-size:14px'>Five years ago, the city of Queens, New York, announced that it would be putting bike lanes onto a <b>stretch</b> of Skillman Ave, and removing 116 parking spots.</span>","v./n. ★伸展,舒展 / 延伸 / 一段时间 / 一段路程 / 弹性<br>五年前，纽约市皇后区宣布要在 Skillman 大道的一段路上划出自行车道，同时取消一百一十六个停车位。<br><i>2025年12月 第1套 · 长篇阅读 · The Battle over Bike Lanes</i><br>stretch out 伸展",A
"structure<br><span style='font-size:14px'>Recorded lectures work reasonably well for students who are disciplined and have a quiet place to study, but they fail precisely where schools matter most: with children who need encouragement, <b>structure</b> and someone to notice when they have stopped understanding.</span>","n./v. ★结构,构造 / 建筑物 / 组织,安排<br>录播课对自律、又有安静地方学习的学生还算管用，但它恰恰在学校最关键的地方失灵了：那些需要鼓励、需要有人管束、需要有人发现他们已经听不懂的孩子。<br><i>2022年12月 第1套 · 长篇阅读 · Online Education after the Pandemic</i><br>social structure 社会结构",A
"struggle<br><span style='font-size:14px'>The rapid growth of food delivery has created an enormous amount of packaging waste, and cities are <b>struggling</b> to deal with it.</span>",v./n. ★挣扎 / 奋斗 / 搏斗 / 艰难行进 / 难事<br>外卖行业的快速增长制造了数量惊人的包装垃圾，各城市正为此发愁。<br><i>2023年3月 第1套 · 长篇阅读 · Food Delivery and Packaging Waste</i><br>struggle with 与…斗争/费力做,A
succeed<br><span style='font-size:14px'>Projects that have <b>succeeded</b> tend to share one feature: the people who bear the cost also receive a share of the benefit.</span>,v. ★成功 / 继承 / 接着发生 / 继任<br>凡是成功的项目往往有一个共同点：承担代价的人也能分到好处。<br><i>2021年12月 第1套 · 仔细阅读 · Passage Two</i><br>succeed in doing 成功做成,A
success<br><span style='font-size:14px'>It pays a lesser role in one's <b>success</b>.</span>,"n. ★成功,成就 / 成功的人或事<br>它在一个人的成功中起到的作用比较小。<br><i>2025年6月 第1套 · 仔细阅读 · Passage Two（天赋）</i><br>achieve success 取得成功",A
"suppose<br><span style='font-size:14px'>Every summer, students sit in crowded halls and try to recall, in three hours, everything they were <b>supposed</b> to have learned in a semester.</span>","v. ★认为,料想 / 假定 / 假定…的结果 / 期望<br>每年夏天，学生们挤在考场里，试图用三个小时回忆起一整个学期本该学会的所有东西。<br><i>2023年12月 第1套 · 仔细阅读 · Passage One</i><br>be supposed to 应该",A
"survive<br><span style='font-size:14px'>In practice, they are the only arrangement that <b>survives</b> contact with the people who live beside the animals.</span>","v. ★幸存,活下来 / 比…活得长 / 艰难度过<br>而在实践中，这是唯一能经得起与""住在动物旁边的人""打交道的安排。<br><i>2021年12月 第1套 · 仔细阅读 · Passage Two</i><br>survive the crisis 挺过危机",A
"suspect<br><span style='font-size:14px'>City planners have long <b>suspected</b> that parks are good for residents, and a growing body of research now supports that intuition.</span>","v./n./adj. ★怀疑,疑有 / 怀疑 / 嫌疑犯 / 可疑的<br>城市规划者早就怀疑公园对居民有益，现在越来越多的研究支持这种直觉。<br><i>2023年12月 第1套 · 仔细阅读 · Passage Two</i><br>suspect sb of 怀疑某人",A
"symbol<br><span style='font-size:14px'>For many travellers, the railway has become a <b>symbol</b> of the country's rapid modernisation.</span>","n. ★象征,标志 / 符号,记号 / 代号<br>对许多旅客来说，高铁已经成为国家快速现代化的一个象征。<br><i>2024年6月 第1套 · 翻译 · 中国高铁</i><br>a symbol of …的象征",A
"tax<br><span style='font-size:14px'>Now images of waste in rivers and on city streets have made the issue personal, and governments in dozens of countries have responded with <b>taxes</b>, bans and recycling programmes.</span>","n./v. ★税,税款 / 负担 / 向…征税 / 责备 / 使负重担<br>如今河流和城市街道上的垃圾画面让这个问题变得切身，数十个国家的政府以征税、禁令和回收计划作出回应。<br><i>2024年6月 第1套 · 仔细阅读 · Passage One</i><br>tax rate 税率",A
"technical<br><span style='font-size:14px'>Engineering, which requires a similar mix of creative and <b>technical</b> skills, also has recruitment problems.</span>","adj. ★技术的,技能的 / 工艺的 / 专业的 / 专门性的 / 严格按法律意义的<br>工程学同样面临招聘困难，它需要的是创意与技术能力相近的一种组合。<br><i>2025年6月 第1套 · 长篇阅读 · Getting Young Minds into Design</i><br>technical support 技术支持",A
"technique<br><span style='font-size:14px'>Supermarkets defend these <b>techniques</b> as a service to customers, arguing that a logical arrangement helps people find what they need.</span>","n. ★技巧,手法 / 技术,技能 / 工艺 / 方法 / 手段<br>超市为这些手法辩护，称这是对顾客的服务，认为符合逻辑的摆放有助于人们找到需要的东西。<br><i>2022年12月 第1套 · 仔细阅读 · Passage One</i><br>master a technique 掌握技巧",A
theory<br><span style='font-size:14px'>Employers who joined the programme said graduates were generally well prepared in <b>theory</b> but often lacked the ability to communicate with clients.</span>,"n. ★理论,学说 / 原理 / 意见,看法<br>参加该项目的雇主表示，毕业生在理论上普遍准备充分，但往往缺乏与客户沟通的能力。<br><i>2023年12月 第1套 · 听力 · News Report One</i><br>in theory 理论上",A
thoughtful<br><span style='font-size:14px'>A <b>thoughtfully</b> selected gift tailored to the recipient's preferences can often deepen mutual affection.</span>,"adj. ★体贴的,关心别人的 / 深思的,思考的 / 周到的 / 缜密思考的 / 沉思的<br>一份精心挑选、贴合受礼者喜好的礼物，往往能加深彼此的感情。<br><i>2026年6月 第1套 · 翻译 · 礼尚往来</i><br>thoughtful gesture 体贴的举动",A
"tight<br><span style='font-size:14px'>The most common reasons given were convenience and the pressure of a <b>tight</b> schedule, rather than the taste of the food.</span>",adj./adv. ★紧的 / 紧身的 / 密封的 / 严格的 / 拮据的 / 紧紧地<br>给出的最常见理由是方便和时间紧，而不是食物好吃。<br><i>2023年12月 第1套 · 听力 · Passage Two</i><br>tight schedule 紧凑的日程,A
"tired<br><span style='font-size:14px'>A program may identify that an answer is wrong, but it cannot explain why a student chose it, and it certainly cannot notice that a child is <b>tired</b>, anxious or simply bored.</span>","adj. ★疲劳的,疲倦的 / 厌倦的 / 陈旧的 / 破旧的 / 厌烦的<br>一个程序可以判断某个答案是错的，却解释不了学生为什么选它，更不可能注意到孩子是累了、焦虑还是单纯的厌烦。<br><i>2023年6月 第1套 · 听力 · Passage Two</i><br>be tired of 厌倦",A
"topic<br><span style='font-size:14px'>Mental health has become a <b>topic</b> that universities can no longer ignore, and I believe students themselves can do a great deal to protect it.</span>","n. ★话题,主题 / 题目 / 标题<br>心理健康已经成为大学无法再回避的话题，我认为学生自己可以做很多事来保护它。<br><i>2022年12月 第1套 · 写作 · 范文</i><br>hot topic 热门话题",A
"total<br><span style='font-size:14px'>As of the end of March 2025, the number of private enterprises in China had exceeded 57 million, accounting for 92.3 percent of the <b>total</b>.</span>","adj./n./v./adv. ★总的,全部的 / 彻底的 / 完全 / 总数,总额 / 合计,总数 / 总数达,合计 / 完全地 / 总共地<br>截至2025年3月底，中国民营企业数量已超过五千七百万户，占企业总数的百分之九十二点三。<br><i>2025年12月 第1套 · 翻译 · 民营经济</i><br>in total 总共",A
trade<br><span style='font-size:14px'>These inventions reached other parts of the world through <b>trade</b> and gradually influenced the course of human history.</span>,"n./v. ★贸易,买卖 / 行业 / 手艺 / 交换 / 做生意 / 用…交换<br>这些发明通过贸易传到世界其他地区，逐渐影响了人类历史的进程。<br><i>2022年12月 第1套 · 翻译 · 四大发明</i><br>trade with 与…做买卖",A
"tradition<br><span style='font-size:14px'>The Chinese adhere to the <b>tradition</b> of ""mutually exchanging courtesies"".</span>","n. ★传统,惯例 / 风俗 / 传说<br>中国人遵循""礼尚往来""的传统。<br><i>2026年6月 第1套 · 翻译 · 礼尚往来</i><br>cultural tradition 文化传统",A
transfer<br><span style='font-size:14px'>Yet the same flexibility <b>transfers</b> every risk onto the worker.</span>,"v./n. ★转移,调动 / 转让 / 转乘 / 转录 / 转移 / 换乘 / 调动 / 转让<br>然而正是这份灵活性，把全部风险都转嫁到了劳动者身上。<br><i>2021年6月 第1套 · 长篇阅读 · Gig Work and Delivery Riders</i><br>transfer to 转到",A
"trap<br><span style='font-size:14px'>In such circumstances, a familiar job where the rules are known feels less like a <b>trap</b> and more like a form of security.</span>","n./v. ★陷阱,圈套 / 困境 / 使陷入 / 使困住 / 设陷阱捕捉<br>在这种情况下，一份规则清楚的熟悉工作，感觉就不像牢笼，而像一种安全感。<br><i>2023年3月 第1套 · 仔细阅读 · Passage One</i><br>be trapped in 被困在",A
"treatment<br><span style='font-size:14px'>The authors of the study emphasise that exercise should not be presented as a replacement for professional <b>treatment</b>, but as a habit that supports it.</span>","n. ★治疗,疗法 / 处理 / 对待,待遇 / 论述<br>研究作者强调，运动不应被宣传成专业治疗的替代品，而应被当作一种支持治疗的日常习惯。<br><i>2022年12月 第1套 · 听力 · Passage Two</i><br>medical treatment 医疗",A
unite<br><span style='font-size:14px'>It has the power to <b>unite</b> people throughout the world.</span>,"v. ★联合,团结 / 统一,合并 / 使团结 / 使联合 / 使结合 / 粘合 / 兼备 / 协力<br>它有力量把全世界的人团结在一起。<br><i>2026年6月 第1套 · 仔细阅读 · Passage Two（音乐）</i><br>unite against 联合反对",A
"unnecessary<br><span style='font-size:14px'>Chopsticks have been used in China for at least three thousand years, and they reflect a practical attitude towards food: dishes are cut into small pieces before they are served, so a knife at the table is <b>unnecessary</b>.</span>","adj. ★不必要的,多余的<br>筷子在中国至少已经使用了三千年，它反映出一种务实的饮食态度：菜在上桌前就切成了小块，因此餐桌上不需要刀。<br><i>2021年6月 第1套 · 翻译 · 筷子与餐桌礼仪</i>",A
urge<br><span style='font-size:14px'>They <b>urge</b> the government to invest in better infrastructure rather than rely on a single policy.</span>,"v./n. ★敦促,力劝 / 驱策 / 极力主张 / 强烈欲望,冲动 / 迫切要求<br>他们呼吁政府投资建设更好的基础设施，而不是依赖单一的政策。<br><i>2024年6月 第1套 · 听力 · News Report One</i><br>urge sb to do 力劝某人做",A
"useless<br><span style='font-size:14px'>Reliability is the decisive factor, because a journey that may take twenty minutes or fifty cannot be planned around, and an unplannable journey is <b>useless</b> for anyone who must arrive at a fixed time.</span>","adj. ★无用的,无效的 / 无价值的 / 差劲的<br>可靠性是决定性因素，因为一段可能二十分钟也可能五十分钟的旅程无法用来安排事情，而凡是必须按时到达的人，都用不上一趟无法计划的行程。<br><i>2022年6月 第1套 · 仔细阅读 · Passage Two</i>",A
"variety<br><span style='font-size:14px'>Different regions produce different <b>varieties</b> of tea, and the way of preparing it varies accordingly.</span>","n. ★种类 / 变化,多样化 / 变种 / 综艺表演<br>不同地区出产不同品种的茶，冲泡方式也随之不同。<br><i>2023年12月 第1套 · 翻译 · 中国茶文化</i><br>a variety of 各种各样的",A
"various<br><span style='font-size:14px'>Platforms have tried <b>various</b> responses, from warnings to removing content, but the most effective measure appears to be slower: teaching users to check the source before sharing.</span>","adj. ★各种各样的,不同的 / 许多的 / 多方面的<br>平台尝试过各种应对手段，从贴警告到下架内容，但最有效的办法似乎更慢：教用户在转发前先核实来源。<br><i>2021年6月 第1套 · 仔细阅读 · Passage One</i><br>various reasons 各种原因",A
"vary<br><span style='font-size:14px'>Different regions produce different varieties of tea, and the way of preparing it <b>varies</b> accordingly.</span>","v. ★变化,不同 / 改变,使多样化 / 使有变化<br>不同地区出产不同品种的茶，冲泡方式也随之不同。<br><i>2023年12月 第1套 · 翻译 · 中国茶文化</i><br>vary from …to 从…到…不等",A
"visible<br><span style='font-size:14px'>Teachers who work with adults recommend short daily sessions rather than long weekly classes, and they emphasise that progress becomes <b>visible</b> only after several months of consistent effort.</span>","adj. ★看得见的,可见的 / 明显的 / 现有的 / 能注意到的<br>教成年人的老师建议，与其每周上一次长课，不如每天学一小段，他们强调只有经过几个月持续的努力，进步才会显现出来。<br><i>2022年6月 第1套 · 选词填空 · Learning a Second Language</i><br>visible light 可见光",A
"wage<br><span style='font-size:14px'>Funding, however, remains a problem, since electricity and staff <b>wages</b> have increased.</span>","n./v. ★工资,工钱 / 报酬 / 代价 / 进行,开展 / 发动(战争) / 实行<br>然而经费仍是个问题，因为电费和员工工资都涨了。<br><i>2022年6月 第1套 · 听力 · News Report One</i><br>minimum wage 最低工资",A
"wait<br><span style='font-size:14px'>Telemedicine expanded rapidly when patients could not visit clinics, and many of them discovered that a consultation conducted from home was more convenient than a journey across the city followed by an hour in a <b>waiting</b> room.</span>","v./n. ★等待,等候 / 期待 / 推迟 / 伺候 / 等待,等候 / 等待时间 / 等候<br>当病人无法到诊所时，远程医疗迅速铺开，许多病人发现在家问诊，比横穿城市再在候诊室坐上一小时要方便得多。<br><i>2022年12月 第1套 · 仔细阅读 · Passage Two</i><br>wait for 等待",A
"warmth<br><span style='font-size:14px'>When guests arrive, the host usually serves them a cup of tea, and this gesture expresses respect and <b>warmth</b>.</span>","n. ★温暖,暖和 / 热情,友好 / 激动 / 生气 / 温情 / 温暖的感觉 / 暖意 / 亲切 / 热心<br>客人到访时，主人通常会奉上一杯茶，这个举动表达的是尊重与热情。<br><i>2023年12月 第1套 · 翻译 · 中国茶文化</i><br>the warmth of …的温暖",A
"warning<br><span style='font-size:14px'>Platforms have tried various responses, from <b>warnings</b> to removing content, but the most effective measure appears to be slower: teaching users to check the source before sharing.</span>","n./adj./v. ★警告,警示 / 警报 / 预告 / 告诫 / 警告的,告诫的 / 预先通知<br>平台尝试过各种应对手段，从贴警告到下架内容，但最有效的办法似乎更慢：教用户在转发前先核实来源。<br><i>2021年6月 第1套 · 仔细阅读 · Passage One</i><br>warning sign 警告标志",A
watch<br><span style='font-size:14px'><b>Watching</b> a video that requires you to think is very different from passively consuming an endless stream of clips chosen by an algorithm.</span>,"v./n. ★观看,注视 / 观察 / 看守 / 留意 / 当心 / 手表 / 监视 / 值班人员 / 注意<br>观看一个需要你动脑的视频，与被动消费由算法推送的无尽片段，完全是两回事。<br><i>2023年6月 第1套 · 仔细阅读 · Passage One</i><br>watch out for 密切注意",A
"wave<br><span style='font-size:14px'>There is also evidence that green space reduces the temperature of dense urban areas during heat <b>waves</b>, and that trees filter pollutants from the air.</span>",n./v. ★波浪 / 波 / 挥手 / 浪潮 / 波动 / 挥手示意<br>也有证据表明，绿地能在热浪期间降低密集城区的温度，树木还能过滤空气中的污染物。<br><i>2023年12月 第1套 · 仔细阅读 · Passage Two</i><br>wave goodbye 挥手告别,A
weak<br><span style='font-size:14px'>Several large studies have found only a <b>weak</b> connection between the amount of time people spend online and how lonely they feel.</span>,"adj. ★虚弱的,无力的 / 薄弱的 / 软弱的 / 差的 / 淡薄的 / 不擅长的<br>几项大型研究发现，人们上网时间的长短与孤独感之间只有微弱的联系。<br><i>2024年6月 第1套 · 仔细阅读 · Passage Two</i><br>be weak in 在…方面薄弱",A
"weekly<br><span style='font-size:14px'>Teachers who work with adults recommend short daily sessions rather than long <b>weekly</b> classes, and they emphasise that progress becomes visible only after several months of consistent effort.</span>","adj./adv./n. ★每周的 / 一周一次的 / 每周 / 周刊,周报<br>教成年人的老师建议，与其每周上一次长课，不如每天学一小段，他们强调只有经过几个月持续的努力，进步才会显现出来。<br><i>2022年6月 第1套 · 选词填空 · Learning a Second Language</i><br>weekly meeting 周会",A
"weigh<br><span style='font-size:14px'>Workers still care about pay, but they also <b>weigh</b> the cost of constant uncertainty, and increasingly they conclude that the price is too high.</span>",v. ★称重 / 有…重 / 权衡 / 考虑 / 重压 / 起锚 / 称…的重量 / 影响<br>员工仍然在意薪水，但他们也会衡量持续不确定性带来的代价，而且越来越多的人认为这个代价太高。<br><i>2023年3月 第1套 · 仔细阅读 · Passage One</i><br>weigh the pros and cons 权衡利弊,A
"weight<br><span style='font-size:14px'>For example, eating at night can lead to <b>weight</b> gain over time because food intake at night leads to increased fat storage.</span>","n./v. ★重量,体重 / 重压 / 重担 / 重要性 / 砝码 / 加重量于 / 使负重 / 权衡<br>例如，夜里吃东西久而久之会导致体重增加，因为夜间摄入食物会带来更多的脂肪堆积。<br><i>2025年12月 第1套 · 仔细阅读 · Passage One（昼夜节律）</i><br>lose weight 减肥",A
"widespread<br><span style='font-size:14px'>The <b>widespread</b> shift to remote work has transformed the daily routine of millions of employees, and its consequences reach far beyond the office.</span>","adj. ★普遍的,广泛的 / 分布广的 / 蔓延的 / 流传甚广的 / 大面积的 / 广为流传的 / 普及的 / 广阔的<br>向远程办公的大规模转变改变了数百万员工的日常作息，其影响远远超出办公室的范围。<br><i>2024年6月 第1套 · 长篇阅读 · Remote Work and City Life</i><br>widespread use 广泛使用",A
"wrap<br><span style='font-size:14px'>According to the story, local people threw rice into the water so that the fish would not eat his body, and this custom is said to be the origin of zongzi, a kind of rice dumpling <b>wrapped</b> in leaves.</span>","v./n. ★包,裹 / 缠绕 / 覆盖 / 掩饰 / 围巾 / 披肩 / 包装材料<br>传说当地百姓把米扔进江里，好让鱼不去啃食他的身体，这个习俗据说是粽子（一种用叶子包起来的米团）的由来。<br><i>2022年6月 第1套 · 翻译 · 端午节</i><br>wrap up 包好/结束",A
"zone<br><span style='font-size:14px'>City authorities have begun to measure sound levels in the same way they measure air quality, and a few of them have introduced quiet <b>zones</b> where vehicles are restricted.</span>","n./v. ★地区,区域 / 地带 / 时区 / 分区 / 将…划为特殊区域<br>市政当局已经开始像测量空气质量那样测量噪音水平，其中一些还设立了限制车辆通行的安静区。<br><i>2021年6月 第1套 · 选词填空 · Noise in Cities</i><br>time zone 时区",A
"researcher<br><span style='font-size:14px'><b>Researchers</b> measured this by comparing how novel each message was, and found that falsehoods were consistently rated as more unexpected.</span>","n. ★研究者,调查者<br>研究人员通过衡量每条信息的新奇程度测出了这一点，发现虚假信息一贯被评为更出人意料。<br><i>2021年6月 第1套 · 仔细阅读 · Passage One</i><br>a team of researchers 研究团队",B
"resident<br><span style='font-size:14px'>When a reserve is created, those <b>residents</b> may suddenly find that the activities which fed their families are now forbidden, while the animals they were asked to protect destroy their crops.</span>","n./adj. ★居民,住户 / 住院医生 / 居住的<br>保护区一设立，这些居民可能突然发现，养活一家人的营生现在被禁止了，而他们被要求保护的动物却毁了他们的庄稼。<br><i>2021年12月 第1套 · 仔细阅读 · Passage Two</i><br>local resident 当地居民",B
"government<br><span style='font-size:14px'>Now images of waste in rivers and on city streets have made the issue personal, and <b>governments</b> in dozens of countries have responded with taxes, bans and recycling programmes.</span>",n. ★政府 / 治理 / 管理 / 政体<br>如今河流和城市街道上的垃圾画面让这个问题变得切身，数十个国家的政府以征税、禁令和回收计划作出回应。<br><i>2024年6月 第1套 · 仔细阅读 · Passage One</i><br>local government 地方政府,B
"constant<br><span style='font-size:14px'>Parents and teachers are <b>constantly</b> advised to praise children, and the advice is seldom questioned.</span>",adj./n. ★持续的 / 不变的 / 常数<br>家长和老师不断被建议要多表扬孩子，而这条建议很少被质疑。<br><i>2022年6月 第1套 · 仔细阅读 · Passage One</i><br>constant change 不断变化,B
"pupil<br><span style='font-size:14px'>In one study, <b>pupils</b> who were told they were clever after solving a simple puzzle later chose easier tasks, apparently because they wished to protect the reputation they had just been given.</span>","n. ★小学生,学生 / 瞳孔<br>在一项研究中，因解出一道简单谜题而被夸""聪明""的学生，后来选择了更简单的任务，显然是想保护刚刚获得的那个名声。<br><i>2022年6月 第1套 · 仔细阅读 · Passage One</i><br>primary school pupil 小学生",B
"consistent<br><span style='font-size:14px'>Researchers measured this by comparing how novel each message was, and found that falsehoods were <b>consistently</b> rated as more unexpected.</span>","adj. ★一致的,始终如一的 / 连续的 / 相符的 / 坚持的 / 稳固的<br>研究人员通过衡量每条信息的新奇程度测出了这一点，发现虚假信息一贯被评为更出人意料。<br><i>2021年6月 第1套 · 仔细阅读 · Passage One</i><br>be consistent with 与…一致",B
"employer<br><span style='font-size:14px'>A sensible approach is to treat employment data as information rather than as an instruction, and to ask how a subject can be combined with skills that <b>employers</b> value, such as writing clearly, analysing data or speaking another language.</span>","n. ★雇主,老板<br>明智的做法是把就业数据当作信息而不是指令，并思考如何把一个专业与雇主看重的能力结合起来，比如写得清楚、会分析数据或会说一门外语。<br><i>2021年6月 第1套 · 仔细阅读 · Passage Two</i><br>former employer 前雇主",B
"lane<br><span style='font-size:14px'>City governments encouraged the trend by painting <b>lanes</b> on roads that had previously belonged almost entirely to cars, though in some districts these lanes were removed after complaints from shop owners and taxi drivers.</span>",n. ★小路 / 车道 / 小巷 / 泳道<br>市政府也鼓励这一趋势，在原本几乎完全属于汽车的道路上画出车道，尽管在一些街区，这些车道因为店主和出租车司机的投诉被取消了。<br><i>2022年12月 第1套 · 选词填空 · The Return of the Bicycle</i><br>bike lane 自行车道,B
"programme<br><span style='font-size:14px'>Now images of waste in rivers and on city streets have made the issue personal, and governments in dozens of countries have responded with taxes, bans and recycling <b>programmes</b>.</span>",n. ★节目 / 计划 / 方案<br>如今河流和城市街道上的垃圾画面让这个问题变得切身，数十个国家的政府以征税、禁令和回收计划作出回应。<br><i>2024年6月 第1套 · 仔细阅读 · Passage One</i><br>—,B
"proportion<br><span style='font-size:14px'>Where villagers are employed as guides, or where a <b>proportion</b> of the entrance fee is returned to the community, attitudes change within a few years, and local residents begin to report illegal hunting themselves.</span>","n. ★比例,部分 / 均衡 / 面积<br>在村民被雇来做导游、或门票收入有一部分返还给社区的地方，几年之内态度就会转变，当地居民甚至会主动举报非法狩猎。<br><i>2021年12月 第1套 · 仔细阅读 · Passage Two</i><br>a large proportion of 很大比例",B
"abandon<br><span style='font-size:14px'>Teachers report that some students now find it difficult to concentrate for more than a few minutes, and that they <b>abandon</b> a text as soon as it stops being immediately interesting.</span>","v. ★放弃,中止 / 抛弃,遗弃 / 陷入(某种情绪)<br>教师反映，一些学生现在很难集中注意力超过几分钟，一段文字一旦不再立刻有趣，他们就放弃了。<br><i>2023年6月 第1套 · 仔细阅读 · Passage One</i><br>abandon oneself to 沉溺于",B
forecast<br><span style='font-size:14px'>Weather <b>forecasting</b> has improved dramatically.</span>,"n./v. ★预报,预测<br>天气预报的准确性已经大幅提高。<br><i>2023年3月 第1套 · 仔细阅读 · Passage Two</i><br>weather forecast 天气预报",B
"method<br><span style='font-size:14px'>Pupils who were praised for the <b>method</b> they used, or for the effort they had made, behaved in the opposite way: they selected harder problems and persisted longer when the work became difficult.</span>","n. ★方法,办法 / 条理<br>而因所用方法或所付出努力受到表扬的学生，表现恰恰相反：他们选更难的题目，并且在变难时坚持得更久。<br><i>2022年6月 第1套 · 仔细阅读 · Passage One</i><br>a new method 一种新方法",B
modest<br><span style='font-size:14px'>The effect was <b>modest</b> but remarkably consistent across different cities and climates.</span>,adj. ★谦虚的 / 适度的 / 朴素的<br>这种效应不算大，但在不同城市和气候条件下都出奇地一致。<br><i>2023年12月 第1套 · 仔细阅读 · Passage Two</i><br>a modest increase 小幅增长,B
"precise<br><span style='font-size:14px'>There is also the question of who is excluded: elderly patients without a smartphone, and those whose hearing or sight makes a screen impractical, are <b>precisely</b> the people who need medical attention most.</span>","adj. ★精确的,准确的 / 恰好的<br>还有一个""谁被排除在外""的问题：没有智能手机的老年患者，以及视力听力让他们用不了屏幕的人，恰恰是最需要医疗关注的群体。<br><i>2022年12月 第1套 · 仔细阅读 · Passage Two</i><br>to be precise 确切地说",B
"ban<br><span style='font-size:14px'>Now images of waste in rivers and on city streets have made the issue personal, and governments in dozens of countries have responded with taxes, <b>bans</b> and recycling programmes.</span>","n./v. ★禁令 / 禁止,取缔<br>如今河流和城市街道上的垃圾画面让这个问题变得切身，数十个国家的政府以征税、禁令和回收计划作出回应。<br><i>2024年6月 第1套 · 仔细阅读 · Passage One</i><br>ban sb from doing 禁止某人做",B
"concentrate<br><span style='font-size:14px'>Teachers report that some students now find it difficult to <b>concentrate</b> for more than a few minutes, and that they abandon a text as soon as it stops being immediately interesting.</span>","v. ★集中,专注<br>教师反映，一些学生现在很难集中注意力超过几分钟，一段文字一旦不再立刻有趣，他们就放弃了。<br><i>2023年6月 第1套 · 仔细阅读 · Passage One</i><br>concentrate on 专注于",B
consume<br><span style='font-size:14px'>Watching a video that requires you to think is very different from passively <b>consuming</b> an endless stream of clips chosen by an algorithm.</span>,"v. ★消耗,消费 / 吃喝<br>观看一个需要你动脑的视频，与被动消费由算法推送的无尽片段，完全是两回事。<br><i>2023年6月 第1套 · 仔细阅读 · Passage One</i><br>consume energy 消耗能量",B
decline<br><span style='font-size:14px'>Supermarkets that simply stopped offering free bags saw a sharper <b>decline</b> in plastic use than those that spent money on advertising campaigns.</span>,"n./v. ★下降,衰退 / 婉拒<br>那些干脆停止提供免费袋子的超市，比花大钱做广告的超市在塑料使用量上下降得更明显。<br><i>2024年6月 第1套 · 仔细阅读 · Passage One</i><br>a sharp decline 急剧下降",B
"employee<br><span style='font-size:14px'>A large proportion of <b>employees</b> under thirty now say they prefer to remain with their current employer, even when they receive offers that pay more.</span>","n. ★雇员,员工<br>如今三十岁以下员工中有很大一部分表示，即使收到薪水更高的录用通知，他们也愿意留在现在的雇主这里。<br><i>2023年3月 第1套 · 仔细阅读 · Passage One</i><br>full-time employee 全职员工",B
"extend<br><span style='font-size:14px'>The project has been financed by a combination of public funds and private donations, and the library hopes to <b>extend</b> it to its collection of maps next year.</span>",v. ★延伸 / 延长 / 扩展 / 给予<br>这个项目由公共资金和私人捐赠共同资助，图书馆希望明年能把项目扩展到它的地图藏品。<br><i>2021年6月 第1套 · 听力 · News Report One</i><br>extend the deadline 延长期限,B
"genuine<br><span style='font-size:14px'>Interest, meanwhile, has a practical value that is easy to overlook: students who are <b>genuinely</b> curious study harder, absorb material faster, and are more willing to persist when a course becomes difficult.</span>",adj. ★真正的 / 真诚的<br>与此同时，兴趣有一种容易被忽视的实用价值：真正好奇的学生学得更投入、吸收更快，也更愿意在课程变难时坚持下去。<br><i>2021年6月 第1套 · 仔细阅读 · Passage Two</i><br>genuine concern 真诚的关心,B
obstacle<br><span style='font-size:14px'>It means that education works best when it is combined with measures that remove the <b>obstacles</b> to doing the right thing.</span>,"n. ★障碍,障碍物 / 干扰 / 妨碍<br>而是说，教育只有与消除""做正确的事""障碍的措施结合起来，才最有效。<br><i>2024年6月 第1套 · 仔细阅读 · Passage One</i><br>obstacle to …的障碍",B
"persist<br><span style='font-size:14px'>Interest, meanwhile, has a practical value that is easy to overlook: students who are genuinely curious study harder, absorb material faster, and are more willing to <b>persist</b> when a course becomes difficult.</span>",v. ★坚持 / 持续存在<br>与此同时，兴趣有一种容易被忽视的实用价值：真正好奇的学生学得更投入、吸收更快，也更愿意在课程变难时坚持下去。<br><i>2021年6月 第1套 · 仔细阅读 · Passage Two</i><br>persist in 坚持,B
"psychologist<br><span style='font-size:14px'><b>Psychologists</b> warn that repeated exposure to this pattern trains the brain to expect constant novelty, which makes slower activities, such as reading a book or listening to a lecture, feel uncomfortable by comparison.</span>",n. ★心理学家 / 心理学研究者 / 心理医生<br>心理学家警告说，反复接触这种模式会训练大脑期待持续的新鲜感，相比之下，读书或听讲座这类较慢的活动就会让人觉得不舒服。<br><i>2023年6月 第1套 · 仔细阅读 · Passage One</i><br>educational psychologist 教育心理学家,B
"semester<br><span style='font-size:14px'>Every summer, students sit in crowded halls and try to recall, in three hours, everything they were supposed to have learned in a <b>semester</b>.</span>","n. ★学期,半学年 / 半年 / 一学期<br>每年夏天，学生们挤在考场里，试图用三个小时回忆起一整个学期本该学会的所有东西。<br><i>2023年12月 第1套 · 仔细阅读 · Passage One</i><br>spring semester 春季学期",B
"sensible<br><span style='font-size:14px'>A <b>sensible</b> approach is to treat employment data as information rather than as an instruction, and to ask how a subject can be combined with skills that employers value, such as writing clearly, analysing data or speaking another language.</span>","adj. ★明智的,合理的 / 察觉到的<br>明智的做法是把就业数据当作信息而不是指令，并思考如何把一个专业与雇主看重的能力结合起来，比如写得清楚、会分析数据或会说一门外语。<br><i>2021年6月 第1套 · 仔细阅读 · Passage Two</i><br>sensible choice 明智的选择",B
"absorb<br><span style='font-size:14px'>Interest, meanwhile, has a practical value that is easy to overlook: students who are genuinely curious study harder, <b>absorb</b> material faster, and are more willing to persist when a course becomes difficult.</span>",v. ★吸收 / 使全神贯注 / 承担(费用)<br>与此同时，兴趣有一种容易被忽视的实用价值：真正好奇的学生学得更投入、吸收更快，也更愿意在课程变难时坚持下去。<br><i>2021年6月 第1套 · 仔细阅读 · Passage Two</i><br>be absorbed in 专心于,B
"anxiety<br><span style='font-size:14px'>In a study that compared districts with similar income levels, residents who lived within a ten-minute walk of a park reported fewer symptoms of <b>anxiety</b> and were more likely to exercise regularly.</span>","n. ★焦虑,担忧 / 渴望<br>在一项比较了收入水平相近街区的研究中，住在离公园步行十分钟范围内的居民报告说焦虑症状更少，也更可能经常锻炼。<br><i>2023年12月 第1套 · 仔细阅读 · Passage Two</i><br>anxiety about 对…的焦虑",B
"assess<br><span style='font-size:14px'>Grades tend to rise, partly because students are <b>assessed</b> on their best work rather than their worst day, but employers sometimes complain that they can no longer compare graduates from different institutions.</span>","v. ★评估,评定<br>成绩往往会上升，部分原因是学生按最好的表现而不是最糟的一天被评价，但雇主有时会抱怨他们再也无法比较不同学校的毕业生。<br><i>2023年12月 第1套 · 仔细阅读 · Passage One</i><br>assess the impact 评估影响",B
assume<br><span style='font-size:14px'>Employers who <b>assume</b> that money is the only factor misunderstand what has changed.</span>,"v. ★假定,认为 / 承担 / 呈现<br>以为钱是唯一因素的雇主，误解了变化所在。<br><i>2023年3月 第1套 · 仔细阅读 · Passage One</i><br>assume responsibility 承担责任",B
"burden<br><span style='font-size:14px'>They also point out that continuous assessment places a heavy <b>burden</b> on teachers, who must mark far more work, and that students in such systems often complain about the constant pressure of deadlines.</span>","n./v. ★负担,重担 / 使负重担<br>他们还指出，持续性评估给教师带来沉重负担，因为要批改的作业多得多，而且在这种制度下学生常常抱怨截止日期带来的持续压力。<br><i>2023年12月 第1套 · 仔细阅读 · Passage One</i><br>a burden on 对…的负担",B
"conclude<br><span style='font-size:14px'>Workers still care about pay, but they also weigh the cost of constant uncertainty, and increasingly they <b>conclude</b> that the price is too high.</span>",v. ★得出结论 / 结束<br>员工仍然在意薪水，但他们也会衡量持续不确定性带来的代价，而且越来越多的人认为这个代价太高。<br><i>2023年3月 第1套 · 仔细阅读 · Passage One</i><br>conclude that 断定,B
consequence<br><span style='font-size:14px'>They will be fearful of potential <b>consequences</b>.</span>,"n. ★结果,后果 / 重要性<br>他们会害怕潜在的后果。<br><i>2026年6月 第1套 · 仔细阅读 · Passage One（冒名顶替现象）</i><br>as a consequence 因此",B
"deliberately<br><span style='font-size:14px'>Essentials such as milk, bread and eggs are <b>deliberately</b> placed at the back or on opposite sides of the store, so that customers must walk past hundreds of other products in order to reach them.</span>",adv. ★故意地 / 从容不迫地 / 深思熟虑地 / 谨慎地<br>牛奶、面包和鸡蛋这类必需品被有意放在商店最里面或相对的两侧，顾客为了拿到它们，必须经过几百种其他商品。<br><i>2022年12月 第1套 · 仔细阅读 · Passage One</i><br>deliberately choose 刻意选择,B
"renew<br><span style='font-size:14px'>For routine matters, such as <b>renewing</b> a prescription or discussing test results, the telephone or a video call is clearly sufficient, and it saves both the patient and the hospital a great deal of time.</span>",v. ★更新 / 续借 / 重新开始 / 使恢复<br>对于续方、讨论检查结果这类常规事务，电话或视频显然已经足够，而且为病人和医院都省下大量时间。<br><i>2022年12月 第1套 · 仔细阅读 · Passage Two</i><br>renew energy 恢复精力,B
"reserve<br><span style='font-size:14px'>Nature <b>reserves</b> are usually drawn on maps as if the land were empty, but in most cases people have lived on it for generations.</span>",v./n. ★预订 / 保留 / 储备 / 储备金 / 自然保护区 / 矜持<br>自然保护区在地图上画出来时，那片土地仿佛是空的，但在多数情况下，人们已经在那里世代居住。<br><i>2021年12月 第1套 · 仔细阅读 · Passage Two</i><br>reserve a table 订桌,B
"substitute<br><span style='font-size:14px'>The reasonable conclusion is that telemedicine works best as an addition to the health service rather than a <b>substitute</b> for it, handling the simple cases so that the difficult ones receive the time they require.</span>","n./v. ★代替者,替代品 / 替补队员 / 代替,替换 / 取代<br>合理的结论是：远程医疗最好作为医疗服务的一种补充而非替代，由它处理简单的病例，好让复杂的病例获得所需的时间。<br><i>2022年12月 第1套 · 仔细阅读 · Passage Two</i><br>substitute A for B 用A代替B",B
"access<br><span style='font-size:14px'>The books are extremely fragile, and some of them are so damaged that they cannot be opened without risk, which means ordinary readers have had no <b>access</b> to them for decades.</span>","n./v. ★使用权,通道 / 进入,获取<br>这些书极为脆弱，有些已经破损到无法在不冒风险的情况下翻开，这意味着普通读者几十年来都无法接触它们。<br><i>2021年6月 第1套 · 听力 · News Report One</i><br>access to 有权使用/接近",B
"acquire<br><span style='font-size:14px'>The danger lies in the second habit, and it is a habit that is far easier to <b>acquire</b> than to break.</span>","v. ★获得,习得(技能/语言)<br>危险在于第二种习惯，而这种习惯养成容易、戒掉难。<br><i>2023年6月 第1套 · 仔细阅读 · Passage One</i><br>acquire knowledge 获取知识",B
affordable<br><span style='font-size:14px'>Young couples interviewed by reporters said they welcomed the payment but were more concerned about whether they could find <b>affordable</b> childcare near their workplace.</span>,"adj. ★负担得起的,价格合理的<br>接受记者采访的年轻夫妇表示，他们欢迎补贴，但更关心工作地点附近能否找到负担得起的托儿服务。<br><i>2022年12月 第1套 · 听力 · News Report One</i><br>affordable housing 经济适用房",B
"alternative<br><span style='font-size:14px'>Items that generate the highest profit are positioned at eye level, while cheaper <b>alternatives</b> are placed on the lowest shelves, where adults rarely look and children do.</span>",n./adj. ★替代方案 / 可供选择的<br>利润最高的商品被摆在视线高度，而便宜的替代品被放在最低一层，成年人很少往那里看，孩子倒是看得到。<br><i>2022年12月 第1套 · 仔细阅读 · Passage One</i><br>an alternative to …的替代品,B
"appeal<br><span style='font-size:14px'>Short videos have become the dominant form of online entertainment, and their <b>appeal</b> is easy to explain: they require almost no effort, they deliver a reward within seconds, and the next one begins before you have decided whether you want it.</span>","v./n. ★呼吁,恳求 / 吸引力 / 上诉<br>短视频已经成为网络娱乐的主要形式，它的吸引力不难解释：几乎不费力气，几秒钟内就给到回报，而且你还没决定要不要看，下一条已经开始了。<br><i>2023年6月 第1套 · 仔细阅读 · Passage One</i><br>appeal to 吸引;呼吁",B
"associate<br><span style='font-size:14px'>Those who cannot manage digital services tend to withdraw from activities they once enjoyed, and this isolation is <b>associated</b> with poorer health.</span>","v./n. ★联系,联想 / 伙伴 / 副的<br>那些应付不了数字服务的人往往会退出以前喜欢的活动，而这种孤立与健康状况变差有关。<br><i>2023年6月 第1套 · 长篇阅读 · The Digital Divide among Older People</i><br>associate A with B 把A与B联系",B
"budget<br><span style='font-size:14px'>On the whole, the evidence favours opening the doors: a museum that is visited by the whole community is more likely to be defended by that community when <b>budgets</b> are cut.</span>",n./v. ★预算 / 编预算<br>总的来看，证据支持敞开大门：一个被整个社区参观的博物馆，在预算被削减时更可能被这个社区站出来保护。<br><i>2023年6月 第1套 · 仔细阅读 · Passage Two</i><br>on a tight budget 预算紧张,B
campaign<br><span style='font-size:14px'>This suggests that the money spent on advertising <b>campaigns</b> would be better spent on frequency.</span>,"n. ★运动,活动 / 战役<br>这提示我们，花在宣传上的钱不如花在班次上。<br><i>2022年6月 第1套 · 仔细阅读 · Passage Two</i><br>launch a campaign 发起运动",B
"classify<br><span style='font-size:14px'>Noise is usually treated as an annoyance rather than a health problem, but medical researchers now <b>classify</b> it as a serious risk.</span>","v. ★分类,归类<br>噪音通常被当成烦人的东西而不是健康问题，但医学研究者现在把它归为一项严重风险。<br><i>2021年6月 第1套 · 选词填空 · Noise in Cities</i><br>classify into 分为",B
"conduct<br><span style='font-size:14px'>Telemedicine expanded rapidly when patients could not visit clinics, and many of them discovered that a consultation <b>conducted</b> from home was more convenient than a journey across the city followed by an hour in a waiting room.</span>","v./n. ★实施,进行 / 指挥 / 行为<br>当病人无法到诊所时，远程医疗迅速铺开，许多病人发现在家问诊，比横穿城市再在候诊室坐上一小时要方便得多。<br><i>2022年12月 第1套 · 仔细阅读 · Passage Two</i><br>conduct a survey 进行调查",B
consult<br><span style='font-size:14px'>Doctors also report that some patients speak more frankly in their own living rooms than they do in a <b>consulting</b> room.</span>,"v. ★咨询,商量 / 查阅<br>医生还反映，有些病人在自家客厅里说得比在诊室里更坦率。<br><i>2022年12月 第1套 · 仔细阅读 · Passage Two</i><br>consult sb about 就…请教某人",B
"cooperate<br><span style='font-size:14px'>Students who take part in community service say they gain more than they give: they learn to <b>cooperate</b> with people from different backgrounds, and they often discover abilities they did not know they possessed.</span>","v. ★合作,配合<br>参加社区服务的学生说，他们得到的比付出的更多：他们学会了与不同背景的人合作，还常常发现自己并不知道自身具备的能力。<br><i>2023年12月 第1套 · 选词填空 · Volunteering among Young People</i><br>cooperate with 与…合作",B
"crucial<br><span style='font-size:14px'>Countries that abolished entrance fees recorded a sharp increase in visitors, and, <b>crucially</b>, the new visitors were not the usual audience.</span>","adj. ★至关重要的,决定性的<br>取消门票的国家录得访客量急剧上升，而且关键是，新增的访客并不是原来那批老观众。<br><i>2023年6月 第1套 · 仔细阅读 · Passage Two</i><br>be crucial to 对…至关重要",B
"deadline<br><span style='font-size:14px'>They also point out that continuous assessment places a heavy burden on teachers, who must mark far more work, and that students in such systems often complain about the constant pressure of <b>deadlines</b>.</span>","n. ★截止日期,最后期限<br>他们还指出，持续性评估给教师带来沉重负担，因为要批改的作业多得多，而且在这种制度下学生常常抱怨截止日期带来的持续压力。<br><i>2023年12月 第1套 · 仔细阅读 · Passage One</i><br>meet the deadline 赶上期限",B
"debate<br><span style='font-size:14px'>The <b>debate</b> is usually presented as a choice between idealism and realism, but the evidence does not support such a sharp distinction.</span>","n./v. ★辩论,讨论<br>这场争论通常被描述为理想主义与现实主义之间的选择，但证据并不支持如此泾渭分明的划分。<br><i>2021年6月 第1套 · 仔细阅读 · Passage Two</i><br>debate on/about 关于…的辩论",B
"defend<br><span style='font-size:14px'>Supermarkets <b>defend</b> these techniques as a service to customers, arguing that a logical arrangement helps people find what they need.</span>",v. ★保卫 / 辩护<br>超市为这些手法辩护，称这是对顾客的服务，认为符合逻辑的摆放有助于人们找到需要的东西。<br><i>2022年12月 第1套 · 仔细阅读 · Passage One</i><br>defend against 防御,B
dramatically<br><span style='font-size:14px'>Weather forecasting has improved <b>dramatically</b>.</span>,adv. ★显著地 / 戏剧性地 / 引人注目地 / 剧烈地<br>天气预报的准确性已经大幅提高。<br><i>2023年3月 第1套 · 仔细阅读 · Passage Two</i><br>increase dramatically 急剧增长,B
"enormous<br><span style='font-size:14px'>The rapid growth of food delivery has created an <b>enormous</b> amount of packaging waste, and cities are struggling to deal with it.</span>","adj. ★巨大的,庞大的<br>外卖行业的快速增长制造了数量惊人的包装垃圾，各城市正为此发愁。<br><i>2023年3月 第1套 · 长篇阅读 · Food Delivery and Packaging Waste</i>",B
"finance<br><span style='font-size:14px'>The project has been <b>financed</b> by a combination of public funds and private donations, and the library hopes to extend it to its collection of maps next year.</span>","n./v. ★财政,金融 / 资金 / 资助<br>这个项目由公共资金和私人捐赠共同资助，图书馆希望明年能把项目扩展到它的地图藏品。<br><i>2021年6月 第1套 · 听力 · News Report One</i><br>personal finance 个人理财",B
fortune<br><span style='font-size:14px'>They tend to attribute their achievements to good <b>fortune</b>.</span>,n. ★财富 / 运气 / 命运<br>他们倾向于把自己的成就归功于运气好。<br><i>2026年6月 第1套 · 仔细阅读 · Passage One（冒名顶替现象）</i><br>make a fortune 发财,B
"generate<br><span style='font-size:14px'>Items that <b>generate</b> the highest profit are positioned at eye level, while cheaper alternatives are placed on the lowest shelves, where adults rarely look and children do.</span>","v. ★产生,生成 / 发(电)<br>利润最高的商品被摆在视线高度，而便宜的替代品被放在最低一层，成年人很少往那里看，孩子倒是看得到。<br><i>2022年12月 第1套 · 仔细阅读 · Passage One</i><br>generate income 创造收入",B
"infrastructure<br><span style='font-size:14px'>Bike-sharing schemes, in particular, expanded with extraordinary speed: companies placed millions of bicycles on the streets of cities that had no <b>infrastructure</b> for them, and for a while the pavements were blocked by machines nobody was using.</span>","n. ★基础设施,基础建设 / 基础结构<br>共享单车计划尤其以惊人的速度扩张：企业把数以百万计的自行车投放到根本没有相应基础设施的城市街道上，有一阵子人行道被没人使用的车子堵死。<br><i>2023年12月 第1套 · 长篇阅读 · The Sharing Economy</i><br>public infrastructure 公共基础设施",B
"mechanism<br><span style='font-size:14px'>Retailers understand the <b>mechanism</b> perfectly, which is why the original price is almost always displayed beside the reduced one.</span>",n. ★机制 / 机械装置 / 办法<br>零售商对这套机制了如指掌，所以降价旁边几乎总会标出原价。<br><i>2021年12月 第1套 · 仔细阅读 · Passage One</i><br>coping mechanism 应对机制,B
mutual<br><span style='font-size:14px'>A thoughtfully selected gift tailored to the recipient's preferences can often deepen <b>mutual</b> affection.</span>,adj. ★相互的 / 共同的<br>一份精心挑选、贴合受礼者喜好的礼物，往往能加深彼此的感情。<br><i>2026年6月 第1套 · 翻译 · 礼尚往来</i><br>mutual understanding 相互理解,B
"nevertheless<br><span style='font-size:14px'><b>Nevertheless</b>, the association remained strong after the team had controlled for income, education and physical health.</span>","adv. ★然而,不过<br>不过，在控制了收入、教育程度和身体健康状况之后，这种关联依然很强。<br><i>2022年12月 第1套 · 听力 · Passage Two</i>",B
"occupy<br><span style='font-size:14px'>Sellers, for their part, discover that items <b>occupying</b> space in their flats can be converted into cash.</span>",v. ★占据 / 占用 / 使忙于 / 居住<br>对卖家来说，他们发现占着自家地方的东西可以换成现金。<br><i>2021年12月 第1套 · 长篇阅读 · Second-hand Markets</i><br>be occupied with 忙于,B
"overlook<br><span style='font-size:14px'>Interest, meanwhile, has a practical value that is easy to <b>overlook</b>: students who are genuinely curious study harder, absorb material faster, and are more willing to persist when a course becomes difficult.</span>","v. ★忽视,忽略 / 俯视 / 宽恕<br>与此同时，兴趣有一种容易被忽视的实用价值：真正好奇的学生学得更投入、吸收更快，也更愿意在课程变难时坚持下去。<br><i>2021年6月 第1套 · 仔细阅读 · Passage Two</i><br>overlook a detail 忽略细节",B
"panic<br><span style='font-size:14px'>A discount that ends tonight produces a mild <b>panic</b>, and panic is a poor adviser: it shifts attention from the question ""do I want this?</span>","n./v. ★恐慌,惊慌 / 使恐慌<br>今晚就结束的折扣会引发轻微的恐慌，而恐慌是个糟糕的顾问：它把注意力从""我想要这个吗""转移到""不买会不会后悔""。<br><i>2021年12月 第1套 · 仔细阅读 · Passage One</i><br>in panic 惊慌地",B
passive<br><span style='font-size:14px'>Watching a video that requires you to think is very different from <b>passively</b> consuming an endless stream of clips chosen by an algorithm.</span>,adj. ★被动的 / 消极的<br>观看一个需要你动脑的视频，与被动消费由算法推送的无尽片段，完全是两回事。<br><i>2023年6月 第1套 · 仔细阅读 · Passage One</i><br>passive smoking 被动吸烟,B
"propose<br><span style='font-size:14px'>They <b>propose</b> continuous assessment instead: essays, projects and short tests spread across the term, which they claim give a fairer picture of a student's ability.</span>","v. ★提议,建议 / 打算 / 求婚<br>他们主张改用持续性评估：论文、项目和分散在整个学期的小测验，他们认为这样能更公平地反映学生的能力。<br><i>2023年12月 第1套 · 仔细阅读 · Passage One</i><br>propose that 建议(虚拟语气)",B
"protest<br><span style='font-size:14px'>Taking out those parking spots, as they argued at <b>protests</b> and in letters to the city council, would ruin stores and restaurants along Skillman.</span>","n./v. ★抗议,反对 / 坚决主张<br>他们无论是在抗议现场还是在写给市议会的信里都争辩说，取消这些停车位会毁掉 Skillman 沿街的商店和餐馆。<br><i>2025年12月 第1套 · 长篇阅读 · The Battle over Bike Lanes</i><br>protest against 抗议",B
"purchase<br><span style='font-size:14px'>It is certainly convenient: a transaction takes seconds, there is no risk of receiving the wrong change, and every <b>purchase</b> is recorded automatically.</span>",v./n. ★购买 / 购买物 / 紧握<br>它确实方便：一笔交易几秒钟完成，不存在找错钱的风险，每一笔消费还被自动记录下来。<br><i>2021年6月 第1套 · 写作 · 范文</i><br>purchase online 网购,B
"recycle<br><span style='font-size:14px'>Now images of waste in rivers and on city streets have made the issue personal, and governments in dozens of countries have responded with taxes, bans and <b>recycling</b> programmes.</span>","v./n. ★回收利用,再利用 / 再循环 / 回收利用物 / 再生资源<br>如今河流和城市街道上的垃圾画面让这个问题变得切身，数十个国家的政府以征税、禁令和回收计划作出回应。<br><i>2024年6月 第1套 · 仔细阅读 · Passage One</i><br>recycle waste 回收废物",B
"regulate<br><span style='font-size:14px'>Companies point out that the system allows anyone to start earning within a day, and that attempts to <b>regulate</b> the industry have reduced the number of available jobs.</span>","v. ★管理,调节 / 控制,校准<br>企业指出，这套体系让任何人一天之内就能开始挣钱，而试图监管这个行业反而减少了可提供的岗位。<br><i>2021年6月 第1套 · 长篇阅读 · Gig Work and Delivery Riders</i><br>regulate the market 规范市场",B
"reliable<br><span style='font-size:14px'>The main obstacle remains trust, and platforms that offer <b>reliable</b> systems for returning goods have grown far faster than those that do not.</span>","adj. ★可靠的,可信赖的<br>主要障碍仍然是信任，而那些提供可靠退货机制的平台，发展速度远远快于不提供的平台。<br><i>2021年12月 第1套 · 长篇阅读 · Second-hand Markets</i><br>reliable source 可靠来源",B
"reluctant<br><span style='font-size:14px'>Adult learners are <b>reluctant</b> to make mistakes in public, and this reluctance prevents them from practising the skill that matters most.</span>","adj. ★不情愿的,勉强的<br>成年学习者不愿在别人面前犯错，而这种不情愿恰恰使他们无法练习最关键的那项技能。<br><i>2022年6月 第1套 · 选词填空 · Learning a Second Language</i><br>be reluctant to do 不愿做",B
"remarkable<br><span style='font-size:14px'>Attitudes have changed with <b>remarkable</b> speed, and young consumers in particular now describe it as a sensible choice rather than a necessary one.</span>","adj. ★显著的,非凡的,值得注意的<br>人们的态度变化之快令人瞩目，尤其是年轻消费者，如今他们把买二手货描述为明智的选择，而不是无奈之举。<br><i>2021年12月 第1套 · 长篇阅读 · Second-hand Markets</i><br>remarkable progress 显著进步",B
"remote<br><span style='font-size:14px'>For years the problem seemed <b>remote</b>, something that happened on distant beaches and in the stomachs of seabirds.</span>",adj. ★偏远的 / 遥远的 / 细微的 / 远程的<br>多年来这个问题似乎很遥远，像是发生在遥远海滩上和海鸟胃里的事。<br><i>2024年6月 第1套 · 仔细阅读 · Passage One</i><br>remote area 偏远地区,B
"rhythm<br><span style='font-size:14px'>Consequently, all human body functions also follow this daily <b>rhythm</b>, and the timing of behaviors like exercise or food intake can significantly influence your health.</span>","n. ★节奏,韵律 / 规律<br>因此，人体所有的机能也都遵循这种日常节律，而运动、进食这类行为发生的时机，会对你的健康产生显著影响。<br><i>2025年12月 第1套 · 仔细阅读 · Passage One（昼夜节律）</i><br>the rhythm of life 生活节奏",B
"routine<br><span style='font-size:14px'>For <b>routine</b> matters, such as renewing a prescription or discussing test results, the telephone or a video call is clearly sufficient, and it saves both the patient and the hospital a great deal of time.</span>",n./adj. ★例行公事 / 常规 / 常规的 / 日常的<br>对于续方、讨论检查结果这类常规事务，电话或视频显然已经足够，而且为病人和医院都省下大量时间。<br><i>2022年12月 第1套 · 仔细阅读 · Passage Two</i><br>daily routine 日常惯例,B
"rural<br><span style='font-size:14px'>In <b>rural</b> schools, for example, volunteer teachers have helped to reduce the shortage of staff and have introduced courses that the schools could not otherwise offer.</span>","adj. ★农村的,乡村的<br>例如在乡村学校，志愿教师帮助缓解了师资短缺，还开设了这些学校原本无法提供的课程。<br><i>2023年12月 第1套 · 选词填空 · Volunteering among Young People</i><br>rural area 农村地区",B
"sufficient<br><span style='font-size:14px'>For routine matters, such as renewing a prescription or discussing test results, the telephone or a video call is clearly <b>sufficient</b>, and it saves both the patient and the hospital a great deal of time.</span>","adj. ★足够的,充足的<br>对于续方、讨论检查结果这类常规事务，电话或视频显然已经足够，而且为病人和医院都省下大量时间。<br><i>2022年12月 第1套 · 仔细阅读 · Passage Two</i><br>be sufficient for 对…足够",B
"symptom<br><span style='font-size:14px'>In a study that compared districts with similar income levels, residents who lived within a ten-minute walk of a park reported fewer <b>symptoms</b> of anxiety and were more likely to exercise regularly.</span>","n. ★症状 / 征兆,表征<br>在一项比较了收入水平相近街区的研究中，住在离公园步行十分钟范围内的居民报告说焦虑症状更少，也更可能经常锻炼。<br><i>2023年12月 第1套 · 仔细阅读 · Passage Two</i><br>symptom of …的症状",B
"undergraduate<br><span style='font-size:14px'>On average, <b>undergraduates</b> devoted less than three hours a day to study, while they spent almost five hours on their phones.</span>",n./adj. ★本科生 / 大学本科生的<br>平均来说，本科生每天用于学习的时间不到三小时，而花在手机上的时间接近五小时。<br><i>2023年6月 第1套 · 选词填空 · Time Management</i><br>undergraduate degree 本科学位,B
"academic<br><span style='font-size:14px'>AI like ChatGPT may generate inaccurate data, so cross-check facts with <b>academic</b> databases before citing.</span>",adj./n. ★学术的 / 学业的 / 大学教师<br>像 ChatGPT 这样的人工智能可能生成不准确的数据，因此在引用之前要拿学术数据库交叉核对事实。<br><i>2025年6月 第1套 · 写作 · 如何正确使用AI</i><br>academic performance 学业成绩,B
adapt<br><span style='font-size:14px'>What makes the problem difficult to solve is that people <b>adapt</b> to noise without becoming immune to it.</span>,v. ★适应 / 改编<br>这个问题难解之处在于，人会适应噪音，却不会因此对它免疫。<br><i>2021年6月 第1套 · 选词填空 · Noise in Cities</i><br>adapt to 适应,B
"adopt<br><span style='font-size:14px'>Teachers who have <b>adopted</b> this approach report that students become more willing to attempt questions they cannot immediately answer, and that classrooms become quieter places where mistakes are discussed rather than hidden.</span>","v. ★采用,采取 / 收养<br>采用这种做法的教师反映，学生更愿意去尝试不能立刻答出的问题，课堂也变得更安静，错误被拿出来讨论，而不是被藏起来。<br><i>2022年6月 第1套 · 仔细阅读 · Passage One</i><br>adopt a policy 采取政策",B
"ambitious<br><span style='font-size:14px'>For decades, the standard advice given to <b>ambitious</b> young workers was to change jobs every few years, since moving was the fastest way to raise a salary.</span>",adj. ★有雄心的 / 野心勃勃的<br>几十年来，给有抱负的年轻人的标准建议是每隔几年换一次工作，因为跳槽是涨薪最快的途径。<br><i>2023年3月 第1套 · 仔细阅读 · Passage One</i>,B
"apparent<br><span style='font-size:14px'>In one study, pupils who were told they were clever after solving a simple puzzle later chose easier tasks, <b>apparently</b> because they wished to protect the reputation they had just been given.</span>","adj. ★明显的 / 表面上的<br>在一项研究中，因解出一道简单谜题而被夸""聪明""的学生，后来选择了更简单的任务，显然是想保护刚刚获得的那个名声。<br><i>2022年6月 第1套 · 仔细阅读 · Passage One</i><br>it is apparent that 显然",B
"appropriate<br><span style='font-size:14px'>Upon receiving a gift, people will express gratitude and reciprocate with a present at an <b>appropriate</b> time to foster a more harmonious relationship with one another.</span>","adj. ★合适的,恰当的<br>接受礼物时，人们会表达谢意，并在适当的时候回赠礼物，以此来增进彼此之间的融洽关系。<br><i>2026年6月 第1套 · 翻译 · 礼尚往来</i><br>be appropriate for 适合于",B
boost<br><span style='font-size:14px'>There is a rising amount of data showing that installing bike lanes and making streets more pedestrian-friendly <b>boosts</b> the economic fortunes of a place.</span>,"v./n. ★促进,提高 / 推动<br>越来越多的数据表明，修建自行车道、让街道对行人更友好，会提升一个地方的经济景气程度。<br><i>2025年12月 第1套 · 长篇阅读 · The Battle over Bike Lanes</i><br>boost confidence 增强信心",B
"circumstance<br><span style='font-size:14px'>In such <b>circumstances</b>, a familiar job where the rules are known feels less like a trap and more like a form of security.</span>","n. ★情况,环境 / 境遇<br>在这种情况下，一份规则清楚的熟悉工作，感觉就不像牢笼，而像一种安全感。<br><i>2023年3月 第1套 · 仔细阅读 · Passage One</i><br>under no circumstances 决不",B
client<br><span style='font-size:14px'>Employers who joined the programme said graduates were generally well prepared in theory but often lacked the ability to communicate with <b>clients</b>.</span>,"n. ★客户,委托人<br>参加该项目的雇主表示，毕业生在理论上普遍准备充分，但往往缺乏与客户沟通的能力。<br><i>2023年12月 第1套 · 听力 · News Report One</i>",B
"collapse<br><span style='font-size:14px'>Several firms <b>collapsed</b>, leaving behind piles of damaged bicycles and angry customers who could not recover their deposits.</span>",v./n. ★倒塌 / 崩溃 / 晕倒<br>几家公司倒闭，留下一堆堆损坏的自行车和拿不回押金的愤怒用户。<br><i>2023年12月 第1套 · 长篇阅读 · The Sharing Economy</i>,B
"colleague<br><span style='font-size:14px'>Such work teaches students to manage their time, to communicate with <b>colleagues</b> and to take responsibility for tasks they cannot simply abandon.</span>",n. ★同事<br>这类工作教会学生管理时间、与同事沟通，并对那些不能随手丢开的任务负责。<br><i>2023年3月 第1套 · 写作 · 范文</i>,B
compete<br><span style='font-size:14px'>Companies that wish to attract young talent would do better to offer predictable schedules and genuine opportunities to learn than to <b>compete</b> on salary alone.</span>,"v. ★竞争,比赛<br>想吸引年轻人才的公司，与其只在薪资上竞争，不如提供可预期的作息和真正的学习机会。<br><i>2023年3月 第1套 · 仔细阅读 · Passage One</i><br>compete with/against 与…竞争",B
complex<br><span style='font-size:14px'>Educators worry that this shift may reduce readers' ability to concentrate on <b>complex</b> material.</span>,adj./n. ★复杂的 / 综合体<br>教育工作者担心，这种转变会降低读者专注于复杂材料的能力。<br><i>2024年6月 第1套 · 选词填空 · Reading Habits</i>,B
compromise<br><span style='font-size:14px'>Conservationists sometimes regard such arrangements as a <b>compromise</b> with principle.</span>,"n./v. ★妥协,折中 / 损害<br>环保人士有时认为这种安排是对原则的妥协。<br><i>2021年12月 第1套 · 仔细阅读 · Passage Two</i><br>reach a compromise 达成妥协",B
"concept<br><span style='font-size:14px'>Defenders of the medium reply that short videos have their own value: they can spread knowledge quickly, and a well-made clip can explain a difficult <b>concept</b> more clearly than a page of prose.</span>","n. ★概念,观念<br>为这种媒介辩护的人回应说，短视频自有其价值：它能快速传播知识，一个制作精良的短片能把难懂的概念讲得比一页文字更清楚。<br><i>2023年6月 第1套 · 仔细阅读 · Passage One</i>",B
conscious<br><span style='font-size:14px'>Convenience follows closely behind: a route that requires two changes and a long walk is rejected even by commuters who describe themselves as environmentally <b>conscious</b>.</span>,"adj. ★有意识的,自觉的 / 神志清醒的<br>紧随其后的是便利性：一条要换乘两次再走很长一段路的线路，连自称有环保意识的上班族都会拒绝。<br><i>2022年6月 第1套 · 仔细阅读 · Passage Two</i><br>be conscious of 意识到",B
construct<br><span style='font-size:14px'>Psychologists have long been interested in how we <b>construct</b> our identities.</span>,v. ★建造 / 构造<br>心理学家长期以来一直对我们如何建构自身身份很感兴趣。<br><i>2025年6月 第1套 · 选词填空 · Constructing Identities</i>,B
"critical<br><span style='font-size:14px'>For example, use grammar-checking tools to revise essays, but do not rely on them to write completely, because <b>critical</b> thinking is irreplaceable.</span>",adj. ★批评的 / 关键的 / 危急的<br>例如，可以用语法检查工具来修改作文，但不要指望它替你从头写到尾，因为批判性思维是无可替代的。<br><i>2025年6月 第1套 · 写作 · 如何正确使用AI</i><br>be critical of 对…持批评态度,B
"depress<br><span style='font-size:14px'>Researchers were careful to note that the relationship is not simply one of cause and effect: people who are already <b>depressed</b> tend to stop exercising, so part of the difference may reflect the illness rather than the cure.</span>",v. ★使沮丧 / 使萧条<br>研究人员谨慎地指出，这并不只是简单的因果关系：已经抑郁的人往往会停止锻炼，所以部分差异也许反映的是疾病本身，而不是疗效。<br><i>2022年12月 第1套 · 听力 · Passage Two</i>,B
"deserve<br><span style='font-size:14px'>It suggests instead that handwriting <b>deserves</b> a place alongside it, particularly in the early years when children are still learning to shape their thoughts.</span>","v. ★应得,值得<br>它只是提示，手写值得与技术并存，尤其是在孩子还在学习组织自己想法的早期阶段。<br><i>2023年3月 第1套 · 选词填空 · The Value of Handwriting</i><br>deserve to do 理应",B
"device<br><span style='font-size:14px'>Many readers now rely on digital <b>devices</b>, and a growing number of them say they prefer short articles to long books.</span>","n. ★装置,设备 / 手段,策略 / 花招<br>如今许多读者依赖电子设备，而且越来越多的人表示，比起长篇书籍他们更喜欢短文。<br><i>2024年6月 第1套 · 选词填空 · Reading Habits</i><br>electronic device 电子设备",B
"devote<br><span style='font-size:14px'>On average, undergraduates <b>devoted</b> less than three hours a day to study, while they spent almost five hours on their phones.</span>","v. ★奉献,投入<br>平均来说，本科生每天用于学习的时间不到三小时，而花在手机上的时间接近五小时。<br><i>2023年6月 第1套 · 选词填空 · Time Management</i><br>devote oneself to 献身于",B
"discipline<br><span style='font-size:14px'>Recorded lectures work reasonably well for students who are <b>disciplined</b> and have a quiet place to study, but they fail precisely where schools matter most: with children who need encouragement, structure and someone to notice when they have stopped understanding.</span>",n./v. ★纪律 / 学科 / 训练 / 惩罚<br>录播课对自律、又有安静地方学习的学生还算管用，但它恰恰在学校最关键的地方失灵了：那些需要鼓励、需要有人管束、需要有人发现他们已经听不懂的孩子。<br><i>2022年12月 第1套 · 长篇阅读 · Online Education after the Pandemic</i>,B
"discourage<br><span style='font-size:14px'>A modest fee may seem harmless, but research consistently shows that it <b>discourages</b> precisely the visitors that public funding was intended to attract: families with low incomes, students, and people who have never visited a museum before and are unsure whether they would enjoy it.</span>",v. ★使气馁 / 阻拦<br>不算高的票价看起来无伤大雅，但研究一致表明，它劝退的恰恰是公共资金本想吸引的那批访客：低收入家庭、学生，以及那些从未进过博物馆、不确定自己会不会喜欢的人。<br><i>2023年6月 第1套 · 仔细阅读 · Passage Two</i><br>discourage sb from 劝阻某人,B
"dismiss<br><span style='font-size:14px'>Supporters argue that it offers a different way of understanding health, and that it should be studied rather than <b>dismissed</b>.</span>",v. ★解散 / 解雇 / 不予考虑<br>支持者认为，中医提供了理解健康的另一种方式，应当加以研究，而不该一味否定。<br><i>2021年12月 第1套 · 翻译 · 中医</i><br>dismiss sb from 解雇,B
"display<br><span style='font-size:14px'>Retailers understand the mechanism perfectly, which is why the original price is almost always <b>displayed</b> beside the reduced one.</span>","n./v. ★展示,陈列 / 显示 / 表现<br>零售商对这套机制了如指掌，所以降价旁边几乎总会标出原价。<br><i>2021年12月 第1套 · 仔细阅读 · Passage One</i><br>on display 展出",B
"emergency<br><span style='font-size:14px'>Parents were consulted before the rule took effect, and the majority of them supported it, although a few argued that phones are useful in an <b>emergency</b>.</span>","n. ★紧急情况,突发事件<br>规定生效前征求过家长意见，多数家长表示支持，尽管少数人认为手机在紧急情况下是有用的。<br><i>2021年12月 第1套 · 听力 · News Report One</i><br>in an emergency 在紧急情况下",B
"enable<br><span style='font-size:14px'>Gunpowder changed the nature of warfare, while the compass <b>enabled</b> sailors to travel far from the coast with confidence.</span>","v. ★使能够,使可能<br>火药改变了战争的性质，而指南针让航海者能够放心地远离海岸航行。<br><i>2022年12月 第1套 · 翻译 · 四大发明</i><br>enable sb to do 使某人能够做",B
"enhance<br><span style='font-size:14px'>By using them as smart assistants rather than shortcuts, students can <b>enhance</b> learning efficiency while maintaining intellectual autonomy.</span>","v. ★提高,增强<br>把它们当作聪明的助手而不是捷径，学生就能在保持思想自主的同时提升学习效率。<br><i>2025年6月 第1套 · 写作 · 如何正确使用AI</i><br>enhance the quality 提升质量",B
"ensure<br><span style='font-size:14px'>The challenge for planners, therefore, is not simply to plant more trees but to <b>ensure</b> that the people who need green space most can afford to stay near it.</span>","v. ★确保,保证<br>因此规划者面临的挑战不只是种更多的树，而是确保最需要绿地的人还能住得起附近的地方。<br><i>2023年12月 第1套 · 仔细阅读 · Passage Two</i><br>ensure that 确保",B
environmentally<br><span style='font-size:14px'>Convenience follows closely behind: a route that requires two changes and a long walk is rejected even by commuters who describe themselves as <b>environmentally</b> conscious.</span>,"adv. ★环保地,有关环境地 / 在环境方面<br>紧随其后的是便利性：一条要换乘两次再走很长一段路的线路，连自称有环保意识的上班族都会拒绝。<br><i>2022年6月 第1套 · 仔细阅读 · Passage Two</i><br>environmentally friendly 环保的",B
"essential<br><span style='font-size:14px'><b>Essentials</b> such as milk, bread and eggs are deliberately placed at the back or on opposite sides of the store, so that customers must walk past hundreds of other products in order to reach them.</span>",adj./n. ★必不可少的 / 本质的 / 要素<br>牛奶、面包和鸡蛋这类必需品被有意放在商店最里面或相对的两侧，顾客为了拿到它们，必须经过几百种其他商品。<br><i>2022年12月 第1套 · 仔细阅读 · Passage One</i><br>be essential to 对…必不可少,B
"evaluate<br><span style='font-size:14px'>The university says it will <b>evaluate</b> the results at the end of the year and, if the evidence is favourable, it will extend the courses to students in their second year.</span>","v. ★评价,评估<br>校方表示将在年底评估结果，如果证据支持，就把课程推广到二年级学生。<br><i>2023年12月 第1套 · 听力 · News Report One</i><br>evaluate the performance 评估表现",B
"exceed<br><span style='font-size:14px'>As of the end of March 2025, the number of private enterprises in China had <b>exceeded</b> 57 million, accounting for 92.3 percent of the total.</span>","v. ★超过,超出<br>截至2025年3月底，中国民营企业数量已超过五千七百万户，占企业总数的百分之九十二点三。<br><i>2025年12月 第1套 · 翻译 · 民营经济</i><br>exceed expectations 超出预期",B
"expense<br><span style='font-size:14px'>Small shop owners complained that they had to spend more money on paper bags, and a few of them said the extra <b>expense</b> was hard to absorb.</span>","n. ★费用,开支 / 代价<br>小店主抱怨说，他们不得不花更多的钱购买纸袋，其中一些人表示这笔额外开支难以承受。<br><i>2024年6月 第1套 · 听力 · News Report One</i><br>at the expense of 以…为代价",B
expose<br><span style='font-size:14px'>All living organisms on Earth are <b>exposed</b> to a 24-hour day-night cycle.</span>,v. ★暴露 / 揭露 / 使接触<br>地球上所有的生物体都处在一天二十四小时的昼夜循环之中。<br><i>2025年12月 第1套 · 仔细阅读 · Passage One（昼夜节律）</i><br>be exposed to 接触到/暴露于,B
"facility<br><span style='font-size:14px'>Environmental groups, however, argue that a ban alone is not sufficient, and that the public also needs convenient access to recycling <b>facilities</b>.</span>","n. ★设施,设备 / 便利<br>然而环保团体认为，仅有禁令是不够的，公众还需要能够方便地使用回收设施。<br><i>2024年6月 第1套 · 听力 · News Report One</i><br>public facility 公共设施",B
frustrate<br><span style='font-size:14px'>Now new research has found the cause and researchers may have come up with a solution for this <b>frustrating</b> traffic pattern.</span>,v. ★使沮丧 / 挫败<br>如今新的研究找到了成因，研究人员或许也已经想出了应对这种恼人交通模式的办法。<br><i>2025年6月 第1套 · 长篇阅读 · Phantom Traffic Jams（第3套）</i><br>be frustrated with 对…感到沮丧,B
ignorance<br><span style='font-size:14px'>The reason is rarely <b>ignorance</b>.</span>,"n. ★无知,愚昧 / 不知,不了解 / 愚昧行为<br>原因很少是无知。<br><i>2024年6月 第1套 · 仔细阅读 · Passage One</i><br>ignorance of 对…的无知",B
install<br><span style='font-size:14px'>There is a rising amount of data showing that <b>installing</b> bike lanes and making streets more pedestrian-friendly boosts the economic fortunes of a place.</span>,"v. ★安装,设置 / 任命<br>越来越多的数据表明，修建自行车道、让街道对行人更友好，会提升一个地方的经济景气程度。<br><i>2025年12月 第1套 · 长篇阅读 · The Battle over Bike Lanes</i><br>install software 安装软件",B
"instrument<br><span style='font-size:14px'>A three-day forecast today is as accurate as a one-day forecast was thirty years ago, thanks to better <b>instruments</b>, more powerful computers and a deeper understanding of the atmosphere.</span>","n. ★仪器,器械 / 乐器 / 工具<br>借助更好的仪器、更强大的计算机和对大气更深入的认识，如今三天的预报已经和三十年前一天的预报一样准。<br><i>2023年3月 第1套 · 仔细阅读 · Passage Two</i><br>musical instrument 乐器",B
"interpret<br><span style='font-size:14px'>When a forecast states that there is a thirty percent chance of rain, many listeners <b>interpret</b> this as a promise that it will not rain, and feel cheated if it does.</span>","v. ★解释,理解 / 口译<br>当预报说有百分之三十的概率下雨时，许多听众把它理解成""不会下雨""的承诺，一旦下了雨就觉得被骗了。<br><i>2023年3月 第1套 · 仔细阅读 · Passage Two</i><br>interpret as 理解为",B
"isolate<br><span style='font-size:14px'>Yet a significant number report feeling <b>isolated</b>, and managers complain that it is harder to train new staff when nobody is in the same room.</span>","v. ★隔离,孤立 / 分离出<br>然而有相当数量的人表示感到孤立，管理者则抱怨没人同处一室时更难培养新员工。<br><i>2024年6月 第1套 · 长篇阅读 · Remote Work and City Life</i><br>isolate from 与…隔离",B
label<br><span style='font-size:14px'>A <b>label</b> that announces fifty percent off does something strange to the human mind.</span>,n./v. ★标签 / 称号 / 贴标签 / 归类<br>一张写着五折的标签，会对人的心智产生奇怪的作用。<br><i>2021年12月 第1套 · 仔细阅读 · Passage One</i><br>label sb as 把某人称为,B
"launch<br><span style='font-size:14px'>A university in the region has <b>launched</b> a programme to help graduates find suitable jobs, and the response has been positive.</span>","v./n. ★发起,推出 / 发射 / 投放市场<br>该地区一所大学推出了一项帮助毕业生找到合适工作的计划，反响良好。<br><i>2023年12月 第1套 · 听力 · News Report One</i><br>launch a product 推出产品",B
"manual<br><span style='font-size:14px'>Allocate specific time for AI-assisted study to avoid distraction, and prioritize hands-on practice, such as solving math problems <b>manually</b> instead of asking AI for answers directly.</span>","adj./n. ★手工的 / 体力的 / 手册,指南<br>为借助人工智能的学习安排固定的时间以免分心，并优先安排动手练习，比如自己动手解数学题，而不是直接问人工智能要答案。<br><i>2025年6月 第1套 · 写作 · 如何正确使用AI</i><br>manual work 手工劳动",B
"medium<br><span style='font-size:14px'>Defenders of the <b>medium</b> reply that short videos have their own value: they can spread knowledge quickly, and a well-made clip can explain a difficult concept more clearly than a page of prose.</span>","n./adj. ★媒介,媒体 / 中等的 / 中间的<br>为这种媒介辩护的人回应说，短视频自有其价值：它能快速传播知识，一个制作精良的短片能把难懂的概念讲得比一页文字更清楚。<br><i>2023年6月 第1套 · 仔细阅读 · Passage One</i><br>medium size 中号",B
"moderate<br><span style='font-size:14px'>Psychologists suggest that users should treat online activity like any other part of their diet: a <b>moderate</b> amount, chosen deliberately, is far healthier than an endless stream of whatever appears on the screen.</span>",adj./v. ★适度的 / 温和的 / 缓和<br>心理学家建议，用户应当像对待饮食里的其他部分一样对待线上活动：有节制、经过选择的量，比屏幕上无休止涌来的东西要健康得多。<br><i>2024年6月 第1套 · 仔细阅读 · Passage Two</i><br>moderate exercise 适度运动,B
modify<br><span style='font-size:14px'>This means that the specific proteins a drug is designed to <b>modify</b> can react differently to the medicine over the course of a 24-hour time period.</span>,"v. ★修改,更改 / 修饰<br>这意味着，药物本来要去作用的那些特定蛋白质，在一天的不同时间里对药物的反应可能是不一样的。<br><i>2025年12月 第1套 · 仔细阅读 · Passage One（昼夜节律）</i><br>modify behavior 改变行为",B
objective<br><span style='font-size:14px'>Mark down their <b>objectively</b> rated performance.</span>,n./adj. ★目标 / 客观的<br>把客观评定下来的表现记下来。<br><i>2026年6月 第1套 · 仔细阅读 · Passage One（冒名顶替现象）</i><br>objective view 客观看法,B
"obtain<br><span style='font-size:14px'>Unfortunately, the relief they <b>obtain</b> is temporary, and the anxiety returns with greater force as the deadline approaches.</span>","v. ★获得,得到<br>不幸的是，他们得到的解脱是暂时的，随着截止日期临近，焦虑会以更大的力度回来。<br><i>2021年12月 第1套 · 选词填空 · Procrastination</i><br>obtain a degree 取得学位",B
"permanent<br><span style='font-size:14px'>Local businesses have offered to sponsor the late opening, and the librarian hopes that the arrangement will become <b>permanent</b>.</span>","adj. ★永久的,长期的<br>本地企业提出赞助夜间开放，馆长希望这个安排能长期保留下来。<br><i>2022年6月 第1套 · 听力 · News Report One</i><br>permanent job 固定工作",B
phenomenon<br><span style='font-size:14px'>People who systematically underestimate themselves and their own performance suffer from the so-called Impostor <b>Phenomenon</b>.</span>,"n. ★现象 / 非凡的人或事<br>那些习惯性地低估自己和自己表现的人，患有的是所谓的""冒名顶替现象""。<br><i>2026年6月 第1套 · 仔细阅读 · Passage One（冒名顶替现象）</i><br>natural phenomenon 自然现象",B
"possess<br><span style='font-size:14px'>Students who take part in community service say they gain more than they give: they learn to cooperate with people from different backgrounds, and they often discover abilities they did not know they <b>possessed</b>.</span>","v. ★拥有,具有 / 支配<br>参加社区服务的学生说，他们得到的比付出的更多：他们学会了与不同背景的人合作，还常常发现自己并不知道自身具备的能力。<br><i>2023年12月 第1套 · 选词填空 · Volunteering among Young People</i><br>be possessed of 拥有",B
"privacy<br><span style='font-size:14px'>There is also the question of <b>privacy</b>, since electronic records reveal a great deal about a person's habits.</span>","n. ★隐私,私生活 / 独处<br>还有隐私的问题，因为电子记录会透露一个人大量的生活习惯。<br><i>2021年6月 第1套 · 写作 · 范文</i><br>protect privacy 保护隐私",B
"prompt<br><span style='font-size:14px'>Studies suggest that even a brief pause, <b>prompted</b> by a simple question, reduces the number of false stories people forward.</span>","adj./v./n. ★迅速的 / 促使,推动 / 提示 / 提词<br>研究表明，哪怕只是由一个简单问题引发的短暂停顿，就能减少人们转发的假消息数量。<br><i>2021年6月 第1套 · 仔细阅读 · Passage One</i><br>prompt sb to do 促使某人做",B
"property<br><span style='font-size:14px'>Critics warn, however, that new parks can raise <b>property</b> prices and push poorer residents out of the neighbourhood they were meant to serve.</span>","n. ★财产,资产 / 性质,特性 / 房产<br>然而批评者提醒，新建公园会推高房价，把本该受益的较贫穷居民挤出这个街区。<br><i>2023年12月 第1套 · 仔细阅读 · Passage Two</i><br>intellectual property 知识产权",B
"prospect<br><span style='font-size:14px'>Graduates who selected a subject mainly because of its employment <b>prospects</b> are not necessarily happier in their work, and a substantial proportion of them leave the field within five years.</span>","n. ★前景,前途 / 可能性 / 景象 / 勘探<br>主要因为就业前景而选择专业的毕业生，工作时未必更开心，其中相当大一部分人在五年内就离开了这个领域。<br><i>2021年6月 第1套 · 仔细阅读 · Passage Two</i><br>job prospects 就业前景",B
"provided<br><span style='font-size:14px'>In my view, a part-time job is beneficial <b>provided</b> that it does not interfere with study.</span>","conj. ★假如,只要<br>在我看来，只要不耽误学习，兼职是有益的。<br><i>2023年3月 第1套 · 写作 · 范文</i><br>provided that 只要",B
purpose<br><span style='font-size:14px'>A sense of <b>purpose</b>.</span>,n. ★目的 / 意图 / 用途 / 决心<br>一种目标感。<br><i>2026年6月 第1套 · 听力 · Pets and Well-being</i><br>on purpose 故意,B
random<br><span style='font-size:14px'>The route is not <b>random</b>.</span>,"adj. ★随机的,任意的 / 胡乱的<br>这条路线不是随机的。<br><i>2022年12月 第1套 · 仔细阅读 · Passage One</i><br>at random 随机地",B
"recall<br><span style='font-size:14px'>Every summer, students sit in crowded halls and try to <b>recall</b>, in three hours, everything they were supposed to have learned in a semester.</span>","v./n. ★回忆,回想 / 召回 / 收回 / 记忆力<br>每年夏天，学生们挤在考场里，试图用三个小时回忆起一整个学期本该学会的所有东西。<br><i>2023年12月 第1套 · 仔细阅读 · Passage One</i><br>recall doing 回忆做过",B
"regardless<br><span style='font-size:14px'>Where buses are frequent, predictable and clean, people use them <b>regardless</b> of income; where services are irregular, even passengers who cannot afford a car will borrow money to avoid them.</span>","adv. ★不管怎样,不顾<br>在公交班次密集、准点、干净的地方，无论收入高低人们都会坐；在服务不稳定的地方，连买不起车的人也会借钱躲开公交。<br><i>2022年6月 第1套 · 仔细阅读 · Passage Two</i><br>regardless of 不管",B
reject<br><span style='font-size:14px'>Convenience follows closely behind: a route that requires two changes and a long walk is <b>rejected</b> even by commuters who describe themselves as environmentally conscious.</span>,"v./n. ★拒绝,抵制 / 排斥 / 废品<br>紧随其后的是便利性：一条要换乘两次再走很长一段路的线路，连自称有环保意识的上班族都会拒绝。<br><i>2022年6月 第1套 · 仔细阅读 · Passage Two</i><br>reject a proposal 拒绝提议",B
"relief<br><span style='font-size:14px'>Unfortunately, the <b>relief</b> they obtain is temporary, and the anxiety returns with greater force as the deadline approaches.</span>","n. ★减轻,缓解 / 救济 / 宽慰 / 换班<br>不幸的是，他们得到的解脱是暂时的，随着截止日期临近，焦虑会以更大的力度回来。<br><i>2021年12月 第1套 · 选词填空 · Procrastination</i><br>relief from 从…中解脱",B
"resemble<br><span style='font-size:14px'>For example, they should not be stood upright in a bowl of rice, because this <b>resembles</b> the incense burned for the dead, and it is considered unlucky.</span>","v. ★像,与…相似<br>比如，不能把筷子竖着插在饭碗里，因为这像为逝者所燃的香，被认为不吉利。<br><i>2021年6月 第1套 · 翻译 · 筷子与餐桌礼仪</i><br>resemble sb in 在…方面像某人",B
"restrict<br><span style='font-size:14px'>City authorities have begun to measure sound levels in the same way they measure air quality, and a few of them have introduced quiet zones where vehicles are <b>restricted</b>.</span>","v. ★限制,约束 / 限定<br>市政当局已经开始像测量空气质量那样测量噪音水平，其中一些还设立了限制车辆通行的安静区。<br><i>2021年6月 第1套 · 选词填空 · Noise in Cities</i><br>restrict to 局限于",B
"revise<br><span style='font-size:14px'>For example, use grammar-checking tools to <b>revise</b> essays, but do not rely on them to write completely, because critical thinking is irreplaceable.</span>","v. ★修订,修改 / 复习(英式)<br>例如，可以用语法检查工具来修改作文，但不要指望它替你从头写到尾，因为批判性思维是无可替代的。<br><i>2025年6月 第1套 · 写作 · 如何正确使用AI</i><br>revise the plan 修改计划",B
"scheme<br><span style='font-size:14px'>Bike-sharing <b>schemes</b>, in particular, expanded with extraordinary speed: companies placed millions of bicycles on the streets of cities that had no infrastructure for them, and for a while the pavements were blocked by machines nobody was using.</span>","n./v. ★计划,方案 / 阴谋,诡计 / 规划<br>共享单车计划尤其以惊人的速度扩张：企业把数以百万计的自行车投放到根本没有相应基础设施的城市街道上，有一阵子人行道被没人使用的车子堵死。<br><i>2023年12月 第1套 · 长篇阅读 · The Sharing Economy</i><br>pension scheme 养老金计划",B
"secure<br><span style='font-size:14px'>Every year, families argue about the same question: should a student choose the subject they love, or the one that leads to a <b>secure</b> job?</span>",adj./v. ★安全的 / 可靠的 / 获得 / 保护 / 担保 / 固定<br>每年，家家户户都在争论同一个问题：学生该选自己喜欢的专业，还是选好就业的那个？<br><i>2021年6月 第1套 · 仔细阅读 · Passage Two</i><br>secure a job 谋得工作,B
"sequence<br><span style='font-size:14px'>The explanation seems to lie in the brain: writing by hand requires a <b>sequence</b> of precise movements, and this physical effort creates a stronger memory than simply choosing a letter from a list.</span>","n. ★顺序,次序 / 连续 / 序列<br>解释似乎在大脑里：手写需要一连串精确的动作，这种身体上的付出比从列表里挑一个字母能形成更强的记忆。<br><i>2023年3月 第1套 · 选词填空 · The Value of Handwriting</i><br>in sequence 依次",B
sharply<br><span style='font-size:14px'>The rapid expansion of food delivery has created a large workforce whose conditions differ <b>sharply</b> from those of traditional employees.</span>,adv. ★急剧地 / 严厉地 / 尖锐地 / 鲜明地 / 突然地<br>外卖行业的迅速扩张造就了一支庞大的劳动队伍，他们的工作条件与传统雇员截然不同。<br><i>2021年6月 第1套 · 长篇阅读 · Gig Work and Delivery Riders</i><br>rise sharply 急剧上升,B
"simplify<br><span style='font-size:14px'>Forecasters have been slow to explain probability in ordinary language, and television presenters often <b>simplify</b> the information until the uncertainty disappears.</span>","v. ★简化,使简易<br>预报员一直不擅长用日常语言解释概率，电视主持人又常常把信息简化得连不确定性都消失了。<br><i>2023年3月 第1套 · 仔细阅读 · Passage Two</i><br>simplify the process 简化流程",B
"specify<br><span style='font-size:14px'>The government has promised to build more nurseries, though it has not yet <b>specified</b> how the programme will be financed.</span>","v. ★明确说明,具体指定<br>政府承诺会建更多托儿所，但尚未说明这个项目将如何筹资。<br><i>2022年12月 第1套 · 听力 · News Report One</i><br>specify that 明确规定",B
"sponsor<br><span style='font-size:14px'>Local businesses have offered to <b>sponsor</b> the late opening, and the librarian hopes that the arrangement will become permanent.</span>",n./v. ★赞助者 / 主办者 / 保证人 / 赞助 / 主办<br>本地企业提出赞助夜间开放，馆长希望这个安排能长期保留下来。<br><i>2022年6月 第1套 · 听力 · News Report One</i><br>sponsor an event 赞助活动,B
"straightforward<br><span style='font-size:14px'>The mechanism is <b>straightforward</b>: the body reacts to sudden sound as if it were a threat, and repeated activation of this response eventually damages the cardiovascular system.</span>","adj. ★简单的,易懂的 / 坦率的<br>机制并不复杂：身体把突然的声音当成威胁来反应，而这种反应被反复激活，最终会损害心血管系统。<br><i>2021年6月 第1套 · 选词填空 · Noise in Cities</i><br>a straightforward answer 直截了当的回答",B
"stroke<br><span style='font-size:14px'>It is not merely a way of writing characters but a form of artistic expression, in which the strength and rhythm of each <b>stroke</b> reveal the writer's mood and personality.</span>","n./v. ★中风 / 击打 / 划水 / 一笔,一画 / 抚摸 / 敲响 / 划(船) / 轻抚<br>它不仅仅是一种书写汉字的方式，更是一种艺术表达形式，每一笔的力度与节奏都透露出书写者的情绪与个性。<br><i>2023年6月 第1套 · 翻译 · 中国书法</i><br>have a stroke 中风",B
"submit<br><span style='font-size:14px'>Lecturers can help by dividing large projects into parts that must be <b>submitted</b> separately, which removes the possibility of leaving everything until the last week.</span>","v. ★提交,呈递 / 屈服,服从 / 认为,建议<br>任课教师可以帮忙把大项目拆成必须分次提交的部分，这样就没可能把一切都拖到最后一周。<br><i>2021年12月 第1套 · 选词填空 · Procrastination</i><br>submit an application 提交申请",B
substance<br><span style='font-size:14px'>Some people believe a juice diet helps to rid our body of harmful or poisonous <b>substances</b>.</span>,n. ★物质 / 实质 / 主旨 / 财物 / 实质内容<br>有些人相信，果汁饮食有助于清除我们体内的有害或有毒物质。<br><i>2025年6月 第1套 · 长篇阅读 · Is Juicing Actually Good for You（第2套）</i><br>a substance abuse 药物滥用,B
"substantial<br><span style='font-size:14px'>Graduates who selected a subject mainly because of its employment prospects are not necessarily happier in their work, and a <b>substantial</b> proportion of them leave the field within five years.</span>","adj. ★大量的,可观的 / 实质的 / 坚固的 / 富裕的<br>主要因为就业前景而选择专业的毕业生，工作时未必更开心，其中相当大一部分人在五年内就离开了这个领域。<br><i>2021年6月 第1套 · 仔细阅读 · Passage Two</i><br>substantial increase 大幅增长",B
"sustain<br><span style='font-size:14px'>Gift-giving is not merely a material offering, but also an expression of emotion and a vital bond that <b>sustains</b> interpersonal relationships.</span>","v. ★维持,保持 / 支撑 / 遭受 / 经受 / 供养<br>赠送礼物不只是一份物质上的馈赠，也是一种情感的表达，是维系人际关系的一条重要纽带。<br><i>2026年6月 第1套 · 翻译 · 礼尚往来</i><br>sustain growth 维持增长",B
tailor<br><span style='font-size:14px'>A thoughtfully selected gift <b>tailored</b> to the recipient's preferences can often deepen mutual affection.</span>,"n./v. ★裁缝 / 裁缝店 / 使适应,量身打造 / 定制 / 缝制 / 做裁缝<br>一份精心挑选、贴合受礼者喜好的礼物，往往能加深彼此的感情。<br><i>2026年6月 第1套 · 翻译 · 礼尚往来</i><br>tailor to 针对…定制",B
trigger<br><span style='font-size:14px'>We find that if pupils take part in Design Ventura in Year Nine it can be the <b>trigger</b> which leads them to opt for it at General Certificate of Secondary Education.</span>,"v./n. ★引发,引起,触发 / 扳机 / 起因 / 触发器<br>我们发现，如果学生在九年级参加 Design Ventura，这可能成为促使他们在中等教育普通证书阶段选修这门课的契机。<br><i>2025年6月 第1套 · 长篇阅读 · Getting Young Minds into Design</i><br>trigger a reaction 引发反应",B
tutor<br><span style='font-size:14px'>Along the way there is training and support for teachers and <b>tutoring</b> for students from designers.</span>,n./v. ★导师 / 家庭教师 / 辅导 / 当…的教师<br>在这个过程中，教师们会得到培训与支持，学生们也能得到设计师的辅导。<br><i>2025年6月 第1套 · 长篇阅读 · Getting Young Minds into Design</i><br>private tutor 私教,B
underestimate<br><span style='font-size:14px'>People who systematically <b>underestimate</b> themselves and their own performance suffer from the so-called Impostor Phenomenon.</span>,"v./n. ★低估,看轻 / 估计不足 / 低估 / 轻视 / 估计不足<br>那些习惯性地低估自己和自己表现的人，患有的是所谓的""冒名顶替现象""。<br><i>2026年6月 第1套 · 仔细阅读 · Passage One（冒名顶替现象）</i><br>underestimate the cost 低估成本",B
uneasy<br><span style='font-size:14px'>Environmental concerns play a part as well: customers who would not describe themselves as activists still feel <b>uneasy</b> about throwing away objects that others could use.</span>,"adj. ★不安的,担忧的 / 不自在的 / 不稳定的<br>环保顾虑也起了作用：那些不会自称环保人士的顾客，仍然对把别人还能用的东西扔掉感到不安。<br><i>2021年12月 第1套 · 长篇阅读 · Second-hand Markets</i><br>feel uneasy about 对…感到不安",B
"unfortunate<br><span style='font-size:14px'><b>Unfortunately</b>, the relief they obtain is temporary, and the anxiety returns with greater force as the deadline approaches.</span>","adj. ★不幸的,倒霉的 / 令人遗憾的 / 不恰当的<br>不幸的是，他们得到的解脱是暂时的，随着截止日期临近，焦虑会以更大的力度回来。<br><i>2021年12月 第1套 · 选词填空 · Procrastination</i><br>unfortunate event 不幸事件",B
universal<br><span style='font-size:14px'>Music is a <b>universal</b> language.</span>,"adj. ★普遍的,全体的 / 通用的 / 宇宙的 / 广泛适用的<br>音乐是一种通用的语言。<br><i>2026年6月 第1套 · 仔细阅读 · Passage Two（音乐）</i><br>universal access 普遍可及",B
"upright<br><span style='font-size:14px'>For example, they should not be stood <b>upright</b> in a bowl of rice, because this resembles the incense burned for the dead, and it is considered unlucky.</span>","adj./adv./n. ★直立的,竖直的 / 正直的,诚实的 / 垂直地 / 竖立着 / 笔直地 / 竖立物,直立柱 / 垂直状态<br>比如，不能把筷子竖着插在饭碗里，因为这像为逝者所燃的香，被认为不吉利。<br><i>2021年6月 第1套 · 翻译 · 筷子与餐桌礼仪</i><br>upright posture 直立姿势",B
"urban<br><span style='font-size:14px'>There is also evidence that green space reduces the temperature of dense <b>urban</b> areas during heat waves, and that trees filter pollutants from the air.</span>","adj. ★城市的,都市的 / 居住在城市的<br>也有证据表明，绿地能在热浪期间降低密集城区的温度，树木还能过滤空气中的污染物。<br><i>2023年12月 第1套 · 仔细阅读 · Passage Two</i><br>urban life 城市生活",B
utility<br><span style='font-size:14px'>Economists call this the transaction <b>utility</b>: the pleasure comes not from the object but from the bargain itself.</span>,"n./adj. ★功用,效用 / 实用 / 公用事业 / 实用程序 / 有用的 / 实用的 / 通用的<br>经济学家称之为交易效用：快感不来自商品本身，而来自""捡了便宜""这件事。<br><i>2021年12月 第1套 · 仔细阅读 · Passage One</i><br>public utility 公用事业",B
"verify<br><span style='font-size:14px'>Second, <b>verify</b> information sources.</span>","v. ★核实,查证 / 证实,证明<br>其次，核实信息来源。<br><i>2025年6月 第1套 · 写作 · 如何正确使用AI</i><br>verify the data 核实数据",B
virtue<br><span style='font-size:14px'>Supporters of the traditional exam reply that it has one <b>virtue</b> no alternative has matched: it is difficult to cheat when hundreds of students answer the same questions at the same time under supervision.</span>,"n. ★美德,德行 / 优点,长处 / 功效 / 贞操<br>传统考试的支持者反驳说，它有一个替代方案比不了的优点：几百人在同一时间、有人监考的情况下回答同样的问题，很难作弊。<br><i>2023年12月 第1套 · 仔细阅读 · Passage One</i><br>by virtue of 凭借,由于",B
"vital<br><span style='font-size:14px'>Gift-giving is not merely a material offering, but also an expression of emotion and a <b>vital</b> bond that sustains interpersonal relationships.</span>","adj. ★至关重要的,必不可少的 / 充满活力的 / 生死攸关的 / 致命的<br>赠送礼物不只是一份物质上的馈赠，也是一种情感的表达，是维系人际关系的一条重要纽带。<br><i>2026年6月 第1套 · 翻译 · 礼尚往来</i><br>be vital to 对…至关重要",B
"withdraw<br><span style='font-size:14px'>Those who cannot manage digital services tend to <b>withdraw</b> from activities they once enjoyed, and this isolation is associated with poorer health.</span>","v. ★撤退,撤离 / 撤回 / 取款 / 收回 / 退出 / 戒毒<br>那些应付不了数字服务的人往往会退出以前喜欢的活动，而这种孤立与健康状况变差有关。<br><i>2023年6月 第1套 · 长篇阅读 · The Digital Divide among Older People</i><br>withdraw money 取钱",B
worthwhile<br><span style='font-size:14px'>Whether the exchange is <b>worthwhile</b> depends on what stage of life a person has reached.</span>,"adj. ★值得做的,值得花时间的 / 有价值的 / 有用的 / 合算的 / 值得的 / 有益的 / 值得花时间的 / 值得努力的<br>这笔交换划不划算，取决于一个人处在人生的哪个阶段。<br><i>2022年6月 第1套 · 写作 · 范文</i><br>worthwhile effort 值得的努力",B
"commute<br><span style='font-size:14px'>They save the time they used to spend on <b>commuting</b>, and many of them say they can concentrate better at home.</span>","v./n. ★通勤,上下班往返 / 通勤路程 / 减刑 / 交换 / 通勤路程<br>他们省下了过去花在通勤上的时间，很多人说在家里注意力更集中。<br><i>2024年6月 第1套 · 长篇阅读 · Remote Work and City Life</i><br>daily commute 日常通勤",C
layout<br><span style='font-size:14px'>Anyone who has entered a supermarket for a litre of milk and left with a basket full of goods has experienced the most carefully studied <b>layout</b> in retail.</span>,"n. ★布局,安排 / 版面设计<br>任何一位为了一升牛奶走进超市、最后拎着满满一篮子商品出来的人，都体验过零售业里研究得最透彻的布局。<br><i>2022年12月 第1套 · 仔细阅读 · Passage One</i>",C
surplus<br><span style='font-size:14px'>A lot of research comes to the same conclusion that fruit juice does harm to the human body when it leads to <b>surplus</b> calories.</span>,"n./adj. ★过剩,盈余 / 剩余的,多余的<br>大量研究得出了同样的结论：当果汁导致热量过剩时，它会对人体造成伤害。<br><i>2025年6月 第1套 · 长篇阅读 · Is Juicing Actually Good for You（第2套）</i><br>trade surplus 贸易顺差",C
transaction<br><span style='font-size:14px'>Economists call this the <b>transaction</b> utility: the pleasure comes not from the object but from the bargain itself.</span>,"n. ★交易,业务 / 办理 / 处理 / 事务<br>经济学家称之为交易效用：快感不来自商品本身，而来自""捡了便宜""这件事。<br><i>2021年12月 第1套 · 仔细阅读 · Passage One</i><br>financial transaction 金融交易",C
"cite<br><span style='font-size:14px'>AI like ChatGPT may generate inaccurate data, so cross-check facts with academic databases before <b>citing</b>.</span>","v. ★引用,举例 / 传唤<br>像 ChatGPT 这样的人工智能可能生成不准确的数据，因此在引用之前要拿学术数据库交叉核对事实。<br><i>2025年6月 第1套 · 写作 · 如何正确使用AI</i><br>cite an example 举例",C
commuter<br><span style='font-size:14px'>Convenience follows closely behind: a route that requires two changes and a long walk is rejected even by <b>commuters</b> who describe themselves as environmentally conscious.</span>,"n./adj. ★通勤者,上下班往返的人 / 通勤的 / 市郊定期车票<br>紧随其后的是便利性：一条要换乘两次再走很长一段路的线路，连自称有环保意识的上班族都会拒绝。<br><i>2022年6月 第1套 · 仔细阅读 · Passage Two</i>",C
"deposit<br><span style='font-size:14px'>Several firms collapsed, leaving behind piles of damaged bicycles and angry customers who could not recover their <b>deposits</b>.</span>",n./v. ★存款 / 押金 / 沉积 / 存放<br>几家公司倒闭，留下一堆堆损坏的自行车和拿不回押金的愤怒用户。<br><i>2023年12月 第1套 · 长篇阅读 · The Sharing Economy</i>,C
"extraordinary<br><span style='font-size:14px'>Bike-sharing schemes, in particular, expanded with <b>extraordinary</b> speed: companies placed millions of bicycles on the streets of cities that had no infrastructure for them, and for a while the pavements were blocked by machines nobody was using.</span>","adj. ★非凡的,异常的<br>共享单车计划尤其以惊人的速度扩张：企业把数以百万计的自行车投放到根本没有相应基础设施的城市街道上，有一阵子人行道被没人使用的车子堵死。<br><i>2023年12月 第1套 · 长篇阅读 · The Sharing Economy</i>",C
"feasible<br><span style='font-size:14px'>It brings the business of design to life for students aged 13 to 16 by challenging them to develop a new creative, sustainable and commercially <b>feasible</b> product.</span>","adj. ★可行的,行得通的<br>它面向十三到十六岁的学生，要求他们开发一件新颖、可持续且商业上可行的产品，由此让设计这门生意变得触手可及。<br><i>2025年6月 第1套 · 长篇阅读 · Getting Young Minds into Design</i>",C
liable<br><span style='font-size:14px'>They are more <b>liable</b> to have depression.</span>,adj. ★有责任的 / 易于…的<br>他们更容易患上抑郁症。<br><i>2026年6月 第1套 · 仔细阅读 · Passage One（冒名顶替现象）</i><br>be liable to 易于;be liable for 对…负责,C
"prescribe<br><span style='font-size:14px'>Some clinics have begun to <b>prescribe</b> exercise alongside medication, and early reports suggest that patients who follow such advice recover slightly faster.</span>","v. ★开(药方) / 规定,指示<br>一些诊所已经开始在开药的同时""开""运动，早期报告显示，遵从这类建议的患者康复得略快一些。<br><i>2022年12月 第1套 · 听力 · Passage Two</i><br>prescribe medicine 开药",C
"prominent<br><span style='font-size:14px'>Critics reply that the layout is designed to defeat self-control, and several countries have discussed regulations requiring stores to place healthy food in <b>prominent</b> positions.</span>","adj. ★突出的,显著的 / 著名的<br>批评者则反驳说，这种布局就是设计来打败自制力的，一些国家已经在讨论立法，要求商店把健康食品放在显眼位置。<br><i>2022年12月 第1套 · 仔细阅读 · Passage One</i><br>prominent figure 知名人物",C
remedy<br><span style='font-size:14px'>Researchers have found that the most effective <b>remedy</b> is not a stricter schedule but a smaller first step: students who were asked merely to open the document and write one sentence frequently continued for an hour.</span>,"n./v. ★补救办法 / 治疗 / 纠正,补救<br>研究人员发现，最有效的补救办法不是更严格的日程，而是更小的第一步：那些只被要求打开文档写一句话的学生，往往会接着写上整整一个小时。<br><i>2021年12月 第1套 · 选词填空 · Procrastination</i><br>remedy the situation 扭转局面",C
render<br><span style='font-size:14px'>The claimed health benefits of fruit and vegetable juices have <b>rendered</b> the industry very profitable.</span>,"v. ★使成为,致使 / 给予 / 翻译 / 表演<br>果蔬汁宣称的那些健康功效，让这个行业变得非常赚钱。<br><i>2025年6月 第1套 · 长篇阅读 · Is Juicing Actually Good for You（第2套）</i><br>render sth useless 使…无用",C
"repetitive<br><span style='font-size:14px'>On the one hand, it saves us a great deal of time by handling <b>repetitive</b> tasks, and it helps doctors analyse medical images more accurately.</span>","adj. ★重复的,反复的 / 单调乏味的<br>一方面，它通过处理重复性任务为我们节省了大量时间，还能帮助医生更准确地分析医学影像。<br><i>2024年6月 第1套 · 写作 · 范文</i><br>repetitive task 重复性任务",C
"revenue<br><span style='font-size:14px'>Yet several museums have found that visitors who enter for free spend more in the shop and café, and that donations from satisfied visitors partly replace the lost ticket <b>revenue</b>.</span>","n. ★收入,收益 / 税收<br>不过几家博物馆发现，免费进来的访客在商店和咖啡馆消费更多，满意访客的捐赠也部分弥补了门票收入的损失。<br><i>2023年6月 第1套 · 仔细阅读 · Passage Two</i><br>tax revenue 税收",C
stubborn<br><span style='font-size:14px'>Yet behaviour has proved <b>stubborn</b>.</span>,"adj. ★固执的,顽固的 / 顽强的 / 难对付的<br>然而行为本身却十分顽固。<br><i>2024年6月 第1套 · 仔细阅读 · Passage One</i><br>stubborn person 固执的人",C
"supplement<br><span style='font-size:14px'>First, treat AI as a <b>supplement</b> rather than a substitute.</span>","n./v. ★补充物 / 增刊 / 附录 / 补充,增补<br>首先，把人工智能当作补充而不是替代品。<br><i>2025年6月 第1套 · 写作 · 如何正确使用AI</i><br>supplement to …的补充",C
validate<br><span style='font-size:14px'>Teachers like it because the skills are transferable and it helps to <b>validate</b> the value of design as a subject.</span>,"v. ★证实,确认 / 使生效,批准<br>老师们喜欢它，因为这些技能可以迁移，也有助于确认设计作为一门学科的价值。<br><i>2025年6月 第1套 · 长篇阅读 · Getting Young Minds into Design</i><br>validate the results 验证结果",C
